miRseqMature	TCGA-3X-AAV9-01A-72R-A41D-13	TCGA-3X-AAVA-01A-11R-A41D-13	TCGA-3X-AAVB-01A-31R-A41D-13	TCGA-3X-AAVC-01A-21R-A41D-13	TCGA-3X-AAVE-01A-11R-A41D-13	TCGA-4G-AAZO-01A-12R-A41D-13	TCGA-4G-AAZT-01A-11R-A41D-13	TCGA-W5-AA2G-01A-11R-A41D-13	TCGA-W5-AA2H-01A-31R-A41D-13	TCGA-W5-AA2I-01A-32R-A41D-13	TCGA-W5-AA2I-11A-11R-A41D-13	TCGA-W5-AA2O-01A-11R-A41D-13	TCGA-W5-AA2Q-01A-11R-A41D-13	TCGA-W5-AA2Q-11A-11R-A41D-13	TCGA-W5-AA2R-01A-11R-A41D-13	TCGA-W5-AA2R-11A-11R-A41D-13	TCGA-W5-AA2T-01A-12R-A41D-13	TCGA-W5-AA2U-01A-11R-A41D-13	TCGA-W5-AA2U-11A-11R-A41D-13	TCGA-W5-AA2W-01A-11R-A41D-13	TCGA-W5-AA2X-01A-11R-A41D-13	TCGA-W5-AA2X-11A-11R-A41D-13	TCGA-W5-AA2Z-01A-11R-A41D-13	TCGA-W5-AA30-01A-31R-A41D-13	TCGA-W5-AA30-11A-11R-A41D-13	TCGA-W5-AA31-01A-11R-A41D-13	TCGA-W5-AA31-11A-11R-A41D-13	TCGA-W5-AA33-01A-11R-A41D-13	TCGA-W5-AA34-01A-11R-A41D-13	TCGA-W5-AA34-11A-11R-A41D-13	TCGA-W5-AA36-01A-11R-A41D-13	TCGA-W5-AA38-01A-11R-A41D-13	TCGA-W5-AA39-01A-11R-A41D-13	TCGA-W6-AA0S-01A-11R-A41D-13	TCGA-WD-A7RX-01A-12R-A41D-13	TCGA-YR-A95A-01A-12R-A41D-13	TCGA-ZD-A8I3-01A-11R-A41D-13	TCGA-ZH-A8Y1-01A-11R-A41D-13	TCGA-ZH-A8Y2-01A-11R-A41D-13	TCGA-ZH-A8Y4-01A-11R-A41D-13	TCGA-ZH-A8Y5-01A-11R-A41D-13	TCGA-ZH-A8Y6-01A-11R-A41D-13	TCGA-ZH-A8Y8-01A-51R-A41D-13	TCGA-ZU-A8S4-01A-11R-A41D-13	TCGA-ZU-A8S4-11A-11R-A41D-13
hsa-let-7a-5p|MIMAT0000062	14.2508092561125	14.5720730078567	14.8170285830681	14.281577251191	14.6399920974682	13.8776444298026	14.6220177500304	14.0031345088807	15.0784826320961	14.5129597399198	14.2687987592587	14.2624613962897	15.2675706502472	14.8389090472685	14.6765249144863	14.4733135942991	14.5972172824572	13.8427276001892	14.4951358024746	14.9501772117564	14.8224629723695	14.4895437940542	14.6380412155383	14.3389151751631	14.4408631556338	13.9727184939228	14.2134775618036	14.9549487465154	14.4937805830438	13.976198130507	14.7796714085353	14.5585491101043	14.3246230175858	14.5866562089332	14.4270032405292	14.7258668583799	13.9706163576435	14.7974985480336	14.3728073282397	13.8574279777322	15.0169168745142	14.3972448524886	14.0980148314793	14.9749213836976	14.7895208299404
hsa-let-7a-3p|MIMAT0004481	4.58989570800041	4.96174712806298	5.35438917882394	4.9008180331984	5.01199322376979	4.83384299173531	5.2719094192598	4.68307236776992	5.41520551838259	4.36970593579956	5.22351873926964	4.12305222524042	6.23067307333577	4.81046850245803	5.5147527095643	4.41865527362901	4.33625874756544	4.24567887832367	5.21566011632704	4.31672487678799	4.95088534502381	5.95249266877907	4.64156764623107	6.00330057934596	5.09245829770528	4.12561341390192	4.56180005205964	5.50883595354161	4.39018333577745	5.1563331049032	5.67102465399892	4.54504736895396	5.39942337245775	4.84773329006532	5.53108144233478	4.11307810269092	5.00887376627706	5.37333970050352	4.86659898682074	4.09862091933386	5.29743370441016	4.59896862400904	3.45803336323149	4.97480479321094	4.72611819260254
hsa-let-7a-2-3p|MIMAT0010195	1.82436094965601	2.26130754880872	2.77907687634843	-2.08786829552582	3.07822673874018	2.01366413365673	3.05652040907758	2.25011298295793	2.58231561409783	2.51504503726989	3.92095598726882	1.69009298355737	2.66507595280987	2.46254500273069	3.67479303876949	3.15306515715044	-0.214914868325411	2.92375085948606	2.45236032530606	0.817492283505972	2.64422385703322	3.17719897566641	3.42475618217489	3.44592384231376	2.47470573646796	1.68082887427781	2.99351622718716	3.89412626784992	-0.0855502843929778	3.78018461901796	2.16006276870028	0.309830433470243	3.01336506444561	2.44055759487275	3.10786995204681	2.87206988949948	3.28898172500606	2.02587643892748	1.65158629365715	1.03561124210889	3.33111672681978	2.78538168690441	0.0611430006128543	5.95294541703308	2.58382448696051
hsa-let-7b-5p|MIMAT0000063	12.8811116283417	12.8089804767182	14.2097592711327	13.6765643060714	14.4246127080669	13.8512425470413	14.1795456455266	13.2658995204471	14.2379020445852	13.7477259581949	13.4279576978314	13.4020177884459	15.6667796517687	13.7980370496023	13.5115692847153	13.4038675075375	13.9609719213499	12.5463996741024	13.6527751254934	14.4614956941407	14.8191825531325	13.6174825152524	13.3344872848908	13.3265510717526	13.6148303851978	12.7542261212039	13.1328030049428	14.5787287115119	13.3235424659298	13.0253833412208	13.5397660264065	13.921412859045	13.2611845895355	13.1899173557409	13.1899585434233	14.2160632011795	13.8160754070274	14.9799948381143	14.5892488615436	13.1299010999607	15.3071907258258	12.0644646315315	12.8420927392395	14.4911862046484	13.5595850243999
hsa-let-7b-3p|MIMAT0004482	2.56132662529587	3.46775838615329	4.24374500627869	3.93450102720703	4.75860891249757	3.64302068516863	4.44066382947083	3.76948697983971	4.38967032967766	3.16274337388871	4.79542513982006	3.76048209854341	5.97541601747398	4.07636249829115	4.16021988207788	3.95602830020163	4.32940507380355	3.98515146356408	4.48983505438087	3.8852366873632	4.35049279169551	4.56422212223055	3.60762030329832	4.44592390850768	4.776596157979	3.21134338329282	4.52785273031717	5.05063068098082	3.72180474700982	4.65186057943093	4.20736837414382	3.72486840557317	4.62002253492861	3.50195854925383	3.81836344641508	3.69804063120238	4.39791608716637	4.89800170623698	5.10475871219007	3.39818138014026	5.04345864371965	2.20041929081442	2.64610550133401	4.57773389179094	4.36582374258163
hsa-let-7c-5p|MIMAT0000064	10.7159422358336	9.4200140894065	10.5595180872385	7.75605431742015	10.1337873806021	8.57351894097195	10.6632234811298	10.652698566078	11.209393262847	9.9001886090924	12.2370111754782	9.78812483480848	10.5062942828524	12.5246731140354	10.7055705021919	12.5169668854264	8.54293751597261	9.79919984705519	12.7414692854839	8.90086916820376	9.65780382095942	12.2351906777782	10.8397557566829	10.1244440942458	12.406818718482	9.72035672083364	12.1726532240048	11.0296217160359	10.3782296979534	12.0027483685171	9.79910193731906	8.77879425333357	10.4600723147253	9.63038254329482	10.6815171887334	10.9222896807807	9.68533469833279	11.0956138947227	9.99270770880616	9.33121625555577	9.32555732563229	9.78538171633192	9.45446188842496	10.512913551138	12.5952903282663
hsa-let-7d-5p|MIMAT0000065	5.74083767233001	7.09614300126673	6.64301522861194	7.40398635113396	7.12374148658497	6.03880348129662	7.81231315958736	6.86285846500926	8.32714926180467	6.84775315566179	6.91493218210612	7.08241017214023	7.68121560963555	6.90799901308881	7.31170761476651	6.46266248771473	7.60951299088564	7.23149625074558	6.63488548042756	7.05663162462438	7.83716566693035	7.01591806520339	6.45131712541271	7.18370906496165	6.92733762109594	6.67581028681443	6.63139031866075	7.38597926067623	7.03339096454148	6.78018465839624	7.9536118830853	7.01948910790055	6.75360565937401	6.8942759477765	6.75172619537189	7.4294466635452	7.17688925634689	7.12991352237127	7.05855024347619	6.41808093195431	7.88712172272267	5.69518390662202	5.75973189111359	6.91670190463697	6.69997814836435
hsa-let-7d-3p|MIMAT0004484	6.6487894521685	8.49603265527182	7.89261055873518	8.99561258629713	8.61539544713186	6.82584120271071	8.30058172127042	8.51564972149895	8.47257970378768	7.08490081297463	8.46527648172199	8.01921634628857	9.08191565191405	7.93680422799282	8.51676614761315	8.53142918563854	8.12888714894844	8.35438531731105	8.34653998953323	7.52962225781458	8.82465668460034	8.21710218653405	7.41865097324144	8.54395606346013	8.7613830555932	8.28156724725605	8.51707824625258	7.85798557816445	8.05400126343126	8.7734543195549	9.04596246247989	7.8360040365429	8.64801100233801	8.40483606036309	7.82211551433823	7.6342254911514	8.25136746857508	7.79595034397823	9.02331084419614	7.23528364439504	8.81008865913525	6.35201239482438	6.08794298784582	8.1804419629386	8.23610102852249
hsa-let-7e-5p|MIMAT0000066	10.0752910333232	10.3128300123954	9.95958268568435	10.5122784785741	9.2841766908657	9.28716812464956	9.91175831845473	10.4497851524367	9.6095303064989	10.1196602170525	8.82142029181971	8.98838448125307	9.85410973286746	9.21297303903197	9.48780457885536	8.42978354224273	10.5407139948119	10.2747862040826	8.82098177434408	9.35754562683628	10.0460017804345	9.14682530626205	9.96600995789484	9.80627229017333	8.93074152373751	10.7326415008113	8.32535985592377	9.1173234525417	10.776699813415	8.4067480667159	10.7384983599679	10.2525897055287	8.5326437809585	9.8395804303831	9.8990328889543	10.5265432861445	9.98560842488566	10.1821401360878	9.74660624089344	9.29971873591314	10.2899595292835	9.61980488377736	9.98872339478322	9.99800684523837	9.18083226119457
hsa-let-7e-3p|MIMAT0004485	3.0259949348073	2.56086777424486	2.86314118079329	3.49709573848886	2.65080590965605	2.59862675346917	3.84630264898467	3.59114967733417	3.22617170751626	2.22286451756244	2.59902803525125	0.95312738939116	3.60618221162985	2.77570313696509	2.27886467161117	2.72775951703826	2.65955379292439	2.82645371118912	3.15862915626187	1.28697870378548	2.71822461155628	2.41535900410972	3.14604028404868	3.15641732808709	3.26058109203345	2.97033518466721	2.52785254269838	3.26336002743336	3.37388161257752	2.4735232807839	3.06052681846533	1.63175852835761	2.55393328946859	2.7749767714066	3.00599041965924	2.58256371021239	3.78648135987654	3.75768041940044	3.1661591450501	2.13514705641177	3.89371138614042	1.32594991132034	1.79810859477906	2.50448488710496	2.35555562304454
hsa-let-7f-5p|MIMAT0000067	12.7201634914014	12.9615469404512	12.614432416767	12.3245046307308	12.0685853922798	11.571187422893	12.537224930515	11.8161668454911	13.1602162582407	12.4900572205682	12.1364080718145	12.423955472728	12.2181291636692	12.7508520080946	12.631256312609	12.5048502060541	12.4584672515519	11.8552593189508	12.3357272346204	12.5114481064988	12.6264670982254	12.4045371984838	12.6395020732086	12.0947717734309	12.168553214981	12.4079924798764	12.1185288740136	12.4057964846844	13.0510405761603	11.9537289127454	12.6341066593221	12.6028713625292	11.7059011891018	12.9557007238591	12.6381433134142	12.5701826833701	11.6813833703059	12.0028496363573	11.9158610784467	11.7252349470718	12.0662953132349	11.2458065869534	12.4497163809483	12.3769674377607	12.9538472504913
hsa-let-7f-1-3p|MIMAT0004486	-0.497567552599651	0.368223010657875	0.305146388612056	1.49709573848886	1.3777867643707	-1.40137181743624	1.17387705625095	0.343222463165788	2.66977854036843	0.308593868584276	1.01406601076263	0.368164888670004	1.72165920122435	0.877582502009534	0.838291867881227	0.768401162751768	1.00747755301104	1.57011363024722	1.0117875832932	1.20451574369594	0.396295420499791	1.35122859293226	0.674734520675253	0.793846786395593	0.424080404957019	0.318258987742286	1.13553486976119	1.30916396119755	-1.08554875356105	1.39552076878263	1.8381345124139	0.309831597344626	1.8758614334913	0.724349915450281	0.970367030738356	0.412637384098295	0.786481778082287	1.02587714745194	0.718700489515688	-0.186782352161127	1.70106637752824	NA	-0.523819500108302	1.9195223863838	1.13316301378056
hsa-let-7f-2-3p|MIMAT0004487	-0.760601958433444	-1.43912855827956	-1.2798161121091	0.719488378867101	-0.207174626027748	-0.986336223617162	-1.82612038597639	NA	0.167278275412797	-2.39184177250756	-0.985933274888856	-0.631835111329996	0.343148540305022	0.740078742691123	0.0309377527305064	-1.40152426217045	-0.384839869767723	-0.277883762181341	0.78939540044931	-0.561019503472705	-0.0187406172204049	0.47675909803205	-2.78470161683252	-2.0135089678146	-0.798313450060558	-0.167168302266051	-0.864465130238811	0.63109217252617	0.499412726605667	-0.189441731938525	-0.746828795302606	1.04679695873603	NA	-1.08300369677848	-0.351562168625255	-0.587361532079246	-2.38344656900942	0.540449895167064	0.259268870878391	-0.186780710054391	-2.6912523763913	-2.2590120139294	-1.26078440285988	-0.495515875625051	-1.18876573885335
hsa-miR-15a-5p|MIMAT0000068	7.00094975834753	7.48122046994097	7.32133479982761	8.0669513683397	7.00227797437888	7.12740606625259	7.24935640249087	7.3848813623215	8.40249439318024	8.09649689708733	7.3934437535831	7.6945941459739	7.81725932120434	8.25499042644103	7.11308590827329	7.43294734302234	7.33796708178683	6.64336297788562	8.04835398189925	7.10431642419732	7.47578129036478	7.76984765326134	6.3290451251847	7.6048778536068	7.56509204516704	6.8529780187451	7.58468394351948	7.54756841905862	7.89458947815864	7.35230028432852	7.43059169602824	7.22670553825161	7.45177877895206	7.63467244316587	7.72124092140464	6.56998529319309	7.14988616015884	7.30863395603484	6.46139244912895	6.69382276666821	7.37483822219484	8.25767254413823	7.17245253181143	7.40937038183017	7.88805050376354
hsa-miR-15a-3p|MIMAT0004488	NA	NA	NA	-1.08786829552582	NA	NA	-0.826122943749046	-1.65677639958902	NA	NA	NA	-0.631835111329996	-1.97878182919197	-1.58185107969957	NA	-2.40152045085577	-3.38483986976772	-2.5998118570687	NA	-2.88294334151746	NA	NA	-2.78470161683252	NA	-1.38327344184067	NA	NA	NA	NA	NA	NA	NA	NA	NA	NA	NA	-2.38344656900942	NA	-2.74073112912161	-2.77174649499089	-2.6912523763913	NA	-3.84574344651288	NA	-2.77372823957451
hsa-miR-16-5p|MIMAT0000069	7.51179503280583	8.28963845536149	7.64697321077876	9.57835726604713	9.31883472425258	8.66829992193353	8.7178756931219	8.86187536689312	10.2342640352826	8.92810893227362	8.50792082689817	9.57761802395118	9.34371125604637	8.90095902584295	9.80695855799848	8.27178536653429	9.03564616851813	8.80000096647174	8.88127153475731	8.90862231977083	8.9305993880362	8.93414012457347	7.74765887980786	8.99981503576648	8.78602351523362	8.00075133009654	8.54067675905235	9.71961502566225	9.24760525816174	8.71243083017511	9.18317022775906	9.06304761960794	8.71632465295466	8.20586209154949	9.07155429255344	8.74019101584968	8.94859296649321	8.54607416646492	8.3520257689545	8.46427056447077	8.8918318064249	8.8754139192307	7.71315134077479	8.5901786738727	8.47419992296107
hsa-miR-16-1-3p|MIMAT0004489	-0.275175131263203	1.36822301065787	0.942576059014515	2.43569526048961	2.11475280266609	1.10112695389096	1.56619460082851	2.15057722275972	3.48920611335006	1.41550936371897	2.82142042257108	2.53808964172273	1.82857471758716	3.00311376034852	2.11839992946933	1.92040459498065	1.70262252824764	2.04404503236397	2.78939540044931	2.16144658549609	1.5662213963147	2.47675935720861	0.0226575658747713	1.98649212438558	1.93865314768259	1.31825840919464	2.77939147980205	2.55709119885916	1.82134041327105	2.92603548548141	2.50109973750345	1.53222368614563	3.01336506444561	1.23892439810888	1.23340094569392	1.50010143667956	2.14011800538256	1.80348454898441	0.844231371599547	1.81321846889248	1.76818051288041	1.20041897692088	0.961607030741285	2.44308437560298	2.35555534115323
hsa-miR-17-5p|MIMAT0000070	7.54226588240328	8.91401442403286	7.66855028273128	9.23575103037311	8.37684755472575	7.40383284333261	7.94371509032181	8.48788045684843	8.88381161743672	8.65254874027341	8.91493218210612	9.27655728147329	8.31698866144554	9.1900531486446	8.31864922402554	9.1525854493632	8.42653425348106	7.72774165137591	9.40471853404185	7.76900101633185	10.3366101087943	9.01785585531988	7.33424404221931	8.66597246364217	9.24380265915531	8.35403925998901	9.07364462438627	8.04387329988697	8.45457795055516	9.20359117755071	9.17352502450934	7.37412454219001	8.71884024610485	9.04305513622862	8.11706242120477	8.02089319130626	7.43513859287999	8.23114606259383	8.04472109864227	8.56476292993572	8.64469760903775	6.93574446339215	7.67928370367427	8.20492465413899	8.71812550422443
hsa-miR-17-3p|MIMAT0000071	7.3614499718057	7.87941040990739	7.36524099452698	8.9856054123778	8.17544864203467	7.14165821485414	8.3512967886134	7.80674658192588	9.00332827906207	8.29246492879085	9.07476130836525	8.50259097818032	8.59486691052878	9.44881820560414	8.25975553478369	9.43294734093509	8.11948200270012	7.68327735929722	9.24060654328567	8.3803216072081	9.61727936453612	9.27550102868496	6.8152158117751	7.22966634215879	9.01172333140234	8.42752927615957	9.42209306248682	8.00439197247575	8.106742731572	9.37343670451563	8.86880180759104	7.71497231546414	8.69604037503483	7.8238866186723	7.72658919253963	8.14480579291166	7.03229817509658	7.9206942141434	8.16239730598366	8.49504291272845	8.14558839455583	6.68643143024083	7.65060684187439	8.17691026895775	9.10623848928517
hsa-miR-18a-5p|MIMAT0000072	1.96186443637247	2.60526200473907	1.7201830121458	4.66702073993117	2.25225668979435	2.10112729014867	2.45927947186511	2.15057722275972	3.66977820028738	3.85608225398672	3.76895285149198	3.06860443484908	2.54478161030651	2.58807584119076	2.83829186788123	2.45645739008106	3.07459123511993	2.75774100079074	2.37435790117047	2.02394299724845	5.12421690918483	2.35122831019422	1.46323008251262	3.47834542297445	2.82617809293984	3.48818334635387	2.59496672718608	3.47908863919187	2.55830608908166	2.22559576734032	2.89702836286648	1.30983043347024	3.30882085532602	3.16492349495287	3.14029145948939	2.50010118166261	3.5234470376839	3.30598452483188	2.61682087549648	2.72010922871166	2.73501367849483	0.910912987512908	2.56364358517077	2.9195223863838	2.13316268490732
hsa-miR-18a-3p|MIMAT0002891	-1.08253005332081	-2.43912855827956	-0.057424691624243	1.23406163931357	-0.207174626027748	-0.401371817436244	-0.826120385976391	-0.656776399589015	0.167279560162622	-0.584490095447407	-0.985933274888856	-0.631835111329996	0.828573905226628	-0.581848920320729	-0.969062247269494	-1.40152045085577	-1.06291177488036	-1.01484935634755	-0.795568769720598	-1.29798438816427	1.39629651666892	-1.10820132927794	-2.78470161683252	0.308419127072761	-1.38327344184067	0.0958663735566498	0.135534869761189	-1.69083778542248	-1.08555181522653	-0.189441731938525	-0.16186629458145	-0.690169566529757	1.87586182657399	-2.08300675304763	0.455793542344042	-2.58735936443677	0.423910503823685	-0.459548120965694	0.581196965765753	-0.771744031828681	-0.36932428150394	-2.2590120139294	-1.52381535162552	0.726876545711397	-1.77372823957451
hsa-miR-19a-5p|MIMAT0004490	NA	NA	NA	NA	NA	NA	NA	NA	NA	NA	NA	-0.631835111329996	-1.97878182919197	NA	NA	-1.40152045085577	NA	NA	NA	-2.88294334151746	-1.60370457950021	NA	NA	NA	-2.38327344184067	NA	-1.86446513023881	NA	NA	NA	NA	NA	NA	-2.08300675304763	NA	-2.58735936443677	NA	NA	NA	NA	NA	NA	NA	NA	NA
hsa-miR-19a-3p|MIMAT0000073	4.96186448266432	5.66415540928507	4.56984886561416	4.55598942754242	3.6508056799341	4.77521529859786	3.71303622489737	3.98707842549137	4.93986741895286	5.08388804277769	4.56865423928489	5.25080774858216	3.92811037759874	4.91799693097169	4.13946139090749	4.7684013215567	4.08276516946818	3.46627811658824	5.14694748650387	3.57648416539707	5.37357638797032	4.78661450000792	4.69103633808173	5.6799792841441	4.76647198147899	4.48818334635387	4.62738837468294	4.39662649422098	4.43801180477992	4.66853926318905	4.23045205047767	3.6075114160981	3.98019799274998	5.56085218736962	5.20302723137403	3.29528148054286	3.95640640778616	3.87673302768205	4.19000597131577	4.08623730304507	3.68378840213424	4.28014642590677	4.66995225462305	4.00698518276768	4.67748349241886
hsa-miR-19b-1-5p|MIMAT0004491	1.61791013486062	3.05272088687444	2.62707378290338	3.49709573848885	3.07822690955909	2.40598147137029	3.30316029243375	3.0981097547282	3.44029659261225	3.00047186444013	3.96826174506174	3.45562759841998	3.66507595280987	4.07636249829115	3.70336220868658	4.19838924797977	3.20012216001627	2.48765175586318	4.43325159022404	3.8312980206596	4.30318711227743	3.84599297458205	1.46323008251262	2.23441977195895	4.15588366966261	3.26579092501742	3.99351631776174	3.11651846739343	2.9144499069611	4.22559584445613	4.27553991162836	2.89479332214963	2.8758614334913	2.87119231784069	2.55532879514211	2.41263846792075	2.3169957548785	2.97340922896655	3.19000589227392	3.85761301121775	3.14163894556089	1.06291539039223	2.24171542927623	3.59194768348884	3.60131178612172
hsa-miR-19b-3p|MIMAT0000074	6.62827686163703	7.45416913876403	6.59465216489272	7.40398635113396	6.4366807976244	6.96931380480148	6.61474641155465	6.44651001931603	7.77953211761415	6.9535598600658	6.87825152078081	7.33394894978146	7.29501530418993	7.2557790104907	6.93782743048241	7.20950110049879	6.38664901348613	5.74891715563834	8.05618196824564	6.30440447849124	7.88413653522499	7.5046652375959	6.60332023864184	7.41903424763947	7.45119587689226	6.93296812343178	7.00590002712181	6.98864375681966	6.79403316348051	7.1294776542908	7.18686282012257	5.9196252082318	6.22635868442918	7.33906078426162	7.17395919245828	6.03469021035424	6.37477963594011	6.66767017035432	6.17813184914399	6.52057802917816	6.70535380110586	5.6236306550361	6.3329171987409	6.45479780617799	6.84098224634697
hsa-miR-19b-2-5p|MIMAT0004492	NA	NA	NA	NA	NA	NA	NA	NA	NA	NA	NA	NA	NA	NA	NA	NA	NA	NA	NA	NA	NA	NA	NA	NA	NA	NA	NA	NA	NA	NA	NA	NA	NA	NA	NA	NA	NA	NA	NA	NA	NA	NA	NA	NA	NA
hsa-miR-20a-5p|MIMAT0000075	7.75194148523765	9.27038225937099	7.78177927347926	8.64514857927296	7.97148946624233	7.42940567021574	7.64656808449187	8.2516148342425	9.04072203181395	8.89586700293094	8.56095983270237	9.28553673696729	8.2821392570268	9.68873840832691	8.46868890877553	9.21272602353982	8.34902227472037	7.77087641506316	9.82327723281354	8.02619545562078	10.0849839382311	8.86764470224115	7.46085566710586	8.056613298817	9.13537797194058	8.23967420610587	9.01205224665188	8.17489694812229	8.56370608948269	9.0537322949704	8.71771791794293	7.31170815054239	7.94625075319347	9.12401034673197	8.4207529494305	8.15410535303012	7.34447686823215	8.10726476352596	7.75212325014283	8.95234383551659	8.14716511415202	7.00073086673964	8.33540460291205	8.33737494141337	8.90531259373305
hsa-miR-20a-3p|MIMAT0004493	1.00493278792953	1.56086801874352	1.8356601622007	2.7194881598253	1.96274963519952	2.22311729650862	1.26134004795863	1.34322246316579	2.48920611335006	0.695618841784531	3.26199288505199	1.69009298355737	2.77610714725593	2.84441598503559	2.20086212657862	2.84640405365601	1.42251451407597	0.722117112391042	3.66386444248146	0.438981560739124	3.88814958863929	2.93619090516139	1.67473406878884	2.30842058333948	3.76647187546736	1.83283169773395	2.52785254269838	2.63109170676107	2.23637781049438	2.54752386222768	2.89702836286648	0.309830433470243	3.76338671485674	2.16492333409672	2.17200034767344	1.11307835280369	1.61655625388277	2.34780481722467	1.50719638432198	1.22825596817132	1.00918805851806	1.44142717300731	0.241715734312092	1.9195223863838	2.18046838907686
hsa-miR-21-5p|MIMAT0000076	18.9864330107038	18.8090847345572	18.9660142599153	17.6208366081454	18.5041277703066	19.0752094483411	18.3366852725351	18.8122747212951	17.9200919217556	19.1355345014812	15.9826196726136	19.0148921076579	18.3955025289734	16.905755613566	18.2637851698656	16.2101783471835	18.6168065505123	18.8442282267346	16.014414536159	18.9835989869809	18.6837631651266	17.329536618387	19.0989452507379	18.554296216937	16.5153143923505	19.0040204633139	16.3895166279257	18.2928949178667	19.0470180447497	15.8338145320855	18.3243516803876	18.8914691243262	17.9590830933826	18.9881598245863	18.7068172951879	18.8937533954278	18.8561846631116	18.8790976522804	18.9803861758138	19.2816622808894	18.7899636199162	16.9468882097313	19.4094643626835	18.9194075399892	16.4838651269077
hsa-miR-21-3p|MIMAT0004494	9.62331877493262	9.43277284464293	10.1483687281127	10.4069888477606	10.7510148008942	10.6367451892872	10.9362592827082	10.828045105853	9.7597349632021	9.17515999159211	9.10417779472198	10.5987855920162	10.0292981306643	9.01620356590941	9.75289045758246	11.2620343983537	10.2098340589456	11.7702633602088	9.85996365341616	11.1018268674634	10.6773571819588	10.0670343870249	9.84260884868948	10.3639740471831	9.54598322404772	11.0113718175468	10.0817105391647	10.7869219442956	10.5848848701805	9.22206930197312	10.8261091928642	10.4635939816276	9.98229349390761	10.0756057120136	10.4254881692456	9.80388196050631	11.3194866205463	11.2723625753266	10.9309202577757	11.2525303366552	10.4942439631211	8.19322884203231	9.39370171562198	11.0831721029633	10.4508770933887
hsa-miR-22-5p|MIMAT0004495	4.71188630847722	4.91841967748543	5.16864359986812	4.68031754847772	4.04075227381655	4.84021238958527	4.9682931299882	4.61000872324161	4.75224040141504	5.28763467043926	6.20388993357861	4.53808964172273	4.94008291195716	4.67553888003119	4.60079246921698	4.88387854304856	4.65407854652117	4.76651120524731	3.95932049463872	4.48337468038346	4.82256124587872	5.38364983186807	4.76989188832003	5.20566088185751	4.84554349239694	4.79630562440922	6.48868212902019	5.34258670940856	5.03339097555467	5.74129565956329	5.63687645396828	5.29472395762466	5.44875105897006	4.93936378711361	4.74647046522986	4.7701903668001	5.92489542947073	4.14925895896918	4.06662353463856	4.72010950239606	4.19139201539217	4.3848438305625	3.63806815909268	5.78370858014086	6.24308069570035
hsa-miR-22-3p|MIMAT0000077	16.5212742379304	16.9381480383385	16.5637933713732	16.3456494276064	16.0974299473204	15.6849457856605	16.3722167617785	16.4842166957254	16.1645603312273	16.2049867869929	18.2520525152856	16.087352912369	16.2106196231354	17.7852490247333	16.574504917539	18.0271216895026	15.8032895640783	16.504135003041	17.2122650502111	16.0772127548335	16.0083586839606	17.7912244695311	16.2341089657067	16.2372857688317	17.4600509147673	16.7408346296189	18.1618034188627	16.7469320033113	16.5758731368492	18.2826607591624	16.8687946228051	16.4857474591698	18.355002210952	16.9301932814736	16.287015705665	16.636595279466	16.9159835794299	15.7924903831025	15.920173299546	15.9781487102692	15.9508536331299	16.8991411458313	16.0101123856593	17.137021072976	18.2351106463664
hsa-miR-23a-5p|MIMAT0004496	-0.275175131263203	1.36822356951178	0.305146388612056	0.719489255033964	1.69971552545179	-1.40137181743624	1.56619460082851	2.25011298295793	0.5823151323163	-0.221920977544828	NA	0.368164888670004	1.48065134031592	-1.58185107969957	2.55449872646604	0.405831204361296	0.0745917488695741	2.82645350780023	1.66386467013342	1.28697752132804	-1.60370457950021	0.21372552156308	-0.784699131452008	0.986491760318942	-0.383273441840673	-0.489094777220727	1.94289016705642	2.70148096811459	1.23637750432781	-0.189441731938525	1.25317180994395	0.724868514686396	0.875861826573987	2.82388628757672	0.81836303734976	0.582562746814851	2.26041263185011	1.54044989516706	-1.74073112912161	1.39818124329806	1.00918805851806	0.5483429081282	-1.26078440285988	0.726877417402803	-0.451800144687148
hsa-miR-23a-3p|MIMAT0000078	11.3804199650115	12.0901761311118	11.9175533486135	11.4819888692998	12.5693604578208	11.1326049602725	11.9497961085971	12.0751775850151	11.4938946615993	11.7570283655748	10.3263811178254	11.8316890311869	13.1939206790053	10.9014630203481	12.8083462812458	10.3835200077291	12.3378870514404	11.8932313399914	11.1410708704587	11.2700501759868	11.2656975736637	11.4207391507787	12.1218647908524	12.4340922192501	11.1842056146175	12.3338226663635	10.5353472568189	12.2741362179898	12.4919377492374	10.4806243825955	12.4827420676118	12.3044200140464	11.2513353263401	12.9314960392279	11.8635162953965	11.5485079455912	12.7694353945705	12.3813848560231	12.3299346711339	11.6419504068541	12.6492250786149	11.3181803647199	11.390378682691	12.4727317151078	10.7025123169349
hsa-miR-24-1-5p|MIMAT0000079	3.6723579014741	4.78968642888093	4.31512970411317	2.43569526048961	4.69971524787111	3.5835198059209	4.58326826321186	3.59114967733417	2.97463301393462	3.55066910089638	5.53762740776404	4.32236105483067	3.99849962876722	4.53709207472734	4.44032782500318	4.74822344782026	2.82461308856423	3.18154849250865	4.71222757661801	2.73176259325297	2.78861346966101	5.43095560907175	3.7388648777422	4.6729929166658	4.74600780092501	2.68082842429627	4.96842529866225	4.21605436273728	2.49941247146695	5.24796358036877	5.28659516723689	4.2326629822224	3.01336506444561	4.08692079528609	4.54325619796814	3.36683484823163	4.07598778697796	3.1958015978197	3.52605541157329	1.68768736288495	4.54715365881257	6.30323002664408	2.26277710227459	2.96391629772502	4.44544087683253
hsa-miR-24-3p|MIMAT0000080	10.1226527594722	10.2304170622542	10.4235098959747	10.2466858925973	10.6550745152235	10.0527542958739	11.0995243955953	10.2197391580849	9.91267214189807	10.5875798132527	10.1212824484269	10.4241248931665	10.9243483976811	10.1978704200829	10.8104510200726	9.78056022751477	10.7365311795033	10.6663899218357	9.72456048245291	9.6384074670945	10.62601660557	10.4696975735784	10.2792035803482	10.4728246117862	9.70683723595148	10.3841551981059	9.70349137257181	10.7312284456028	10.8706445406028	9.75989869305885	10.8194640999062	10.6013853098858	10.1686431624132	10.8939180950912	10.0410241412236	10.5306060736184	10.7963100376837	11.3546314978364	9.95362651076615	9.93259234311402	11.3795408522809	11.2456824663231	10.0239425732263	10.7549807458406	10.1050896934423
hsa-miR-24-2-5p|MIMAT0004497	4.53218016490815	4.43123241650816	5.19050313787781	3.2696852049884	4.07822699496853	4.28978851357605	5.06869501300405	3.76948708563001	4.28275514693835	4.63052237117708	1.82142042257108	4.45562753266979	5.04358755856661	3.14607141201357	4.40597629939637	2.64287043466057	4.40957552140254	4.37746876053632	2.8482892230587	2.76090859141466	4.01100624893017	4.0003212343858	4.79273179158703	5.55634795882102	3.57092116894146	3.79630578017208	2.3054598712035	5.02340910736054	4.27200190691201	2.39552076878263	4.06052707785661	3.95368708879483	3.5983273269348	4.99381151540918	4.63712302545238	4.21999323514663	5.32391555254563	4.9120084606779	3.91748006720135	3.67119971882969	4.88617786641707	3.23284077548221	3.4116403290399	4.60602286173101	3.08425326587369
hsa-miR-25-5p|MIMAT0004498	NA	-2.43912855827956	NA	NA	NA	-2.98633050724543	NA	-1.65677639958902	-0.417682940558534	-3.39184934417964	NA	0.368164888670004	NA	NA	NA	-2.40152045085577	-2.38483986976772	-2.5998118570687	NA	-2.88294334151746	-1.60370457950021	NA	NA	-2.0135089678146	NA	NA	NA	NA	-2.08555181522653	NA	-1.74682879530261	NA	NA	NA	NA	-1.58736369972498	NA	-1.78147919165494	-0.740731129121609	-2.77174649499089	-1.6912523763913	NA	-3.84574344651288	NA	NA
hsa-miR-25-3p|MIMAT0000081	12.7094472561096	12.6518896854252	12.4571486480467	12.7783013620461	12.6471573410565	12.1194905713014	13.0096809432912	12.1358091806213	13.3363677889979	12.9981891926182	12.064764313752	13.7826517078245	12.6796543757765	11.9165016738002	12.4935030146763	11.9954154874906	13.4385392339718	12.804166327848	12.0650349802454	11.7568452962533	13.4493739020915	12.1034569302289	12.1669974849609	13.5207040381424	12.1978665379891	11.8380349144295	12.2395606609906	13.4991040313187	13.0924533245212	11.8178192338577	12.7957808851764	12.0282210314289	12.4364808470614	12.6051916892847	13.0308597666206	12.2636553381409	12.4310888173151	12.6779211171535	12.9787644036682	11.7173516893271	12.7802655001675	11.5841235095141	11.8942174985277	12.0479195912383	11.6545017102311
hsa-miR-26a-5p|MIMAT0000082	11.1668061421025	10.8816681466822	10.9610737430493	10.7358985374373	11.0121444179201	11.2546787612304	11.7009265568371	9.95655126525922	12.8088781387952	11.2775933608615	10.774785318814	10.9993417153262	11.9055810603999	11.5868231842099	11.6117842395112	11.1901155105068	11.1110770233588	10.8714831837815	11.7936158988723	10.9470723677688	9.95376021317505	11.2802177037103	11.5414515322805	11.4283990642232	11.5211712791364	10.4121473875594	10.6173347294077	11.7833766157809	11.3031399391419	10.7363599792338	11.0314546775734	10.7837056945315	9.44039201748793	10.8431066689494	11.4765748658833	11.2850246833401	10.8054542901661	11.2224785678657	10.597308558136	9.96486970415943	11.6146682777057	11.1929713762981	10.8877973504371	10.4960067756378	11.1745483771498
hsa-miR-26a-1-3p|MIMAT0004499	-1.08253005332081	0.145830030467308	-0.057424691624243	1.81902393559573	-0.207174626027748	-0.178980484933638	1.26134064978784	-0.071815415194987	NA	-0.0699182206186741	1.33599367704072	0.368164888670004	1.72165920122435	-0.996887139392162	-1.96906224726949	-0.0795938804930711	-0.799877369046567	-0.0148478987272028	0.789394565725176	0.117052667692963	-1.60370457950021	0.47675909803205	0.674734520675253	0.793846786395593	0.201687804410508	0.0958663735566501	0.720497370482345	0.63109217252617	0.236378728993734	-0.774404232659682	0.575100267979121	-2.27512973950309	0.138895708297502	0.238923786855569	-0.0296337055790493	-1.58736369972498	0.938483784192134	1.466449104895	-0.155768628400453	-1.77174156867068	0.308748788356951	0.325950486791752	-2.84574344651288	-0.0804783763462067	0.39619785811189
hsa-miR-26b-5p|MIMAT0000083	8.51598824597612	9.20020830707263	9.41599132449774	8.9849357965143	8.81727174322809	9.7287678978383	10.0800162363822	8.68418497226058	10.2476513390451	9.19874166834695	10.070703086651	8.58975178151624	10.4057336838507	9.98705721854399	9.40543298575104	9.95657799990805	9.28979321805836	8.69135971473159	10.0674576413372	8.05000529927819	9.30543955773848	9.9183201779919	9.56126256840372	10.2041471949317	10.3412386674767	8.00075131319876	9.76625746094469	9.9498605166902	9.13664105591027	9.53450361420247	8.74402305050502	8.15218120794875	9.34101964335682	9.31092270287803	10.156233021536	8.43153399189016	9.23402387909876	9.69602683448806	8.98079509216634	7.84204583662096	9.42606746734501	9.3245405295143	8.55005421788877	8.53790792939896	9.87418048497247
hsa-miR-26b-3p|MIMAT0004500	1.96186443637247	3.95318495252491	3.26450340326312	5.2250162026954	5.04075209850242	3.85915417528092	5.03806338752399	4.25011283132516	5.69083989631749	2.96570672329182	5.79542511384374	3.95312710995287	6.06013867362425	5.01060803862797	4.92575466166644	5.34666913695803	4.96388772973981	4.40018903116887	5.65564405925899	3.80355294948747	4.73614650602059	5.65334798263372	3.91574268970002	5.00886018946011	6.05551665375628	3.83283139399637	5.38346279794109	5.20398142606356	4.48430553342033	5.538478753665	4.89702841128618	4.02864906397356	5.07749527757039	3.40884905996605	4.71452754384876	3.45703265296539	5.08416191560546	5.07650248756556	5.17215796703107	3.51365862913916	4.65747714981308	4.35569747785639	2.56364334114204	4.12897573139843	5.10278933674783
hsa-miR-27a-5p|MIMAT0004501	1.16539810333583	1.80879524908338	3.51026001662961	2.55598936621071	1.37778731953216	2.50551750786605	3.92876465314682	1.92818458480501	1.9042436126289	1.00047240527375	-0.985933274888856	1.69009253645608	2.92811028282337	1.3250415313293	3.5227900959471	1.59847621424444	3.59243957531984	4.33092634072932	2.95932040189162	3.36497997109469	0.981258652000456	1.69915181557028	2.344585944805	2.15641700447235	0.424080404957019	2.68082842429627	2.04242581559149	4.84832247807225	4.06419702916091	1.22559576734032	2.71260370369323	2.30983101540755	-0.44606744756177	3.96139014473759	3.04075569243783	1.6605658672778	3.93848453696275	4.99330861529431	-0.740731129121609	2.27265061001818	2.55667636310305	3.02638985079662	2.36370571457263	4.12897581385571	1.87012873949604
hsa-miR-27a-3p|MIMAT0000084	9.76902429123917	10.1836058139851	10.8308838504554	10.1016489889047	10.6525535075144	10.6302127321228	11.0625253722871	9.72205892484139	10.1151583327042	10.4735012660796	8.2971537297017	10.3339489430749	11.3573078050672	9.19951078093474	10.9001450905771	8.29544382428181	10.7952240982693	10.4617289710211	9.02939167430826	9.96332631530209	10.3073139224734	9.6780663611518	10.8991748402978	10.914825666197	9.22590355192919	10.7682911944098	8.50404175646249	11.1729627810871	10.9406275088509	7.93640224226626	10.3172412518942	10.616652064457	9.67999243620764	10.9603651420356	10.451156676891	10.1762657217709	11.414724420035	11.4207984223189	10.1261611532819	10.4492392247922	10.8639372923536	9.31652684598925	9.70114680700447	11.1616544868118	8.90399204957341
hsa-miR-28-5p|MIMAT0000085	5.7847491574357	6.67721156851835	5.95858781526689	7.45709768903034	6.23576810408127	5.89018086889804	7.07926426130361	6.81895563857134	7.3504997576542	6.62356967328086	7.08015457216694	6.51791178777266	6.6024202968548	7.84126697252619	6.50667029519267	7.54099078542962	6.80991640602864	6.81593076914745	7.75325483047593	6.42993538035034	7.19719640184256	7.58354025688253	5.87708107121914	6.64470384143763	7.46221487466232	6.05779779852043	7.25965662407488	6.70576847459903	7.64915952269506	7.37025405377125	6.77673413441178	6.97279586733154	6.87134592402741	6.94766315312612	6.53108144233478	6.86796559559095	6.46830545416272	6.90677183287359	6.28717460882096	6.00304342142816	7.09501866531155	6.92833968022991	6.05963934080889	6.87080712754554	7.6335401640115
hsa-miR-28-3p|MIMAT0004502	11.5497840986655	11.3232496348949	11.2015620584746	12.4780683381936	11.3059353318429	11.0074868252559	11.604917728531	11.5607255888667	12.120989374306	10.9785695907168	11.9029988348196	11.6673726759663	10.9947377259967	11.7447209960065	10.7713500726748	11.9826529476165	10.8432266449017	11.737671544138	12.1203123116159	10.737844975872	11.8863952690762	11.9890881944565	10.8489793805487	11.9717116985932	12.2169281175617	10.7365626906814	11.8514972890744	11.4366744417059	11.670172065805	11.9952270696048	11.4730969383006	11.0869491616484	11.8954521421572	11.5905259530125	11.4809328638607	10.8590755472597	11.2925134501702	11.3163890515181	11.4228396864121	10.7827253164232	11.6885335160334	11.3767057184739	10.0120390001064	11.8414563200277	11.5578192117556
hsa-miR-29a-5p|MIMAT0004503	1.72482530520283	2.91842020226304	2.52753780909691	3.49709573848885	3.83721888770024	2.10112729014867	3.6816720056312	4.17611225786206	4.33720299135499	2.89355675759633	2.71450512445471	2.69009298355737	3.48065134031592	2.91000403205046	3.70336220868658	3.32639698342115	2.16974866127186	3.37746862171533	3.78939540044931	3.0477896345262	2.71822439232252	3.21372489953951	2.34458566076213	2.98649212438558	3.1085781491249	2.68082864928705	2.13553519809412	3.26335987718654	3.19985197372139	3.43504913296927	2.7767340028365	3.1511333911893	2.80186078998182	3.34326084469575	3.04075586775153	2.87206988949948	2.66095028769911	2.30598481657726	4.07944766261917	2.87211245352523	2.86333766481646	2.13330508000858	2.4761804998917	3.75241238716732	2.7181252952529
hsa-miR-29a-3p|MIMAT0000086	12.8870817981423	12.3696809795468	12.4494851459643	12.8385682547634	12.8880567860274	13.5110011857639	13.6086357633184	12.968988121688	14.5163517726755	12.1425791020206	12.2055873086112	13.2388183502905	12.7474378805912	13.2225342148068	13.591090520397	12.5310140275391	11.376866599169	13.0415916630021	13.3749057284403	13.42163545597	12.5269475116669	13.4563928296895	12.1166412957131	12.5145190698003	13.0125266848951	11.6827838071255	12.2467524935538	13.3287978401862	12.8035260228673	12.2947098741957	12.860675873272	13.4469020505486	11.9596066508187	12.7469169225713	12.9810694007496	13.2381437834872	12.3008119317841	12.6706018496389	12.4335701696785	12.9032209931574	12.533202995666	11.3422941243466	12.2555714991806	12.9561682751123	12.5096502016025
hsa-miR-30a-5p|MIMAT0000087	14.4094644129262	15.7436547332435	14.15843344777	15.6195463202874	16.9560787178234	16.8260778147799	16.427039160596	16.2144476573964	14.1298124857867	15.1279405845813	14.7640656974129	15.5746067299176	15.425105528054	14.4745876879484	16.6565957469461	14.3748065067853	14.4839941627309	15.9727042133178	14.5792856323562	15.6978887631956	13.9668638040092	14.6570310272228	14.5720472210914	14.8695174291268	14.4841845543716	12.4324189022613	14.5828284297612	15.3326473280028	14.868862083499	14.6830247892444	16.1975754013928	15.405406452555	13.8873332908639	15.62151437934	16.3421431193998	15.3139943717754	15.2766985901174	13.5949691442086	15.499677994919	15.713138257661	15.0739898097003	15.0258749414851	13.9359834427038	14.2739784464555	14.4738383909353
hsa-miR-30a-3p|MIMAT0000088	12.1129579917682	13.0118532684538	11.6145587479408	13.1100410285936	14.566324450283	13.5070033708149	13.8779024393506	14.0088357141803	11.9391800034195	11.996979158988	13.1225081496088	12.8092932799293	13.3614871102759	12.6089788634674	14.3303953046123	12.8143505124045	12.0784923383692	13.3732585152642	12.8472743703911	13.1725043185476	11.9259710771359	12.9890881935693	11.71999784041	12.6642120018475	12.9991799756138	10.4028768727335	13.1613237206348	13.0848768286765	12.1841610332966	13.2715687233298	13.8280021847985	12.6762441529314	11.9293800804059	12.6742818543864	13.788768903709	12.5237332764565	13.1736610763951	10.9283592303334	13.3836121090369	13.2483682130418	12.5968581080257	12.7870884438911	10.5876421778737	12.3648606547166	12.5947106661238
hsa-miR-31-5p|MIMAT0000089	1.56132613645392	0.145831334459915	5.63506648076017	0.234061025996487	0.114753468859615	-2.98633050724543	-2.82612038597639	-1.65677639958902	2.48920585639991	-2.39184934417964	NA	NA	-1.97878182919197	-1.58185107969957	-1.96906224726949	NA	NA	-0.599811857068703	-0.795568769720598	-1.88294334151746	4.011006159447	-0.52324090196795	0.800265026187113	0.308419127072761	-0.383273441840673	-1.48909477722073	NA	1.30916337899111	NA	NA	-1.74682879530261	NA	NA	2.61743555116778	-2.35156032783198	-0.587361532079246	-1.3834428051544	-1.19651503770976	NA	0.228257199750845	-2.6912523763913	NA	-1.84574344651288	5.70088211377628	NA
hsa-miR-31-3p|MIMAT0004504	1.91747032858698	-0.43913051426538	5.7276776802814	-0.0878682955258233	0.792825373972252	-1.98633622361716	NA	NA	2.28275559165968	-2.39184934417964	NA	-0.631835111329996	0.0212195924394686	-0.581846760945118	-0.969062247269494	NA	-3.38483986976772	-1.5998118570687	NA	NA	3.5662213963147	-2.10820132927794	0.67473361690229	0.571454503751197	-0.383273441840673	-1.48909477722073	NA	1.11651846739343	NA	NA	0.253171204697394	NA	NA	2.08692028590817	0.233400945693921	NA	NA	-2.78147423198854	NA	0.0356112421088946	NA	NA	-3.84574344651288	5.46641686666528	-2.77372823957451
hsa-miR-32-5p|MIMAT0000090	3.82436094965601	4.5832354631432	4.37362538414139	5.98359564022413	4.21908935403069	4.99094383598711	5.19624510538169	4.47250512269065	6.57100012257291	4.28057993209702	5.03643321934207	5.84389811869202	5.40492399557938	5.21256692657553	5.19080822053223	4.85586420328673	5.24815475798016	4.00010179657735	5.15862919665174	4.11705241826825	5.78000073694024	5.67969928804973	3.83001279226401	4.91722970664893	5.13242466897623	5.61419114617854	5.17992938709894	5.50883598522631	6.07432125578275	4.35487878428528	6.30845460495237	4.73609562124199	5.25437310210073	4.60349644466239	5.29229453657182	4.04199497852338	3.88334300232276	4.62791250302108	4.37820973547735	3.82816908968585	4.37483820481054	5.46890808232143	3.64610527086239	4.70088205830502	5.09663707029428
hsa-miR-32-3p|MIMAT0004505	-0.760601958433444	-0.854168665540085	-1.864780364321	0.719488378867101	-1.20717462602775	-0.66440469890404	0.173878335137848	0.343222463165788	1.16727891778785	-0.806884319563372	0.0140667251111436	NA	0.343148540305022	0.00311430019265659	0.352865847617869	-0.0795954050193465	-0.214914868325411	-0.0148493563475472	0.204432482366147	-0.882946002042619	1.20365159532204	-0.52324090196795	-1.19973580227163	0.793846786395593	0.938653147682588	1.2113430717671	-0.279502629517654	0.631091240995828	1.2363781166609	-1.77440423265968	0.253172415190249	-1.27512973950308	0.138895708297502	-1.08300675304763	-0.0296337055790494	-1.00239975390631	-1.38344656900942	-1.19651503770976	0.581196965765754	-1.77174156867068	-1.6912523763913	-0.259012013929404	-2.26078094579172	-0.495515875625051	-0.773728239574511
hsa-miR-33a-5p|MIMAT0000091	0.617909664820285	4.21907912869536	3.32504527424535	5.07200462815772	4.30061928209014	2.94440120765692	5.11051521449136	4.51314721188682	6.06613117873227	3.82732324161476	5.80848122711964	5.12305218384215	5.63592955260616	4.21256692657553	4.31633910261609	4.48111936857903	3.85356427074981	4.60964233585846	5.12329620598819	3.70201483584782	5.37357642276933	5.87479032771603	2.07328383483638	6.06864138471675	5.67742077023608	4.06549226495751	5.08973160380344	5.68420307689041	3.8917297606016	5.34453687557039	5.39272351862251	3.74723624713893	4.92897276521492	2.37642764401643	5.34887808051414	3.88837182582049	4.98287861069875	4.35807289941865	4.35730067228843	3.0862373879816	5.40150616393293	2.95044097842082	2.19864627293921	3.70088211377628	3.95419286653009
hsa-miR-33a-3p|MIMAT0004506	-0.497567552599651	0.145831334459915	-1.2798161121091	0.497096249586333	-0.207174626027748	-0.401369911978998	-1.24115788525523	1.15057722275972	1.90424399805404	-0.806884319563372	2.33599396278025	1.36816488867	1.92811028282337	1.50561353986299	0.615899312060255	1.68593925166556	0.937087471620105	-0.599811857068703	2.20443279538766	-0.297984388164272	1.39629651666892	2.89179692128158	-0.784699131452008	1.68693209457274	2.3171645393417	1.41779419845511	2.04242581559149	0.631091240995828	-2.08555181522653	2.4735232807839	2.06052681846533	0.309830433470243	1.55393304379184	-1.08300369677848	-0.351562168625255	-0.587361532079246	-0.0615154630372535	-0.781479191654943	-0.740731129121609	-0.186780710054391	1.30874878835695	0.062916080957958	-1.26078440285988	0.726876545711397	1.39619730998995
hsa-miR-92a-1-5p|MIMAT0004507	0.376901565316491	1.56086752974615	0.305145220951799	0.912133237767699	-0.207174626027748	1.47309591469123	1.69743934593074	0.343222463165788	3.16727795422516	-1.06991822061867	1.01406601076263	1.36816488867	0.0212195924394686	-0.259920393557986	1.03093704668701	0.768401162751768	0.200122630953433	0.400189236146693	1.52636082767073	0.924407779788416	0.981258652000456	-0.108202884336035	0.0226575658747713	1.15641732808709	0.616724676453955	0.318258987742287	-0.279502629517654	0.894126267849917	-1.08555181522653	0.225595767340318	1.71260370369323	-1.27512973950308	NA	-0.0830036967784822	1.34887825751353	-0.265434737778932	-0.0615154630372535	1.30598510832258	-0.155768628400453	1.03561194586858	0.768180089335727	0.325950486791752	-0.260786131397068	1.37895379700386	0.39619785811189
hsa-miR-92a-3p|MIMAT0000092	12.533444843242	13.8271417244839	12.586818049817	14.311361109421	13.3058427771804	13.018520748083	12.6031532027451	13.254895070226	13.8437492717542	12.7511590943522	14.3214085051642	13.8121442004789	13.8518834681001	14.0733183871273	13.5394125372078	14.2760583081848	13.0751834215168	12.7853773508348	14.3996897811887	13.3140578687131	15.0368521490069	13.9883266003229	12.3509721825419	13.1658183470558	14.3943268884517	13.353499231308	14.2571902234013	13.2263958830472	13.5959079625021	14.4960371533918	13.5378155598407	11.8822942521041	13.3701670091903	13.7090237052531	13.2320206909352	12.7909670976043	12.92628144154	13.1338874244896	13.1094066166991	13.4306672084562	13.9994018413213	11.907386088655	12.0202755165547	12.9251908334232	13.6461667721674
hsa-miR-92a-2-5p|MIMAT0004508	NA	NA	NA	0.497096249586333	NA	NA	NA	NA	NA	NA	NA	NA	NA	NA	NA	NA	NA	NA	NA	NA	NA	NA	NA	NA	NA	NA	NA	NA	NA	NA	NA	NA	NA	NA	-2.35156032783198	NA	NA	NA	NA	NA	NA	NA	NA	NA	NA
hsa-miR-93-5p|MIMAT0000093	11.3761333685844	12.1403603233471	12.1232838671345	12.5388689736002	12.1436947536874	10.141013432434	12.0439047523585	11.9082052504107	12.2011597233051	12.513377076419	11.2177192561496	13.0076184262263	11.4980924725818	11.5500080282594	11.4306153093253	11.1993184086989	12.6179745691019	11.8252081707995	11.3950292757749	10.4876035983259	13.5188009997537	11.5267212014776	11.0817125887059	12.5077247185765	11.2088314117443	11.3483341821873	11.5593077864388	12.1307383795967	12.1755898897092	11.345023323885	12.2375016138503	11.4202054167396	12.1133104084866	12.2966451465542	11.7484436051005	11.2438466337796	11.3393639487465	12.0993485948766	11.9672747544093	11.1745230151792	11.8323722523887	11.6750469935981	10.9114339781974	11.508002841443	11.2209794078294
hsa-miR-93-3p|MIMAT0004509	1.30978736945795	2.36822273123084	2.80764631702596	3.26968535457793	3.31638675073057	2.01366449093054	3.44066376303513	2.665150330604	2.48920611335006	2.77807944310368	2.71450534425438	2.95312701680676	2.9754159486854	2.1730385018658	2.27886437432962	1.50536760387741	3.25901571720741	2.722116893748	2.52636082767073	1.50937002712577	4.2291864346785	2.59223623570534	1.60762006659593	4.27189452061359	2.74600785468805	2.5109034509778	2.04242546536971	3.47908863919187	2.7724310802459	1.92603548548141	3.42309714763424	2.30983101540755	4.87586138435595	2.67188346579985	3.14029145948939	2.11307835280369	2.57075241250139	2.91896128951286	3.63430818604334	1.4761836112549	2.59415103708453	3.02638985079662	1.3637059948759	2.87371852454136	1.98115962800375
hsa-miR-95-3p|MIMAT0000094	1.37690156531649	1.56086752974615	2.22268340418941	0.234061025996487	3.34741351693336	1.53722647805484	1.81773334833667	2.86678417199547	1.9042436126289	1.93008291513229	1.59902827336754	1.36816488867	2.82857451449707	2.00311322050418	3.42325423411786	-0.401524262170451	3.95500948194449	3.28283208168878	1.52636082767073	0.702015611835728	3.82256109292493	0.47675909803205	2.42475631651948	4.72795927070381	1.93865277134132	-0.167168302266051	1.72049737048235	1.11651846739343	3.64237025682113	0.225595767340318	1.8381345124139	0.894792934191399	1.36128831681621	4.87119226854607	2.97036647850034	0.58256371021239	-0.798481559050491	1.80348413567846	2.066623792936	3.20553639994228	3.03666948466024	3.38484389961907	2.89571946894733	3.16744993997106	2.03362738721153
hsa-miR-96-5p|MIMAT0000095	2.5898957679075	5.16078045259265	2.91658020902666	2.9121332377677	4.23576810408127	4.56055838911493	5.03806338752399	4.91307782010557	1.58231561409783	5.53296711664244	0.0140667251111436	5.34544456378033	4.85410973130866	-0.581851079699572	3.58552576316479	-0.401524262170451	5.08276512689758	3.66697547869202	-0.21060459955069	4.17233485314431	6.06163243925394	2.13972421988146	3.30276575657907	5.01991532324154	NA	4.44164076779359	-0.864465130238811	4.86375255274042	5.31532928776193	-1.77440423265968	5.566055104014	5.55775834508149	4.04578647860947	5.22077678059022	4.77772137426089	3.67942492416199	3.47453754103335	4.89800165784993	4.62559085135199	3.73605106852073	5.00918873048798	4.74098760841751	4.13724594690427	2.50448514134821	-0.188765738853355
hsa-miR-96-3p|MIMAT0004510	NA	NA	NA	NA	NA	NA	NA	-1.65677639958902	NA	NA	NA	-0.631835111329996	NA	NA	-1.96906224726949	NA	-3.38483986976772	NA	NA	NA	-1.60370457950021	NA	NA	NA	NA	-2.48909477722073	NA	NA	-2.08555181522653	NA	NA	NA	NA	NA	NA	-2.58735936443677	NA	NA	NA	-1.18678071005439	NA	NA	-3.84574344651288	NA	NA
hsa-miR-98-5p|MIMAT0000096	5.15109011065678	5.26130739834799	5.01786366468847	6.96470130300964	6.00227797437888	3.7279093484907	5.86037778209629	5.8589220715149	6.43406448240626	5.17801020939593	5.20389003143463	4.53808970382013	5.0546426916462	5.38393534706634	5.58552573312037	5.19093338727839	6.23721139508244	5.44458309048331	5.34398425212695	4.40245464778967	6.36784002258042	5.32642492082797	4.83001279226401	5.58640519552178	5.11657078185669	5.49389694063359	5.26481829946754	5.79297942296449	6.60095045086458	5.09596052910673	5.86050248684137	5.85415140693053	5.29540032867875	5.29203543998857	5.18759717690687	5.3255277411901	5.32391551652791	5.92588067607132	6.35730070748224	5.17662356873135	5.33665501252121	3.3556974073905	5.01843855856095	5.39525584306019	5.61858979984165
hsa-miR-99a-5p|MIMAT0000097	9.15318552795184	8.639018406239	9.08905323838371	5.8369457981621	8.61539545081046	7.16086883238852	9.24801869932895	8.89108071473033	9.77399156786125	8.7699163617816	10.906228680323	7.87199039880423	9.26558355765149	11.3376662011924	10.0199764767864	11.2684685736166	6.71713523897079	8.97430944706349	11.448499394896	7.47789947772673	7.71370912699752	11.0366142789636	9.62495908236999	9.15202749732695	11.0281033897639	7.85297802498521	10.9612891317383	9.72648879511838	8.97717067815183	11.1828792669894	8.13122308479118	7.03548113963527	8.96544430525909	8.29745708629943	9.22255881518142	9.61261737464099	8.05949990655868	9.28259059990284	8.3904825309103	7.71810434313402	7.89933608149426	8.48918045022806	8.4742066653869	8.63462643146509	11.4358019313187
hsa-miR-99a-3p|MIMAT0004511	0.617909664820285	0.145831334459915	0.720183012145796	-1.08786522894041	-0.207174626027748	-0.178980484933638	1.56619460082851	0.928184584805013	0.582316095879204	0.415509904552593	2.01406601076263	0.95312738939116	1.60618209316062	2.84441598503559	1.35286471794811	3.18343903257543	-1.38483986976772	1.20754368968351	3.24882701908661	-2.88294334151746	-0.603704579500209	3.17719897566641	0.0226575658747713	1.44592370992591	2.78664988697476	0.0958663735566498	2.94289016705642	1.30916396119755	-1.08555181522653	2.54752386222768	-0.16186629458145	-0.690169566529757	-1.44606548214831	-1.08300369677848	1.23340094569392	0.734566996336871	0.423911579210234	0.803484135678464	-0.740731129121609	0.0356112421088946	-1.6912523763913	0.5483429081282	-0.0383914876560477	0.241450938908977	2.87012854217212
hsa-miR-100-5p|MIMAT0000098	13.263430031802	12.4227783869432	12.670830073884	9.55914189581178	12.4591041045477	10.8998367597777	13.1086047366358	11.8857704738811	13.5696682670812	12.6195566115027	13.6356021757204	10.8961303004242	12.8023744921909	13.5313031107876	13.97301601547	13.8130420650352	9.9681685007845	12.6956351119841	13.1558087235121	11.5252494399448	11.6224076122845	13.7210239545367	13.0345590087882	12.4502082969467	12.8381231275513	11.1668812153407	13.3967487507892	14.3167823083724	9.8179552230292	13.6121319604343	11.6537848102336	10.7603548129393	12.453290241204	12.0219223322776	12.6806563386926	13.3155316003623	12.3857227476337	11.9078097582132	12.1177353598258	10.6584475440547	12.9925112794763	11.8908140895087	11.6878862568185	13.8924797849233	13.4736436808195
hsa-miR-100-3p|MIMAT0004512	-2.08253005332081	NA	-2.86477510985516	NA	-2.20717462602775	-1.98633050724543	-1.82612038597639	-0.0718154151949872	0.167279560162622	-1.80688179567268	0.599028273367538	-0.631835111329996	-0.393817432962541	-1.58184676094512	-0.969062247269494	-2.40152045085577	-3.38483986976772	-2.5998118570687	NA	NA	NA	-2.10820132927794	-2.78470161683252	-0.0135075115478828	-0.798313450060558	NA	-1.86446513023881	-0.105873732150083	NA	-0.774404232659682	-1.74682879530261	NA	0.138897018572841	NA	NA	-2.58735936443677	-0.798481559050491	NA	NA	NA	-2.6912523763913	-2.2590120139294	-3.84574344651288	1.50448463286167	-0.188765738853355
hsa-miR-101-5p|MIMAT0004513	2.046753312797	2.80879524908338	2.94257568369519	2.8663293997714	3.25225623557143	2.01366413365673	3.88812289059394	2.04366191886555	4.62670954366358	1.7374384321067	3.26199303544124	1.69009298355737	2.77610735786786	3.92594560123086	3.52278997042822	3.4058312043613	2.37004735332189	3.12810925754917	4.31295735650632	1.02394299724845	1.20365159532204	3.82253396886415	3.60762018494713	3.81938227268011	3.66111896687663	1.2113430717671	3.04242581559149	3.83272579068796	3.82134041327105	3.71744886366999	1.71260370369323	2.18430029203383	1.36128775526935	2.4405578606351	2.85789164476444	1.99760060736785	2.90195893116288	2.97340904527499	2.50719638432198	1.22825658396121	1.83231120018476	1.74098755446706	2.19864658721868	1.50448463286167	3.2035523103507
hsa-miR-101-3p|MIMAT0000099	12.9165235318244	12.9966029588011	13.0236070793256	13.2455681757793	13.7563755029353	12.262851429199	14.1682417274498	13.6708450235921	16.2189258820714	12.7478858206432	15.4461015333135	13.3804400028593	13.5502231630306	15.9657836822015	14.5174419392594	15.9369210777501	13.1982276261225	13.4968424063853	16.0702447240158	12.4563109025643	13.2435007076755	15.4111872767561	13.1889779191212	13.2250463776283	15.6969177706484	12.7571986055875	15.4378261441531	14.7040952265992	14.4405211697848	15.5218936812681	12.729222167998	13.5156495609886	13.4328942523234	12.928747423959	13.9854330083951	13.2485407380431	13.0122578941125	13.442711659863	13.7519198672381	12.6173835156323	12.4941278140079	13.2372172378602	12.8968117879811	13.0693886038168	15.6257005542212
hsa-miR-29b-1-5p|MIMAT0004514	0.917469946679193	0.730792965852797	1.5275383095228	2.7194881598253	2.31638646108113	2.14294760995372	2.72846650655664	2.43068537131293	3.44029659261225	0.930081779381326	0.5990292258323	1.95312738939116	1.1911444359228	1.74007831081548	2.67479303876949	3.15306515715044	0.315599848373369	1.48765098418164	2.66386467013342	3.20451558719418	-0.603704579500209	0.891796338134288	1.38522780306108	2.07395455873791	1.86465248700908	0.680829324259206	0.720497370482346	2.11651846739343	0.914448950190451	2.13248636294884	2.95361185398693	2.30983101540755	0.138897018572841	2.56085188174293	2.97036647850034	0.997601691189763	1.78648094167067	1.46645014903614	1.7828308269354	2.27265061001818	1.11610321123685	1.20041960470789	1.19864753005668	2.50448488710496	2.43572565936248
hsa-miR-29b-3p|MIMAT0000100	9.12020647731951	10.0917615796873	9.57349260825979	10.1403507049875	10.3908771166073	10.1524156576293	10.1452411701131	10.3319068969679	11.5366935126098	8.70684471959933	9.12258983083857	11.2795566466951	9.14275323484216	9.67494945075686	10.4124797925155	9.45645729151249	7.50921940633328	9.91687396084351	10.2885769422558	10.4805027672187	9.32185094921589	10.4270721150467	8.40759578178119	10.2272836894298	10.1080768931552	9.01820247710668	8.93966631696932	9.86375252641726	8.91796781189276	9.40426066305933	9.80439976991355	10.6971302122145	9.43734030980171	10.2857752841597	10.6772078001495	9.65670483693763	9.07650025624562	8.95026480924434	8.92149193519301	9.80757230983833	9.43125351847206	9.55597054108588	9.10480824754922	9.97344830737882	9.08153022938759
hsa-miR-29b-2-5p|MIMAT0004515	3.8122881207787	3.1755777730429	4.30514551286695	4.73231224088977	4.94257183666642	2.8465546931341	4.85335741777234	3.59114991675434	5.19702533039347	3.1627435349881	4.82142042257108	3.89172665033517	5.37877177042714	4.69427547102204	4.27886444865001	4.57575638729494	3.48552433460237	4.16837318983225	4.83378951980776	4.17233493316027	4.32703383626182	4.69915170449462	3.85915894720904	4.61584888788535	4.85512955285699	3.31825840919464	4.75024508911402	4.39662649422098	3.5291597784126	4.78018461901796	3.67943686023148	4.39729368549988	5.4727965531382	3.82388649132786	4.36268399770162	3.27061938830198	3.80638077409307	4.43769009439442	5.26489315741963	2.98314392647548	4.80060211763616	6.26846461784067	3.82667792999738	4.18630895679545	4.74197224567336
hsa-miR-103a-2-5p|MIMAT0009196	-0.0825300533208068	0.145830030467308	0.305146388612056	0.234061025996487	-1.20717462602775	0.335593014546359	-0.50419433730679	-0.656778674080305	1.58231561409783	1.19311694238253	NA	1.36816488867	0.0212195924394686	-0.581848920320729	-0.384099746548338	-0.816560491009948	0.422515052289881	-0.599811857068703	-1.7955687697206	-2.88294334151746	1.2036503425574	-1.10820443939581	0.800265854645382	1.30842029208625	-0.061346852317412	0.0958650236116081	NA	-0.105873732150083	-1.08555181522653	0.225595767340318	-0.16186629458145	-2.27512973950309	NA	-0.0830036967784822	0.233400945693921	-0.587361532079246	0.938484536962746	-0.781476711819611	-0.740731129121609	0.398181790666765	-0.691252376391303	0.062916080957958	0.154252664284859	-1.08047837634621	-1.77372823957451
hsa-miR-103a-3p|MIMAT0000101	14.2044973718944	14.0670976836124	13.9510916365715	13.5199836831972	13.7560142249718	12.8158268051215	13.764244992655	13.9587081694081	14.6278831313079	14.120709921898	14.108431763176	14.1568829906541	13.2792704150057	14.1950723859127	13.6764545533666	14.0310345039674	13.691526325757	13.6008960829922	14.074869900627	13.3459650163382	14.5052088729254	14.1200329705253	13.2805718339642	13.9782577650405	13.8965530009266	13.7548768748762	14.1600257106026	13.8179797835715	13.6871253207702	14.3992339143614	14.0558652255525	13.6585590164562	14.4620913508166	13.7341046031641	13.7598593652254	13.4140465639765	13.1414041715348	13.711720251859	13.5539252687251	12.8951183511084	13.4461605046941	14.1254172404394	13.7725804865093	13.781263634623	14.1067168867661
hsa-miR-105-5p|MIMAT0000102	-3.08253005332081	NA	-1.86477510985516	NA	NA	NA	-2.82612038597639	-0.656776399589015	1.16727891778785	-3.39184934417964	-0.985933274888856	NA	NA	NA	NA	NA	-1.79987736904657	0.207543064988901	NA	-0.882946002042619	7.99806729237969	NA	NA	NA	NA	NA	NA	NA	-2.08555181522653	NA	0.253171204697394	-1.27512973950308	-0.446065482148315	NA	NA	NA	NA	NA	8.83007306768378	NA	-1.6912523763913	-2.2590120139294	NA	NA	NA
hsa-miR-105-3p|MIMAT0004516	NA	NA	NA	NA	NA	NA	NA	NA	NA	NA	NA	NA	NA	NA	NA	NA	NA	NA	NA	NA	NA	NA	NA	NA	NA	NA	NA	NA	NA	NA	NA	NA	NA	NA	NA	NA	NA	NA	-1.74073112912161	NA	NA	NA	NA	NA	NA
hsa-miR-106a-5p|MIMAT0000103	1.37690212081869	3.4435107780222	2.56148524576057	7.47437570255207	2.04075218615949	2.18358909540195	1.9287652215411	2.15057754768705	4.33720299135499	3.30859430541153	2.47349730469594	3.76048209854341	2.1086826845658	2.11859063171441	2.03093704668701	1.50536658752603	1.78508471306379	3.4662782471214	2.59675032250691	3.71696522188454	5.01100624893017	2.59223671418513	3.16949918327087	3.63034850347491	2.20168749079284	2.55529762402724	1.94288979181879	2.76859510348414	2.61488955150447	1.81055826806147	2.8381345124139	1.81233145863153	1.72385864577724	3.00445878491112	2.73590121403512	2.16752588980111	2.70401915048388	2.89094722004996	1.34673171212873	2.98314374401922	0.893711677327316	2.98891513605858	2.99974245594871	1.08944730307836	2.18046870734129
hsa-miR-106a-3p|MIMAT0004517	NA	NA	NA	1.61257189439806	NA	NA	NA	NA	-1.41768294055853	-3.39184934417964	NA	NA	NA	NA	NA	NA	NA	NA	NA	-0.561017375049833	-0.603704579500209	NA	-1.78470161683252	NA	NA	NA	NA	-1.69083778542248	NA	NA	NA	NA	NA	NA	NA	NA	-2.38344656900942	NA	NA	NA	NA	-1.2590120139294	NA	NA	NA
hsa-miR-107|MIMAT0000104	4.63856965666333	5.74077670069859	5.36403923695033	6.17422808813232	5.96274961206779	5.11169598451963	5.66973228861033	5.4621633313487	6.45883236590011	6.46613563260803	6.72142450368928	6.0120208548941	5.52106559733737	6.68961410059537	5.86382687505077	6.45022537321739	6.15819138485787	6.31606840901441	6.25428148067773	6.2333963820524	6.51523758150632	6.55713264216926	4.7151487741415	5.65182824064163	6.26777650805874	5.59305241107346	6.79731339558201	6.09052341008295	6.01773770771896	6.84398131983213	6.49157690600363	6.88725970024409	7.10852217773638	5.66518888272234	5.45579324650221	6.74579370060727	5.27476785774863	5.58484377405657	5.59465901658864	5.15306888737195	6.00918875288698	5.69518393446741	6.05813417712433	5.76501247049034	6.84649223782918
hsa-miR-16-2-3p|MIMAT0004518	1.61791013486062	2.36822301065787	1.83566097058085	3.93450102720703	3.72356194705074	2.5682532361862	2.21827187318422	2.92818477434599	3.53651175352999	3.23751140590785	2.33599367704072	4.32236098271756	2.77610735786786	2.37234759903812	4.44032782500318	1.84640425425166	2.68124887083963	3.3774688993573	2.20443248236615	3.45690245707825	2.64422362626082	2.97925968249211	2.02265756587477	2.7413796130651	1.93865314768259	2.26579122500513	2.59496672718608	4.14205361786713	3.69580979096483	2.03295068939792	3.34063490041338	4.08242022123906	4.91148532404725	2.87119192348367	3.0407560430652	2.73456677957251	3.68264554265012	2.77311060974737	2.50719613055608	3.43770979980346	2.83231099761998	1.7409879860706	1.90914021446323	3.44308450825163	2.13316268490732
hsa-miR-192-5p|MIMAT0000222	10.2277991925499	13.2400177729041	12.3025994950101	16.2778789989599	11.6573976969213	14.0815498597056	13.3125890152155	14.1421242859149	11.2779787178537	12.835225240109	15.7779649901698	14.5453505802008	12.9089163322832	15.4930555807428	13.2099517413361	15.75312137062	13.6827304628367	10.911200364093	15.7773033617883	14.0660697415325	12.6965060574885	15.3487687203659	11.118243293489	12.8185912066785	15.5454976178966	12.2301852070555	15.6865225141357	13.6687073598934	12.0594267360391	16.0675286491156	15.1824999365902	14.7653614393912	15.2712081039815	12.3700093832398	13.3996685939937	13.7970342827095	13.459275049296	12.2332394486562	13.5423569779394	13.1109233032002	13.038980337326	13.6292789828499	11.8652739614714	12.842710615638	15.6400160220874
hsa-miR-192-3p|MIMAT0004543	1.30978795141263	4.97025869600028	4.89010815954566	8.52776290112133	4.13267463664183	6.17101092198042	5.22372584700102	5.80265384918464	3.10587750731379	5.32240017566096	7.32694836850991	6.72571667518991	5.26914721811706	7.58682318092671	5.6675614933807	7.82006343366505	5.92577236604966	3.1281094225628	7.94758432500887	5.97503345640008	4.52557943965656	7.63326372420027	2.64156753063223	4.42943586713001	7.66793377521215	4.58771901990478	7.7015893306934	5.886592481365	4.40630298202921	7.44959748280441	7.30574021295361	7.1321361220909	7.47577427162602	4.35993955316377	5.24089545044821	5.50010121353973	5.84537510747892	4.18430592623229	5.55847664436144	4.75963773491831	4.86333786307138	5.23284073711745	4.3291782166967	4.75241244069222	7.7110953018772
hsa-miR-196a-5p|MIMAT0000226	5.7312515995803	-2.43912855827956	3.42062279765192	9.20503001456597	0.792824541230298	5.34009342377755	4.90179770385376	1.15057722275972	4.25474081436889	-0.069916706284258	NA	NA	0.343147403000655	1.00311430019266	1.93782759522595	0.183439508990052	1.20012200303718	-0.277883762181341	1.66386421482946	3.45690258846246	8.77133594471413	-2.10820132927794	-0.462771533640406	1.15641732808709	1.07615680828387	-1.48909477722073	-0.279502629517654	0.309163378991108	-1.08555181522653	-1.77440423265968	6.6325505459792	0.309830433470243	0.553933535145292	6.23892411158392	1.10786995204681	0.412638467920753	6.55024707239709	-1.78147919165494	-0.740731129121609	5.99974583786492	-1.10628987567015	-2.2590120139294	-1.5238195001083	0.919522386383802	0.396196761867802
hsa-miR-197-3p|MIMAT0000227	6.88325470796218	7.94132866820308	7.525389508084	8.61690150193491	7.69670646867604	8.1532152504068	8.35999148680238	8.4840519851348	8.53068265648088	7.74514573530033	8.08015456683598	8.18194585136862	8.34652517273902	8.01527248755815	7.8685647846354	8.01738302310679	8.83069255962508	8.36236203765384	8.32984640458685	6.28195933943979	8.98781886110841	8.44158140496167	7.40389181202391	8.73300667905218	8.41276442286632	7.60101578472244	8.56180004824182	8.03197121194343	8.87227747885855	8.43870003271899	7.95534485496969	7.8149807902011	7.79233805970663	7.50383580900532	7.82585791937673	7.2752757207062	8.04805402234944	7.99495455900936	8.85452610922396	7.92956282512313	7.56966856977792	7.23484305219594	7.90872234024394	8.37792903919338	8.1004853470457
hsa-miR-198|MIMAT0000228	NA	NA	NA	NA	NA	NA	NA	NA	NA	NA	NA	NA	NA	NA	NA	NA	NA	NA	NA	NA	NA	NA	NA	NA	NA	NA	NA	NA	NA	NA	NA	NA	NA	NA	NA	NA	NA	NA	NA	NA	NA	NA	NA	NA	NA
hsa-miR-199a-5p|MIMAT0000231	10.829330512079	10.9514396353376	11.3455113901264	8.09700860175217	9.73607201198983	9.59509987869125	11.1630056022536	10.1014454270681	11.055006263815	11.9086501856509	10.6695960939715	10.4214117841938	10.8319921618002	11.0560211949921	10.8374864624972	10.0820401829782	9.73215323273125	10.3744243286641	10.620438709919	9.51873193037584	9.53712628064548	10.7493890221299	11.3453908402103	11.4225531892802	11.0141320599954	9.62236509559577	9.94771260477453	11.3042241444011	9.47812287418486	10.2382203492051	10.4060907441249	8.93736474759083	8.72260543385472	10.4398227284209	10.9546425104395	10.8863441184566	10.3404306342335	10.1076451759661	10.0204042776152	8.8553342144131	10.3331961634642	9.27236906164322	10.0149513807266	9.49978099622979	10.5983212361862
hsa-miR-199a-3p|MIMAT0000232	11.5846928808157	11.3967206346811	11.7722415889462	9.7693367266339	11.5366071552561	10.0635124377343	12.4231388677818	10.9517080678099	12.1375036726431	12.1628633734749	11.7845227955718	10.4146066073133	12.1936472292042	12.1931439747486	12.1246845032	11.2328335928616	10.762603000808	11.6028485417347	11.696536473649	10.897182022173	10.644520602507	12.0047248778382	12.0268783602804	12.2465297807066	12.1657874722354	10.8392977940985	10.9843538173518	12.7501625790895	10.5456269662846	11.4312363540811	11.4279418409505	10.4736901558482	9.85485780761247	11.1644785623685	11.5443922738651	11.9594725552662	11.8727651055207	11.380598091341	11.0919608884752	10.0382254197571	11.1330117145396	9.57822129762443	10.5131095529602	11.0395982660332	11.4935711802989
hsa-miR-208a-3p|MIMAT0000241	NA	NA	NA	NA	NA	NA	NA	NA	NA	NA	NA	NA	NA	NA	NA	NA	NA	NA	NA	NA	NA	NA	NA	NA	NA	NA	NA	NA	NA	NA	NA	NA	NA	NA	NA	NA	NA	NA	NA	NA	NA	NA	NA	NA	NA
hsa-miR-129-5p|MIMAT0000242	-1.49756755259965	1.26130754880872	4.68211502282671	0.497096249586333	0.114753468859615	-2.98633050724543	1.17387769569454	1.665150330604	3.867717697073	0.85608215435947	0.599028273367538	NA	2.77610735786786	-0.996887139392162	5.19080818103328	NA	0.315599848373369	-1.5998118570687	0.204433734451806	0.57648440726344	1.5662213963147	1.47675961638512	0.385227803061078	2.07395490138887	1.52361564840374	3.18332881776446	NA	1.30916337899111	0.721804856355001	0.225595767340318	3.20736845224012	0.0467955620864324	2.1388957082975	-0.0830052249122459	-0.76659782711082	-0.00239830881023714	-0.383444687080682	-1.19651503770976	-1.15576862840045	1.22825658396121	4.0502159162695	-1.2590120139294	-0.523819500108302	-0.0804783763462067	0.396196761867802
hsa-miR-129-1-3p|MIMAT0004548	NA	NA	-0.864777737085683	NA	NA	NA	NA	NA	1.1672782754128	-2.39184177250756	NA	NA	NA	NA	-1.96906224726949	NA	NA	NA	NA	NA	-1.60370457950021	NA	NA	NA	NA	NA	NA	NA	NA	NA	NA	NA	NA	NA	NA	NA	NA	NA	NA	NA	-0.36932428150394	NA	NA	NA	NA
hsa-miR-148a-5p|MIMAT0004549	4.81228817212764	2.73079274852065	3.5446116227114	5.39594902359784	4.50707013027432	2.40598174357893	3.81773345064766	3.59114967733417	5.81113415684739	3.81760811424997	6.32694835053887	3.76048209854341	4.12974419344104	6.92594569614855	5.67479303876949	6.54976103026909	4.49780260489112	4.53974030167344	6.87331792501277	3.74640919371343	4.04015266259689	6.55000822889676	2.25969702139641	4.54108118520783	6.20918185996865	4.33108232155493	6.77939149293536	5.07734799220061	3.37388147341093	6.21994924290829	3.06052716432036	5.03775132723143	5.32211768862471	1.23892439810888	4.29229461020357	3.87206988949948	3.26041263185011	3.36826897566801	3.25926856953138	3.8429661641665	2.9526051179014	2.13330508000858	2.51180476376166	3.98561154268949	7.04165569135502
hsa-miR-148a-3p|MIMAT0000243	15.2157612709611	13.3533783099839	14.1321684183632	15.2948670386479	14.741990181956	13.433689879546	13.7261560755882	14.9503213054393	15.2566318449759	13.2562593730645	17.1096169229451	14.0099906301129	14.8456440129359	17.1069187269259	15.5961728254642	17.3478743792478	14.5385973074484	14.4038716166153	17.7639052524567	13.6126264067325	14.7513378396938	16.9166009394712	13.2568979610275	15.4702136846807	17.4845148231869	14.8123638217197	17.3057537883212	15.5543171077791	13.3137278367835	17.2001000302995	13.4510799370665	14.8373893189276	16.1068575303052	12.9696489817984	15.1831136230147	13.6585623977352	13.7452959068068	13.7486534835108	13.8688513907397	13.8880014675167	13.4378509056403	13.2382469206962	12.5412599278986	13.6677152786551	17.0942282821951
hsa-miR-30c-5p|MIMAT0000244	9.24922714493175	10.6737957391634	9.43356956828824	9.56363347891518	9.86126703151462	10.5319482113558	10.2531953481638	10.1380441871544	9.82667925658519	10.2314645879592	9.83504206248383	10.1690645580224	9.82937949613275	9.44605706383894	9.88502602019904	9.75834763098055	9.63144553755331	9.68211904094679	9.88611058543004	9.13002605310437	8.80250151804883	9.71516397638562	9.62416340603679	10.640904627622	9.63839885779289	8.42079643739605	9.58519983646708	9.53798236835299	10.5266272968458	9.19929317782141	9.92559750942616	9.61018342575195	9.65064847693838	10.1046573931433	10.7345746067775	8.56238549201856	9.55540087193103	8.83461083767492	9.94467446118322	9.29669879309887	9.16283821804105	10.4971268971358	9.39205981860444	8.62601844506914	9.81872944787859
hsa-miR-30c-2-3p|MIMAT0004550	5.40932351827187	6.16449396524087	4.9807106004449	6.34258580276621	7.12374149692959	5.3036828607371	6.88640423655813	7.65610516096054	5.57100013774714	5.43470311240688	6.45700889079339	4.22614572962473	6.33863233544349	6.49496666073471	7.5836059326702	6.53216694616348	5.46064962424225	6.61450813241507	6.66795729191659	6.16690095109049	5.79717589457525	6.62988897832556	4.76219736192559	5.5100543178773	6.11657071947969	3.86845535064591	6.8008712139409	6.28070723448309	6.16711534380308	6.55651269143704	6.21317408960331	5.66150628979644	5.26817883755183	6.08692100752684	6.41992784426765	5.22641951462818	6.71984419574047	4.72631615706857	6.87765414003397	6.5297525730299	4.95260516449131	5.83901971618736	4.34900923110925	5.91952241021911	6.81685946296843
hsa-miR-30d-5p|MIMAT0000245	11.6955475642561	13.9671556572917	11.8653191420929	15.3358236914031	15.3121537216768	12.8834986734655	14.0998140922979	13.5535130474158	13.3611625769601	14.0677943555621	12.9352554594669	14.1170388524055	15.2374350793671	13.3512192593723	15.1415322950492	13.3779648229467	15.1724175640246	14.8967073494986	13.737123678183	15.5703029387853	12.4046375926447	13.2111513272504	13.1652436426252	13.4670932526	13.47788443427	14.8922688615747	13.359876196407	13.6107670429023	14.7210750501788	12.7947393895686	14.5330184893609	13.8238873525939	13.4161832192892	13.833155406785	13.8244361696932	13.6641207804057	12.6524723833987	14.9126209031966	14.9416048947625	13.6238239796876	15.1261324699233	13.4220063382065	13.1973437276294	12.4897339210724	13.3595551296541
hsa-miR-30d-3p|MIMAT0004551	2.12692364260677	3.08442965588922	1.5275388099485	4.40398636817054	4.61300362892528	2.26159189155083	4.0067672947819	2.665150330604	2.48920637030016	3.92103761123832	3.10152822170517	3.69009276000674	4.56037851055196	3.4625452644734	4.25975553949065	3.50536696865788	4.50390280685244	4.15507653586293	4.08707597738572	4.50075674509421	2.48375929343874	3.02108008817868	2.46323034413106	3.63034850347491	4.02611572328028	4.01869808283206	2.89042276105997	3.11651846739343	3.77243097467125	2.92603548548141	3.95361194710174	3.11718585433127	4.01336488577164	2.56085188174293	3.75696295510727	1.99760132991588	2.74583924394307	4.12541214790462	4.16615922540931	2.92869587578625	3.78448231093272	2.59896874307209	2.7088414332134	2.37895407436017	3.82618511117957
hsa-miR-139-5p|MIMAT0000250	5.67902165782835	6.04468339442894	6.8716224848362	5.29583757614872	5.18514208297222	3.94440130136811	5.67770301267926	6.9652740459365	7.42151920653679	5.05523783058603	8.35614004146134	7.06860437036332	5.26914721811706	8.61536776175332	6.04774512446867	8.9505197235127	2.42251451407597	5.50871345526941	9.49272227061214	3.8719400220492	5.2164754693835	8.88968186404344	5.2432089505488	6.4622257885182	8.6576994136977	5.85075335074164	8.63737248217558	6.6220466345329	3.58687520766015	8.39677260779705	4.23045205047767	4.97279589030274	6.7827520028943	5.50195851741772	7.15424993981141	6.11999750665811	4.10840937112273	3.44734022625974	5.54928747134189	4.4279287319124	3.61252978717596	7.73534103025487	5.43734067812165	5.80826569642918	9.11273110762142
hsa-miR-139-3p|MIMAT0004552	3.42526512406683	2.84626984891557	4.31512963163769	2.86632959761563	2.37778731953216	1.01366449093054	3.53142924802329	4.34322224993221	5.93986741895286	2.49079755518992	5.96826169897471	3.76048209854341	3.0212197701433	5.74906791755704	3.73137660189494	6.12203825315619	0.702622971482616	2.85962055663442	6.51731590226103	1.3649802511505	3.15118389703586	6.17256750077992	2.38522780306108	3.19594581472253	5.73046701233225	3.59836627733905	5.66691672782655	4.03708407522493	0.721803981593305	5.42526814575092	2.50109973750345	3.08242022123906	4.36128831681621	2.0044589646915	4.21829396287876	3.4126386033985	2.07598812914635	1.1254130571776	2.58119672468815	2.51365875545502	1.89371128907811	4.95044102508066	2.6461052708624	3.50448488710496	6.05599514603012
hsa-miR-147a|MIMAT0000251	NA	NA	NA	NA	NA	NA	NA	NA	NA	NA	NA	NA	NA	NA	NA	NA	NA	NA	NA	NA	NA	NA	NA	NA	NA	NA	NA	NA	NA	NA	NA	NA	NA	NA	NA	NA	NA	NA	NA	NA	NA	NA	NA	NA	NA
hsa-miR-7-5p|MIMAT0000252	-1.08253005332081	-1.43912855827956	3.79343221094507	1.23406041267914	NA	-2.98633050724543	-1.82612038597639	-1.65677639958902	-0.417682940558534	0.0675850277975595	-0.985933274888856	NA	NA	-2.58184676094512	-1.96906224726949	-0.401520450855769	-1.79987736904657	-1.5998118570687	NA	-1.29798084079631	-0.0187420787790525	-2.10820132927794	-2.78470161683252	-2.0135089678146	NA	NA	-0.279502629517654	NA	NA	-1.77440423265968	NA	NA	-1.44606548214831	-2.08300675304763	-0.351560327831976	-1.58735936443677	NA	-2.78147423198854	NA	-1.77174156867068	-1.6912523763913	-0.674049513208248	-2.26078094579172	-0.495515875625051	-1.18876573885335
hsa-miR-7-1-3p|MIMAT0004553	2.75036038965267	3.02029950401791	3.11250047662672	3.26968535457793	3.6508056799341	1.53722647805484	4.18510449012361	3.80265387503113	5.4402964264807	2.30859445102059	3.53762743882269	4.92275350252782	2.82857492067723	3.54743403492774	3.93782750108679	3.88387854304856	3.47314060570504	3.01489870098318	5.02461187691722	2.02394299724845	4.90409107254694	4.89179682409039	2.99666261556262	3.68693198255227	4.70418768373722	3.26579107501128	3.72049769881527	3.06405109678662	2.43801200445372	3.71744886366999	5.24185684461362	3.76926236952792	3.64139620297679	3.1264494210451	3.7777215320432	2.87207008655805	2.86448371780198	1.61083941199832	3.84423107025254	3.27265061001818	2.76818051288041	3.38484376150592	1.73921473287178	4.51943515780218	4.0336272991205
hsa-miR-7-2-3p|MIMAT0004554	-3.08253005332081	NA	-1.86477510985516	NA	-2.20717462602775	NA	NA	NA	NA	NA	NA	NA	NA	NA	NA	-2.40152045085577	NA	NA	-1.7955687697206	-2.88294334151746	NA	-1.10820132927794	NA	NA	-2.38327344184067	-2.48909477722073	NA	-1.69083778542248	NA	NA	NA	-2.27512973950309	NA	NA	NA	-2.58735936443677	NA	-2.78147423198854	NA	NA	NA	NA	NA	NA	-1.77372823957451
hsa-miR-10a-5p|MIMAT0000253	16.1296081731013	15.1589200955675	15.5131004119064	16.5432428021952	14.6754676641959	14.7807361883279	15.9017677892407	13.6753986573649	15.1482951100766	14.2927868295319	14.7249525004939	13.554588455512	14.8944955992618	14.6928386060026	14.9289831286467	14.5400283136247	15.9202571831093	14.6170674652924	15.2504165046731	13.9021088930918	14.4719845664126	14.5683599081033	15.459490251075	16.0721463487372	15.1368523635661	13.0505771460723	14.1114728065089	15.5288143533833	12.7853925186427	14.5497587755983	15.4642619558651	12.5940766126362	12.6389907685726	14.9639388258896	14.8410201670738	14.7464488652388	15.3039184314544	15.0646423651394	14.2128512596474	13.7454490090341	14.4896003173996	12.8542821081413	13.2045367840097	14.2162952765351	14.1638531314315
hsa-miR-10a-3p|MIMAT0004555	2.23939834709279	1.14583068246376	2.49277279371806	3.23406148598432	0.962749635199518	1.53722697513129	2.17387769569454	-0.656778674080305	2.0417469261469	1.85608215435947	0.5990292258323	0.368164888670004	1.48065134031592	1.50561404795179	1.03093704668701	1.4058312043613	2.82461308856423	1.30707932158813	1.66386375952535	0.57648440726344	1.85572783635108	0.891797115663965	1.85915815188879	2.37880956450084	1.78665030513166	-0.489096802136869	0.457462964648552	2.21605405222717	0.236377504327805	0.810558268061475	1.8381345124139	-0.275131485313604	-1.44606548214831	1.6174353160703	0.455793542344042	2.21999338997836	2.26041263185011	2.17271823865809	0.959708589019483	0.813218468892475	0.893711677327316	-2.2590120139294	0.546571013065108	2.00698518276768	0.548200841932569
hsa-miR-10b-5p|MIMAT0000254	12.9893098472474	10.6272931978768	13.5565622133094	14.0793357701175	13.1495172896261	13.6834486135481	13.0736589784186	10.5225093162348	15.5494741198335	10.072317442235	9.47656764292666	7.77755559468206	13.4476482898966	11.6044200942439	14.1150600839777	9.65782075231325	11.1262326963757	12.2176224079515	9.86621102532427	10.3978231736954	11.183178708007	10.869613277469	14.4133834571757	14.8693622461226	12.0503102550248	10.2943108945623	10.2226666011303	12.9427265754528	11.3624371223199	8.88380729590349	9.09316324204671	12.0802194581861	9.69284503844349	12.2852296400183	11.5645044312494	9.59720382118147	12.4263747790698	11.5070271621221	10.3159063403867	12.0508769934661	12.5111407435028	8.9351288329353	11.3911260952329	13.2998820255851	9.84740852361637
hsa-miR-10b-3p|MIMAT0004556	0.724824868736797	-0.854168665540085	2.26450370351867	2.55598961153754	1.49326457965681	1.71410481368865	1.08076816341437	-0.656776399589015	4.64840463916793	0.695617060215455	-0.985933274888856	NA	2.1086826845658	0.225505693254381	3.35286514157437	-2.40152045085577	-0.214914868325411	0.570113144373609	-0.21060459955069	0.438980496527295	-0.0187420787790525	-0.52324090196795	2.50070493551092	2.30842029208625	1.20168717717511	-0.904132276499571	-1.86446513023881	1.47908825105418	1.2363781166609	NA	NA	1.97279593624516	-1.44606548214831	1.37642764401643	-0.76659782711082	-1.58736369972498	1.70401892908078	0.803484135678464	-1.15576862840045	1.13514738483297	1.63067665029474	-2.2590120139294	0.677815804013235	2.87371852454136	0.0336266824830932
hsa-miR-34a-5p|MIMAT0000255	6.36661906411231	8.70488847334584	7.13522055931696	7.88511304671896	7.26043016188467	7.72876792504298	7.57262094902183	8.00855812825215	8.25120041488464	7.38623176091971	7.64706059072259	9.33827055194256	7.25244091271173	7.50693931244748	8.1781417761286	6.92265688498372	5.42251451407597	8.56446744627792	7.01500456049633	7.56310181598524	8.04015269548195	7.96727588899773	7.37012106182817	8.50416174347566	6.94764170650761	7.34537440975203	7.53427898196551	8.47281335245506	8.3738815255984	7.36258691448564	8.22471571836171	9.22022375151067	7.4335165573376	7.98979854547657	8.5310814384348	8.40769884255512	8.14207722257131	7.31786933760706	6.52371123590733	7.3549608155558	8.51942037098957	7.69372884999663	7.60030175224434	8.30969137554846	7.00927059648224
hsa-miR-34a-3p|MIMAT0004557	-1.49756755259965	-0.854168665540085	0.135220949297258	0.234061025996487	-1.20717462602775	-0.178980484933638	-1.82612038597639	-0.071815415194987	0.582317059441466	-0.584492258783098	-0.985933274888856	-0.631835111329996	-0.393817432962541	-0.996884260223962	-0.384099746548338	-1.40152426217045	-1.79987736904657	-0.599811857068703	NA	-1.29798084079631	0.396295420499791	0.21372552156308	-0.784699131452008	0.793846786395593	-2.38327344184067	-0.489094777220727	-0.279502629517654	-0.690835456596247	-2.08555181522653	-1.77440423265968	-0.746828795302606	0.309831597344626	0.138897018572841	0.724349915450281	0.648438751771678	0.412638467920753	0.423909428436334	-0.196513384487625	-1.15576862840045	-0.771746494990887	0.47867262505101	0.5483429081282	-1.03838852445528	-0.0804783763462067	-1.18876573885335
hsa-miR-181a-5p|MIMAT0000256	10.7808823959715	13.5822380092043	11.3488564178372	10.6609550548817	10.9224296261607	11.2962455877625	11.3062966409886	11.2510517551377	12.0599472191652	12.1929410011919	9.72401075255917	11.5041945076012	12.9687653469935	10.7568874505809	11.6322433666995	10.148742105149	11.9266595470425	10.6853021996969	10.6143541713482	12.1825526873251	11.4644029904855	10.8776386731041	11.5086309176393	10.2509349596275	10.3165141320114	10.9164437355675	10.2931980258361	11.3754210828795	12.3833920863767	10.268623095377	12.3447728409297	11.2518565674856	9.49937715823796	11.7379727208802	11.0639160879751	11.7603289382632	11.9597421334016	12.1009735218954	10.9614413102464	10.8774002577471	11.473891579498	10.1119473921715	11.3457357290767	11.7155620372538	10.6550251358779
hsa-miR-181a-2-3p|MIMAT0004558	9.10110581678419	11.0222191398058	9.31730448899111	8.84360949285209	10.1759888763788	9.97746310265309	10.4993232478851	10.6038477668475	9.78566342461018	9.70223230917809	9.72142450368928	9.84389808886433	12.9426887817936	9.28117577890188	10.1822705593961	9.15689700965358	11.4848979673197	9.55183984171069	9.40594427400189	11.0277888136047	9.83560797335626	10.0754321173979	10.3332706763083	9.40012028935904	9.87911333693797	10.0211730221747	9.69825472575982	10.6490136819637	11.4034197478643	9.87260444887256	11.69792825801	9.81498078379445	8.83470408408787	9.99748048295992	10.2566932028786	10.0857265622556	11.2365470801674	10.7320023968478	10.1635269096452	9.96634863447275	10.6495727568496	9.09688923709207	8.90433120988792	10.0872541684334	9.30074841539897
hsa-miR-181b-5p|MIMAT0000257	8.59607057417321	10.9196561424335	9.06077499407239	8.65360024208114	8.92210763550132	10.0159515139188	9.06566095601406	9.35514827669013	9.45345060979532	10.0474660820702	7.27145322314748	9.54682951207532	11.0742971075005	7.89692066737723	9.0393654727105	7.32299015859275	9.38313705496346	8.8164587482667	7.69227294517689	11.0866188034415	9.84802277652509	8.20807827541565	8.66341927505246	8.18984035926863	7.80283904682669	8.44016177887769	7.31295482511317	9.16247323021862	9.44388046654492	7.56544580830683	10.6569831005889	9.35422498266878	7.19055795322171	9.38358236015305	8.87304306753612	10.4061075314378	9.99023725023862	10.2457364111961	9.102011810073	9.21942387182938	9.75143340582652	7.73250945226735	9.35637617336901	9.52777724500792	7.87911738913133
hsa-miR-181c-5p|MIMAT0000258	5.54682706053855	6.15332464809153	5.6936412827666	4.37156492610012	6.21067712916375	6.38870332825591	6.61474642627565	4.15057714152788	6.59912372506917	7.43549733549981	3.71450523435455	6.71689280975012	7.02403473829339	4.89388453490833	6.3023998849421	3.62084419585043	7.54441796698246	5.02224085027841	4.4898351185904	5.15597147995379	5.70917945127084	5.23164671538511	6.50532181971316	5.47834542297445	4.59400474929566	5.73972205035241	4.32535986042148	6.78489712395651	7.28077210613054	3.65186052204242	5.56605513446664	6.2006017887259	3.68321641170358	5.96684456434508	5.98828837967984	5.80495578747836	6.9019586295722	6.11333932185574	5.94926660880863	4.65452112385291	7.78852928403055	5.19219874275488	5.9074691205339	6.88530671375876	4.91277295812703
hsa-miR-181c-3p|MIMAT0004559	4.80621365966791	5.77032100110428	5.49277256944183	4.32152415586666	5.7758181850455	4.83384283997294	6.03496414376585	4.55267561364014	5.87693616352579	6.30512215946807	3.26199303544124	5.12305214244388	6.67585573737888	4.52667550516212	5.54663666505579	3.70700080220928	7.57660925024771	4.54993606310086	4.45236045710458	4.42993539708324	6.44069061941875	5.21372486066302	5.53271557813197	4.80667128333227	4.38490922565459	5.92029430075874	4.11281521019179	5.83272566412136	7.28077212468608	4.08357676246789	5.60190030949963	5.24056819079121	3.36128831681621	5.30931339854318	5.29229461020357	5.12688384107726	6.63614716173072	5.63637404832945	5.50719616227682	4.55018443253265	6.73291532300972	4.79627005811618	4.9616072159417	6.79296652979868	4.58382436664104
hsa-miR-182-5p|MIMAT0000259	13.0012405990914	14.164522915106	12.4016411048835	12.6781444618054	14.1172161487656	13.1561698651876	14.178503715129	14.3399604875538	10.4437900990229	13.6698000488925	9.47554481868124	14.3346701098751	13.8322431314759	8.53189323013729	12.5060369269044	8.61319422216371	13.7496360112261	13.1663555448197	8.86264441760447	13.3959373926907	15.0171892962919	10.8000016890779	11.644905860786	14.1655850398161	9.13685236580853	13.1265329895393	9.28908733040642	13.9422440449529	13.3339493020134	9.53051747983862	14.9475164522253	14.4017758182636	12.9422870136891	13.571715958345	13.8341849336474	12.9665376036034	12.344476871561	13.6156111750199	14.6747793431102	12.8531374840681	14.3903677051961	13.7606000434035	12.4190064695172	12.1074930205421	8.26998327341811
hsa-miR-182-3p|MIMAT0000260	NA	NA	NA	NA	NA	NA	-0.826120385976391	-1.65677639958902	NA	-3.39184934417964	NA	NA	NA	NA	NA	NA	-3.38483986976772	-2.5998118570687	NA	NA	NA	NA	NA	-2.0135089678146	NA	NA	NA	NA	NA	NA	NA	NA	NA	NA	-1.35156032783198	NA	NA	NA	-2.74073112912161	NA	-2.6912523763913	NA	NA	NA	NA
hsa-miR-183-5p|MIMAT0000261	11.2813314097235	12.3065419215301	10.6239393987033	11.7180786120529	12.5593017620007	10.7195122362558	12.143758367329	13.2072148487849	8.44959417326839	11.9022368443092	7.61025513008443	11.462242345269	12.0720886843906	6.4377417705913	10.8558955832646	6.52328879039074	12.4573379972495	11.877314821721	6.79688996727119	11.4573197941124	13.9508553901168	9.02493895003149	9.8117256953614	12.552427436662	7.04926672661625	11.9459224303243	7.15234358339315	12.1364071293894	12.1305136630651	7.45681698089951	13.0990052115222	12.7547163349866	12.1010688494178	11.9104651886138	11.5832349736755	11.2468131072362	10.6499794206275	12.5455828899893	12.8661942805115	11.2257887205016	12.5784966820858	12.5358095716511	10.4553197838295	10.5719192879054	6.49071500235605
hsa-miR-183-3p|MIMAT0004560	-2.08253005332081	-0.117202028180642	NA	0.497095227391195	0.114753468859615	-1.98633050724543	-0.504192291089029	NA	NA	-0.069916706284258	NA	-0.631835111329996	-1.97878182919197	NA	0.0309377527305064	NA	-0.577484947710119	-1.01484935634755	NA	-0.882946002042619	-0.0187420787790525	NA	-1.78470161683252	0.308419127072761	NA	-0.489094777220727	NA	-0.690837785422477	-2.08555181522653	NA	-0.16186629458145	0.724868514686396	0.553933535145292	-1.08300675304763	NA	-0.587361532079246	-1.3834428051544	0.677953779620337	0.581196965765753	-1.77174649499089	0.893710124329854	0.325950486791752	-2.26078094579172	-2.08047837634621	NA
hsa-miR-187-5p|MIMAT0004561	NA	NA	NA	NA	NA	NA	NA	NA	NA	-3.39184934417964	NA	NA	NA	NA	NA	NA	NA	NA	NA	NA	NA	NA	-1.78469664607577	-2.0135089678146	NA	NA	NA	NA	-2.08555181522653	NA	-1.74682879530261	NA	NA	NA	NA	NA	NA	-2.78147423198854	-2.74073112912161	NA	NA	NA	NA	NA	NA
hsa-miR-187-3p|MIMAT0000262	0.824360542287712	-0.854168665540085	-2.86477510985516	4.69349292341431	3.67546785876333	2.50551750786605	5.86387523204465	0.343222463165788	1.38967032967766	3.23751125294481	2.01406565358824	0.95312738939116	5.24038817968965	1.50561404795179	2.42325436860238	1.50536709570181	4.49167656377636	5.67165196332847	1.20443310840911	2.57648392353066	-0.603704579500209	1.69915181557028	4.81521573490784	6.06864136322205	2.47470599601366	3.44164070140286	1.59496696597363	6.27494797105822	5.74099837149184	2.22559576734032	6.11735828449646	4.26402719438925	1.36128831681621	-2.08300675304763	0.648437831374745	-1.00239975390631	2.70401915048388	6.67590242819388	3.94576921081687	3.06114645768267	4.30874893395042	-0.259012013929404	2.98714274668131	3.12897564894115	1.31373518204045
hsa-miR-196a-3p|MIMAT0004562	NA	NA	NA	-1.08786829552582	NA	NA	NA	NA	NA	NA	NA	NA	NA	NA	NA	NA	NA	NA	NA	NA	NA	NA	NA	NA	NA	NA	NA	NA	NA	NA	NA	NA	NA	NA	NA	NA	-2.38344656900942	NA	NA	NA	NA	NA	NA	NA	NA
hsa-miR-199b-5p|MIMAT0000263	8.51645340624205	7.6390184134767	8.60231659204093	5.42783311794498	6.86160290760734	6.34009338816146	7.96014687218408	5.5911497072617	7.17850517230101	8.13904860837276	3.10152822170517	4.49744771400015	6.50099996398685	4.85277926987015	6.89202374770197	2.4058312043613	6.43693351273363	7.02224081698252	4.03732282602722	6.11423189090798	5.35049282705579	6.47299731998971	7.357410032922	7.38523603584242	5.05135308899825	4.9117827899082	2.99351622718716	7.77064312192255	6.32384084985248	1.92603548548141	7.09866221351011	4.63175899390747	3.80186078998182	6.85068666442219	6.73324674463599	6.84099854309679	7.06363963377407	6.21287496484284	6.25926860719976	4.94935558880699	6.02299453897261	3.29557654389052	7.27901987208785	5.98561161099366	3.2035523103507
hsa-miR-199b-3p|MIMAT0004563	11.5767974324441	11.3925706944284	11.7681021839531	9.76816966116325	11.5348181895693	10.059423551336	12.4217676781575	10.9503213062596	12.1324609588472	12.1604334574288	11.7822496936906	10.4098238101816	12.191144723149	12.1911872199612	12.1233636556823	11.2288571907038	10.7602956420982	11.6010110071172	11.6929007422489	10.895026830586	10.6409576594002	12.0030139299944	12.0215504911049	12.2429959282052	12.1641616287073	10.8374732805879	10.9806332605388	12.7476306799263	10.5428954530214	11.429708400105	11.4259121855267	10.4722221928405	9.85428588116394	11.1604675668123	11.5400322439391	11.9571802646454	11.8706992646606	11.3772100926987	11.0903779000961	10.0335972033291	11.1297257346601	9.57269069690092	10.5087772346464	11.0378146616131	11.4911547906958
hsa-miR-203a-3p|MIMAT0000264	11.6917942258708	9.74295153081234	10.8176665632924	11.1154812635063	10.6088082430619	10.9458786409821	11.3761541441054	9.65156124217837	6.24052690127496	10.7827682698771	10.7950151694606	10.0056952114524	12.1011211199386	10.4531219310005	8.90284208014358	10.6053282966208	10.3404192875516	9.97146762940797	10.8369738088753	10.0160316065411	14.828544783852	10.2662928812299	10.2959539743032	11.3651936274839	11.0299560537439	13.5554468901856	10.7926304040901	12.9848451094389	10.093114763416	10.5990047722165	9.32329311306442	7.08461792886011	11.4394390476693	9.00578426409604	9.49745245446352	11.9783949887835	9.91375929585543	11.3679511091101	4.53539308951191	9.91759922116505	11.9831068474687	8.17665785809653	9.62592756096696	10.477943139104	10.4222597092614
hsa-miR-204-5p|MIMAT0000265	3.0873952875951	2.95318532509435	4.86314108165232	0.497095227391195	3.98264920277716	2.68608945461212	8.41764627490399	3.43068510372571	4.73206255038984	2.6525489051867	4.92095603489209	6.63495119710451	3.30662199356206	4.57802234095496	4.35286500036563	4.72775935369606	-0.0629117748803609	3.52947203444865	5.28124849677898	2.57648416539707	3.82256119489413	4.50650661068427	4.344585944805	4.61584900556342	5.02611572328028	2.0344654180398	4.34498866133554	5.17952844690318	-2.08555181522653	5.1563331453574	1.25317180994395	0.0467969587360309	2.94625081753737	1.91699630322152	3.91522487410441	2.87206988949948	1.93848453696275	2.17271791867928	2.61682064029881	1.98314356156294	2.00918841690206	9.36349705090082	3.15425250223454	0.241450938908977	4.37601950525261
hsa-miR-205-5p|MIMAT0000266	8.54728237697248	0.145831334459915	4.31512963163769	-0.502903750413667	-2.20717462602775	0.183589412978683	NA	-1.65677639958902	NA	-0.39184555833863	NA	1.95312738939116	-0.978778985930494	-1.58184676094512	-1.96906224726949	-0.816560491009948	NA	NA	-0.795568769720598	NA	0.396295420499791	-2.10820132927794	-0.199735802271632	-0.428546467093445	-2.38327344184067	NA	-0.864465130238811	-1.69083778542248	NA	NA	NA	NA	NA	-0.0830052249122459	-1.35156032783198	-1.58735936443677	-0.798481559050491	4.03870051690584	NA	NA	NA	1.20041960470789	-0.67582305449662	-1.08047837634621	-2.77372823957451
hsa-miR-205-3p|MIMAT0009197	-1.49756755259965	NA	NA	NA	NA	NA	NA	NA	NA	NA	NA	NA	NA	NA	NA	NA	NA	NA	NA	NA	NA	NA	NA	NA	NA	NA	NA	NA	NA	NA	NA	NA	NA	NA	NA	NA	NA	NA	NA	NA	NA	NA	NA	NA	NA
hsa-miR-210-3p|MIMAT0000267	5.12692376646874	9.90793525298768	10.8189827884632	10.4805644536543	7.59372451957027	9.40705434645444	7.52371134566625	8.95240094648318	6.34386665782606	8.13953608123748	9.8254400654531	9.75833361665531	10.426361184529	8.61229230656123	7.30239986666265	8.5771867522024	9.43932276435769	7.4322347385873	7.8961764511983	10.2929137870452	11.5129653709082	8.68377355503376	9.24251785561949	8.1688867090131	7.46847386449649	7.4650996715498	8.85919624288736	7.60148530336068	9.18882806847347	9.68451501989253	8.89522386117171	8.37681697025069	10.847692327369	12.0494957588752	7.1700388295979	6.87616272451987	10.784915145259	10.4165060526582	8.378209696454	8.58525846705017	10.091337799448	5.43447457660267	8.72695257837572	10.6119199839125	8.63672376073533
hsa-miR-211-5p|MIMAT0000268	-3.08253005332081	NA	-1.86477510985516	NA	NA	NA	NA	-1.65677639958902	1.75224034788376	-1.80688179567268	NA	0.368164888670004	NA	-0.259922121060285	NA	-0.401522356511851	NA	-1.5998118570687	1.78939540044931	-2.88294334151746	0.396296516668916	0.21372552156308	-2.78470161683252	NA	-1.38327344184067	NA	NA	-1.69083778542248	NA	0.225595767340318	NA	-2.27512973950309	NA	NA	-2.35156032783198	NA	NA	NA	NA	NA	-2.6912523763913	NA	-3.84574344651288	NA	-0.451800144687148
hsa-miR-212-3p|MIMAT0000269	1.16539746012278	1.64833106134567	2.08941679356166	2.1600608319109	2.185142162281	0.335593014546359	1.81773416682436	2.25011298295793	3.10587750731379	1.19311694238253	1.82142083077042	0.95312738939116	1.60618209316062	1.81046819397554	2.55449872646604	0.405831204361296	1.42251451407597	2.10062887019432	1.66386421482946	1.81749228350597	2.48375903551666	2.21372458852762	2.12219328676617	1.30842029208625	1.20168780441051	1.31825898774229	1.3054598712035	1.63109217252617	1.37388147341093	-0.774404232659682	1.8381349159114	2.24843039483856	2.64139597175163	1.23892378685557	0.455792490461689	2.5825632285137	2.0088737214693	2.34780481722467	1.25926887087839	2.22825596817132	2.06363650621444	1.32595048679175	0.739214732871784	2.16744977939636	0.926712237504885
hsa-miR-181a-3p|MIMAT0000270	7.75746149726027	8.96441228159562	7.2773276229769	6.90081793661304	7.28066464696145	5.56441069895927	7.90689257330162	7.25910160419241	8.87348612232201	6.80782696677563	6.28085191132675	6.37939190148017	6.80257943520328	7.39543099461023	8.07396413151854	6.56714311679633	5.88895514514968	6.74003900959112	7.27052212133234	6.74458631840235	7.62270869664772	7.41927373822739	7.10404621481044	6.65537731886224	7.13832525698565	6.98257856626298	6.56180003678835	8.00960339383359	7.01248199969884	6.64344832551931	7.34592929450184	6.12574779601488	5.39942340663886	6.8971355964161	7.27231988365864	7.25812842461973	7.68935894306993	6.92415392629313	6.50244259974793	6.76353173650756	6.71389048856583	5.6418543895359	6.45574852438051	8.76265834192198	7.03040343273375
hsa-miR-214-5p|MIMAT0004564	4.84820773501847	5.34877024844896	5.71642116423238	2.95652749651639	4.88028743146547	4.33559215708932	6.20454440279295	4.59114973718922	5.70125652391681	5.87728126193595	4.99134533330241	5.09608513233638	5.79600678836139	4.69427547102204	5.68198857277114	4.22783301237805	4.12295419081598	4.86779453299908	4.61382387514698	3.45690245707825	4.04015257490339	5.40749660554678	5.80776000486467	6.24858718677263	5.39151193367727	4.41779406346063	3.77939147980205	6.10357954955722	4.04373286376622	4.47352334572354	5.47234063506032	3.91469290615981	3.13889587208198	4.93936383413309	5.39663125460701	5.31952895514706	5.22388667861777	5.22414607157756	4.05368456347888	3.45707482287786	5.13529750654499	3.71826758072973	3.92903944566264	4.10934693481547	4.49305894178262
hsa-miR-214-3p|MIMAT0000271	3.3604140044152	1.64833106134567	3.17961486962272	1.08205875030749	1.11475280266609	2.14294728330341	3.44066389590653	0.665149875705602	3.53651175352999	4.79797920798444	2.47349730469594	2.17551981072761	2.9281100932726	3.11859063171441	2.49036885788166	1.92040459498065	2.74444271660613	2.04404503236397	1.52636082767073	0.702015611835728	2.48375929343874	2.74977794992336	3.28139217343059	3.41275700608764	2.3716126664672	1.83283169773395	1.59496696597363	3.66671569601268	2.2363781166609	1.54752386222768	2.06052716432036	1.0467962604114	1.36128831681621	2.08692096507869	3.0747032282143	3.0273483562736	3.80638087721231	3.02587643892748	0.429193872320703	1.13514607114773	2.11610387680709	0.5483429081282	1.7088414332134	1.8264126260517	2.84098220859367
hsa-miR-215-5p|MIMAT0000272	1.56132613645392	4.44351071171746	5.57401244223952	11.7222027568502	4.49326438748557	7.99665746404914	6.17105673240035	5.15057714152788	8.48770242067625	5.19686922474373	7.03087366684345	7.03350057459591	5.46416320267227	5.76244696766237	5.60836566401861	6.19838916939589	5.74701652672381	3.52947190950977	6.60957437763837	7.42425320910085	4.93545531599019	6.25374053490245	3.38522794113746	4.54108118520783	6.46847384005875	4.1974038626621	6.17992938709894	6.0905233889118	2.82134041327105	6.53847876918517	8.56151119712142	7.83991200900017	7.54261798978199	4.25684604198437	5.26314827656557	7.48544089981886	5.57655829554093	4.77311039869749	5.70221214504657	5.58140319289713	6.8537134659459	5.56116658181376	3.84773940258568	5.66098940842653	5.45989202719042
hsa-miR-216a-5p|MIMAT0000273	0.0873949481215054	NA	2.38314825532751	NA	NA	-2.98633050724543	-0.50419433730679	0.343222463165788	0.904243612628901	-1.06991822061867	2.71450512445471	-0.631835111329996	-0.39381743296254	3.0328607915877	1.20086212657862	0.183439508990052	NA	1.20754368968351	2.20443279538766	-0.882948662572681	-0.603704579500209	2.53565287002212	2.25969702139641	1.79384720247171	0.938653147682588	2.93716809383854	1.72049780825956	0.309163378991108	5.28948938672291	2.03295068939792	0.575100267979121	1.0467962604114	-1.44606548214831	-2.08300675304763	-0.766600281502381	-0.265433003663129	-2.38344656900942	7.06870836065671	0.0666237929359952	-0.771744031828681	-1.6912523763913	-0.674049513208248	-0.845746039313223	NA	5.00763214664548
hsa-miR-217|MIMAT0000274	7.23827097331879	4.67980868690087	8.33366559386934	1.99959598882435	3.94257174283632	2.96786027116915	5.48221625583285	6.70954442239286	6.38321533470037	4.56815660179184	9.08284365155419	4.32236098271756	4.81563552282699	8.59432421198953	7.15247036755168	5.89768432488982	3.71319177319312	6.8285491660906	7.4828823902085	4.81053940026823	5.01100633841333	7.57479132476936	8.51336554261871	8.61402624957494	7.23511031756622	8.88322430473287	6.9684253101827	6.17952842699869	10.7125166324291	6.80302463413585	6.79233099200942	6.38664644434318	3.8758614334913	4.06674312140418	5.87244006581453	4.97488076598264	4.31699604440564	12.4817907182154	5.93874873518618	4.4081655847928	4.83231099761998	5.56753610830478	5.15987694612722	3.94189009380351	10.2883185499704
hsa-miR-218-5p|MIMAT0000275	6.26619856950877	6.25783512196563	5.98071064613596	2.99959616921172	5.99249701635965	5.80156649097018	6.8195356706736	5.4306850702773	6.34386667558759	8.62322115142375	4.14334843581856	5.12305218384215	5.65784436300444	4.6079756681398	6.59317926544562	4.04141980318571	5.40957545351969	6.49558604509279	4.87685824169965	5.38851545020862	4.96615209038401	5.92521970172759	5.95339522938848	6.49824499459801	5.00904227844286	6.16911486105311	4.04242581559149	6.88659251794341	5.02297432768705	3.26998988669877	6.66680008507674	4.55775843696631	3.25437302650789	5.37642760928613	6.29949006288627	6.34632902091835	5.47453737879835	6.46881996735205	5.68133338402515	5.33154417964585	5.27453328733261	4.77441056588856	5.97283455032637	7.29890079697418	4.50239673857577
hsa-miR-218-1-3p|MIMAT0004565	-1.49756755259965	-0.439132470253848	-0.864775109855155	-2.08786829552582	-0.622212125306591	-2.98633050724543	0.343802341890451	-0.656778674080305	1.1672782754128	2.77807944310368	NA	NA	-1.97878182919197	-1.58184676094512	0.615900253451662	-2.40152045085577	-1.06291177488036	0.400188142931297	-1.7955687697206	-2.88294334151746	NA	-0.108202884336035	-1.78469664607577	-0.0135075115478828	NA	-2.48909477722073	NA	1.30916337899111	NA	NA	-0.746828795302606	-2.27512973950309	NA	NA	-1.35156032783198	0.219994318968388	-0.798481559050491	-0.196515037709759	-0.740731129121609	0.0356112421088946	-1.10628987567015	-0.674049513208248	-1.26078094579172	-0.0804783763462067	-1.77372823957451
hsa-miR-218-2-3p|MIMAT0004566	NA	NA	NA	NA	NA	-2.98633050724543	-2.82612038597639	NA	NA	NA	NA	NA	NA	NA	NA	NA	NA	NA	NA	NA	NA	NA	NA	NA	NA	NA	NA	NA	NA	NA	NA	NA	NA	NA	NA	NA	NA	NA	NA	NA	NA	NA	NA	NA	NA
hsa-miR-219a-5p|MIMAT0000276	-1.08253005332081	-0.854168665540085	-1.2798161121091	-1.08786829552582	-2.20717462602775	-2.98633050724543	0.874316971143949	NA	0.167279560162622	0.415509904552593	0.0140667251111436	-0.631835111329996	0.343147403000655	0.588075361328995	-1.96906224726949	0.405831204361296	0.615160130232277	-0.277883762181341	1.20443310840911	-1.88294334151746	-0.0187420787790525	-0.108202884336035	-1.78470161683252	-0.428546467093445	-0.798310941119517	-0.489096802136869	0.457462964648552	1.30916337899111	-2.08555181522653	0.225595767340318	NA	-2.27512973950309	NA	-0.498042214812989	-0.766600281502381	-0.265434737778932	0.423911579210234	-1.78147423198854	-1.74073112912161	NA	-1.6912523763913	0.325950486791752	-0.845746039313223	NA	0.926712237504885
hsa-miR-219a-1-3p|MIMAT0004567	-0.760601958433444	-0.854168665540085	-0.542851218538935	0.719488378867101	NA	-1.40137181743624	0.49580566269321	0.343222463165788	0.582316095879204	0.856082951377254	2.01406529641377	0.95312738939116	0.60618256703746	1.66607847947142	-0.969062247269494	2.12203819101514	1.56935546836162	-0.0148493563475472	1.78939540044931	-0.297986161851525	2.09673615048934	1.59223647494526	-1.19973580227163	1.30842029208625	0.616724676453955	-0.489096802136869	1.13553486976119	1.63109170676107	-1.08554875356105	1.81055826806147	0.838134512413899	1.30983101540755	2.72385842739796	-2.08300675304763	0.233399718497619	0.219993080314881	1.20151906825827	0.218522048263256	0.429193872320703	1.39818124329806	-2.6912523763913	0.5483429081282	-0.260784402859883	1.08944730307836	2.13316301378056
hsa-miR-221-5p|MIMAT0004568	-0.760601958433444	-2.43912855827956	0.305147556271368	-0.502905794804667	-1.20717462602775	-1.40137181743624	-0.826120385976391	NA	2.28275588814049	-0.584492258783098	NA	0.368164888670004	NA	-2.58184676094512	-0.384099746548338	NA	-1.79987736904657	-0.0148493563475472	NA	-2.88294334151746	NA	-1.10820132927794	-1.19973911611137	0.793845954243003	-0.383273441840673	-2.48909477722073	-1.86446513023881	-0.690837785422477	-0.500587273394333	-1.77440423265968	0.575099299584757	0.724869387591919	NA	-2.08300675304763	0.233400945693921	0.219994318968388	0.423910503823685	-1.78147423198854	-1.15576862840045	-0.186783994269731	-1.6912523763913	-1.2590120139294	-0.845746039313223	0.726876545711397	-1.77372823957451
hsa-miR-221-3p|MIMAT0000278	7.34373519874955	5.94457191592031	8.68356084442317	7.60213123517516	7.5443686834004	5.92655325492938	6.21005084906666	6.54779335683542	9.13498452236372	7.4138984703224	5.37161737072444	6.87595928320867	6.16077105574562	5.94562804477587	7.38848886187873	5.75329442192276	7.14946244362458	7.61935752916142	5.67203844981115	6.77168844865298	7.41588722179393	6.31386147833746	6.08258167851781	6.87827604757673	5.73046698515959	6.04228484445294	5.17992934730101	7.65789182611134	7.59568831943813	6.37534292160142	6.8641969679224	8.46380504211001	6.70368044703586	7.18612270002544	7.08514992867208	7.7118463968497	7.82112755442754	8.11485392003635	7.31996456780873	7.55917324406329	7.69137307405551	5.83374472226332	7.19385686383474	8.63634188986103	5.2206258550309
hsa-miR-222-5p|MIMAT0004569	0.0873949481215057	-0.1172004633922	1.72018345001841	2.16006115470931	1.49326457965681	-0.401373722896006	1.17387833513785	-0.656778674080305	3.86771779589997	0.308592703710943	1.01406601076263	0.368164888670004	0.606181619283634	1.50561404795179	1.73137660189494	3.35336408695271	-0.0629117748803609	2.48765149863604	1.0117875832932	0.286978112556885	1.71822439232252	1.47675857967879	0.0226561456596059	0.986491760318942	1.42408040495702	0.680828424296266	0.457462964648552	2.8941260737811	1.37388147341093	0.225595767340318	1.71260370369323	2.93432211623581	0.553933535145292	0.916995539154838	2.34887854071251	1.21999369964177	1.93848340780668	2.42797538038092	1.58119696576575	2.87211245352523	1.00918805851806	-0.674049513208248	-0.260784402859882	3.56337854564933	0.226271760425489
hsa-miR-222-3p|MIMAT0000279	4.9889328089813	4.36822273123084	6.6548568477858	5.41992786111702	6.15037660678074	4.31744481399703	4.46849801693284	4.75261319861307	6.91323230967412	5.42513827477461	2.18399109157702	5.86001778628801	3.9754159486854	3.27613214926812	5.08621929638722	3.90225701669664	5.07459123511993	5.64811654820856	3.52636095287932	4.81749218117788	5.72721336074103	3.93619099940741	4.15781741472494	5.39588327039694	3.72524948775651	3.86845544942236	2.22299771101153	5.75210715590504	5.12390328810525	3.81055826806147	5.64548957857777	6.42530808174763	4.76338671485674	5.17438376637783	5.38314804791416	5.68876280327099	5.95194672219143	5.84423039222154	5.81768935394033	5.84296621443506	5.61252975768868	3.8284506242134	4.67781439488055	6.41936830296485	2.7181252952529
hsa-miR-223-5p|MIMAT0004570	1.96186443637247	0.145830030467308	-1.86477510985516	1.81902352671764	0.792825373972252	-1.40137181743624	0.343802341890451	-0.0718138988678591	2.83024335575367	-2.39184934417964	0.5990292258323	0.95312738939116	0.0212181708080297	0.418151079679271	0.352865847617869	0.920405357243993	-1.38483986976772	1.48765149863604	1.0117875832932	-0.882946002042619	2.20365128213098	0.21372552156308	1.12219295538276	1.15641668085755	1.07615680828387	0.318258987742286	-0.864465130238811	2.70148096811459	1.0843745469568	-1.77440423265968	-0.16186629458145	-0.690167238781929	-1.44606548214831	-0.0830067530476281	0.970367030738356	-1.00239975390631	0.201517186331167	0.388447463011398	-1.74073112912161	0.398181790666765	-1.6912523763913	-0.259012013929404	0.909140214463234	1.91952276774866	0.226271760425489
hsa-miR-223-3p|MIMAT0000280	8.58724131909522	7.30906046121425	7.35317827326008	9.73629647203777	8.5568668404224	5.68608928648324	7.30444781300005	7.79030543194732	9.00122215496583	6.6305224002989	6.99134532196354	8.33106067000864	7.42423174830801	7.84755780710014	7.77745116645095	7.41545993574056	8.19636014654078	8.56823427394518	8.50364094196469	6.3814950191708	10.7579661930375	8.80243946564899	8.14604029932762	9.19959657682152	8.02080195573266	9.16643407542971	8.31792964813362	9.59225203106179	9.92147718036371	6.59191802645352	6.9946391527051	8.58673070183458	5.6307488919789	8.09441556144891	8.76932422879785	6.65581234408459	9.16537832440325	8.95407754202808	7.31319451654806	8.50670582700232	6.93628290990228	6.31841643447601	9.43386292306187	9.88386329616835	8.09277862264762
hsa-miR-224-5p|MIMAT0000281	4.6723579014741	6.96600906212107	4.80055645880793	6.75133704595145	6.88293704798872	3.70016447006264	2.63330913993816	4.71826160677583	3.38967046732951	4.31551370054058	4.7419858857598	6.75186896696381	5.70069979596667	4.76687916767178	6.46972869375975	5.99508107317945	7.03932583774801	5.70396974907498	2.90487248945018	5.44348190202345	7.21647545968289	5.90860501308471	5.67473454891815	5.33522050867098	3.82617829636756	6.90536606397463	5.3449886258401	6.25167819673383	7.20216230824837	5.00695548086498	7.16006275861284	7.03320739612891	8.46682265526131	6.95865515909103	4.53108147353468	3.54192142293303	3.92033713308005	6.11636698178764	6.33608421792282	4.25062419804219	6.75169251180006	6.34461394050552	5.74109218757151	5.86788967046405	5.13916171073419
hsa-miR-224-3p|MIMAT0009198	-0.0825300533208068	2.64833106134567	0.135222262914317	1.49709573848885	2.65080545021212	-0.401371817436244	0.343803478678634	-0.071815415194987	1.1672782754128	0.515046299214684	-0.985933274888856	1.69009298355737	2.26914718070572	0.225505693254381	1.03093704668701	2.12203819101514	3.13872175868085	0.985150643652453	NA	0.438981560739123	2.64422385703322	1.97926004838836	0.800264197728369	0.986491760318942	-0.383275323546045	1.68082887427781	1.13553486976119	2.47908876857107	2.669337274468	-0.189441731938525	2.64548931918648	2.47975595219017	3.1388957082975	1.50195778518701	1.34887825751353	-1.00239975390631	-0.383444687080682	0.918961671026063	2.87397851819556	0.550184555690618	2.11610387680709	2.69518407369437	-0.260782674324768	-0.495515875625051	1.03362668248309
hsa-miR-200b-5p|MIMAT0004571	2.16539778172934	4.02029932620069	5.22797771970952	5.47437571877739	4.85891381869098	4.10112670169763	4.38333062926704	4.22586526194806	-0.417682940558534	5.16657526539209	3.26199303544124	5.49744765012854	5.14016071630077	0.225505693254381	3.31633910261609	0.598475737829549	5.49167653171255	3.1281094225628	0.204432482366147	2.89841211516459	6.43521547678562	2.35122831019422	3.50070519042118	4.47834542297445	1.07615680828387	4.12561316595288	1.72049737048235	3.66671558241142	4.73462888123008	1.68502738597762	4.13581515679977	4.02864915236909	3.64139620297679	3.82388659320341	4.60263473556616	3.98249405343439	3.88334300232276	4.08888633334553	3.40901571874634	1.75181845969782	5.23948637414475	3.49587523246902	3.2627766513519	3.96391648262923	2.13316268490732
hsa-miR-200b-3p|MIMAT0000318	8.26398416793587	9.78094356878627	11.0602185779999	11.2264332628468	9.81623246018346	9.52121079074866	9.03806338752399	9.46734352431177	4.69083984045877	10.3804691963248	7.6864907154229	10.5592238727667	9.59012587328793	6.55770241676333	8.48111709147611	6.29891602400376	10.8919382592114	8.62960870536984	6.38930827705804	8.41396860598135	11.6712569870401	7.85179867926422	8.81335546925366	9.17198727947935	6.8310439429761	9.58905416294567	6.57432714623901	8.84832248746267	9.91057027313263	7.20573539384494	9.14571497649557	9.39552461171572	9.2121448014097	9.35838405452601	9.47299941099488	9.28223221268492	8.72246492127347	9.55391187704774	8.53945941494143	7.7683844021162	10.0921565826446	9.80438267851256	9.12687320925881	8.90749695912513	7.29505069983202
hsa-let-7g-5p|MIMAT0000414	8.5363147341791	9.1842918952518	8.75268802410162	9.21591400535357	9.23939102876687	8.54407023329791	9.10830528900494	9.08300282420811	10.8420586868051	8.7686563661871	9.60278000621411	9.21365470877406	9.70553002840468	9.41427142843981	9.37245566832208	9.25490116076197	8.51904140966404	8.92522035461497	9.60797760751064	8.38090842383271	8.91985846081105	9.7238955821083	8.34972928939858	9.28512776626721	9.62129642763204	8.54432636170312	9.32659451120989	9.36376799968821	8.97514583936534	9.31372150486993	9.31791493467733	8.88410900860861	8.09115172803252	8.77575412501532	9.48606631376668	9.36282971983727	8.82540040800388	8.38907256448201	8.36975193645498	8.06982072530992	9.42411788317244	7.29557645205997	8.46429702991597	9.01557866842257	9.29572217519341
hsa-let-7g-3p|MIMAT0004584	1.61791013486062	4.71061475944744	3.99320153675033	5.16952111052491	5.23576814236827	4.31744466927849	5.33878418790511	4.78616573679409	6.84910197334256	3.55066922401298	5.70056592069297	5.29890200634703	5.70772021623837	5.2510410559602	4.68914834069444	5.16071870652476	4.28758495509629	4.08668951921392	5.30246503143168	3.99969546903927	4.50482095756058	5.6265063635517	3.94322333954884	5.54108121619222	5.65564385892525	3.92029434840385	5.35470377805284	5.51861705932627	3.79709289470045	5.71744889108895	5.51056002844316	4.35422497605585	4.36128831681621	3.6174356687165	5.11604393265598	4.5315794002932	4.71458848107851	3.89094683105609	5.10475867026353	3.81321877678745	4.43803203825146	2.82845042110584	2.97443147755639	5.11919475716336	5.10891547868213
hsa-let-7i-5p|MIMAT0000415	8.14086885207283	7.71947729667938	8.32071548263773	8.63237752241299	8.67240786686838	8.3310765200655	9.07888810738969	8.25461420419267	10.3438666556059	8.94633387434614	7.49788115349356	8.45827707863089	7.73030353917001	7.75688744724593	8.64196163994592	7.50085142182301	8.56389179820811	8.49162439500942	7.8464846281763	8.29197807861702	8.72945186188107	7.96994755081738	7.83277043003821	8.04313007639842	7.71080251534807	7.75169468733272	7.41630607063079	8.97005094920734	8.08562670311922	7.33412026882331	8.65937716994707	8.97516678065838	7.36771450361545	8.25684602311853	8.06418015217258	8.55920704708807	8.30568082692692	8.30929557930732	8.16465562953985	8.65137228555605	7.93901616543953	6.51577465151329	7.75695121666553	8.76187276801719	7.67748352060799
hsa-let-7i-3p|MIMAT0004585	4.69225750851524	4.51506390322947	5.4616500558387	6.15530724654251	6.50363104449045	6.64119779816444	6.74562987789124	5.1245819492413	7.82548940835627	5.05936570492713	5.16381247628597	5.77755558810704	5.191144712351	4.89388453490833	5.95574934981124	4.98218064650486	5.53402280705271	5.90401474827156	5.27052210264449	5.34587109213581	5.49432859162821	5.7559828932442	4.81521583739752	5.78090821048757	5.72001261487479	4.79630557248826	4.94289021396111	6.58993445239326	4.5291597784126	5.28087820284151	6.1720354023631	6.47975587136556	5.43657636797852	4.87119231784069	5.40332587895869	5.45155735006715	5.53541962335879	5.46644907226557	5.29818760351013	5.50438077072939	5.25126353043353	3.49587510458648	3.89571927509271	6.37484964362969	4.79612804381211
hsa-miR-1-3p|MIMAT0000416	4.23939849985589	3.71061481454574	3.1575883379261	2.37156499579524	3.72356194705074	3.31744474163776	3.98123216100675	2.51314733824747	3.83024295004298	3.14731337489314	2.18399077408869	2.82759630407946	3.48065134031592	2.66607825216852	2.78582441810164	2.72775929924866	1.97271176728966	3.15507645488403	2.72799492836985	2.84497289636208	2.64422385703322	3.47675922762033	5.35996115764401	4.86913541440158	4.27493632688257	3.34379338965221	2.65909728262921	3.21605420748223	2.55830608908166	2.4735232807839	3.46262548637508	1.97279593624516	0.875861826573987	3.82388649132786	3.00599041965924	3.43500631429758	3.34447672619999	4.12541214790462	1.4291938723207	2.51365825019152	3.71813987522671	4.41341298952952	4.38787209554639	2.61996204585337	2.68570382752638
hsa-miR-15b-5p|MIMAT0000417	6.1269237871124	7.46926022786393	6.59054776915422	8.72591445283595	8.6169878267618	6.49344415249787	7.6271478836454	9.18557255138066	8.53505666536309	8.18511127614144	6.45700887437158	9.76476943933601	7.33636927744253	7.55514218792402	9.08825171871976	7.26025439083072	8.00156096841211	7.82645376839224	8.40533153738962	7.9260165860505	9.1216627713272	9.04914367247476	6.63526313266089	7.70245435922765	8.0345773288915	8.41929597666894	8.10420208238368	8.53798236835299	9.28241062507351	6.90859038704691	9.64870630352158	9.98107705190059	8.92570996662521	8.02813169712113	7.65826699687456	7.78441502228099	8.15280363241771	7.40958074837218	8.05205892056858	8.64294160999388	7.30168737713242	7.34461394938168	6.66995218378137	8.40836676840335	7.99528373173042
hsa-miR-15b-3p|MIMAT0004586	1.6723579014741	3.90071758092682	3.40200719997265	6.14095194870748	5.76436818475891	3.24248254309716	4.08076790763694	5.44125428879334	5.10587738163166	4.49689786627353	3.76895306315093	5.87595933234068	4.30662192065792	3.64696985655024	5.82535270313222	3.74822344782026	4.38334390198206	5.25193801727345	4.4898351185904	4.96880141541411	5.88814961299859	4.93619090516139	2.67473406878884	4.70073788129544	4.27493632688257	4.64018633051767	4.47538526178113	5.69286798522914	4.69580962396493	4.74915777704312	6.32463453924836	6.20060180834176	6.58735631913696	4.23892409248226	4.07470314259599	4.70725912016582	4.70401926118542	4.92588062861033	4.73500213932057	4.90773648821623	4.72660155526428	3.41341305723204	2.7088414332134	4.64744288412039	4.08425343598052
hsa-miR-23b-5p|MIMAT0004587	-2.08253005332081	0.145831334459915	-0.864777737085683	-1.08786829552582	1.79282537397225	-0.986333365428463	0.633310302562283	0.665151695298347	-1.41768294055853	0.0675877811322051	-0.985933274888856	-0.631835111329996	-1.97878182919197	0.0031128606078385	0.838292674788111	0.768402009711208	-1.38483986976772	-1.5998118570687	0.78939540044931	-1.29798438816427	-0.603704579500209	-0.523238828556783	-1.19973580227163	0.308419127072761	-0.0613453469533109	-0.904132276499571	NA	-0.690837785422477	-0.500589314505369	-1.77440423265968	1.57510026797912	-0.690167238781929	NA	NA	-0.0296322329446139	0.412637384098295	-0.0615154630372535	-1.19651173126739	-0.740731129121609	-2.77174649499089	0.768180089335727	2.78538189616674	-2.84574344651288	-0.495515875625051	0.226271760425489
hsa-miR-23b-3p|MIMAT0000418	9.8294241075277	11.0279636299801	10.2031590305924	9.54739791696196	11.601487191584	8.93401675273275	10.5993554284876	10.5869912404784	8.83261384134844	9.84012575671739	11.3144179320857	10.1536171263118	10.4411798979228	11.1451142268032	11.2359663949566	11.4273069759059	9.72547972442362	9.89103989029351	11.065131965783	9.31672475009607	10.0215487345988	11.2348436172912	10.0468081537066	10.1257239290728	11.0097129774377	10.082892950105	11.4709256534226	10.0884726487748	9.91831914029133	11.4390038528865	11.5043586721466	10.3175589777017	10.4219841727896	10.8025017595775	9.97935525686835	10.1184867118238	10.1126611943121	9.71811829982782	10.36877284223	8.84526460282103	10.6367226425418	12.9173555667156	9.3044756310973	9.79219730611296	11.3631033582866
hsa-miR-27b-5p|MIMAT0004588	3.44103243408614	4.69015065846196	3.86314108165232	2.66702079671978	4.79282469736945	3.47309591469123	4.75883982340697	3.73553972348088	2.28275529517881	3.37633887063562	4.92095608251535	4.06860434886806	2.34314768732683	3.77570313696509	4.37078677935736	4.04141989080222	3.07459123511993	3.60964221767303	3.11132349533667	3.8312980206596	3.30318703919952	3.82253407083526	3.28139202505	3.27189429657262	3.70418762839291	3.06549269579091	4.06627263792462	3.63109182320236	3.19985197372139	3.89802110931181	5.04758803071759	3.83339279435323	3.19778944976211	3.74988604929273	3.45579314788825	3.41263833244299	3.31699618916918	3.44734022625974	3.23654864131317	2.87211265057798	4.09010886189452	6.74941623268801	2.56364285308446	2.77750325000623	4.00763201210644
hsa-miR-27b-3p|MIMAT0000419	9.95484579287735	11.475719846875	10.9113451084817	9.74699929921515	11.5681262425691	10.3809421166405	11.4182410758771	10.88601227219	9.1068571391031	10.4524680830445	11.5978533242244	10.4968034698846	10.46234834181	11.5492041633315	11.2122444174475	11.7059385928029	9.99264124206814	10.0588468061131	11.2380280016285	10.0719756963509	10.7193512744434	11.8050601660955	10.6029164599033	10.4945346956297	11.249038476856	10.3034903229252	11.5911193870894	10.6634130589336	10.1605966862449	11.5634964154846	11.484843372735	10.6375706149635	10.4716783324387	11.1603187979391	10.4145531370245	10.4457171752635	10.5183661016116	10.578819946183	10.2248725614585	9.29165145461508	10.9782985051428	13.3772723480043	9.68209584352507	10.0462269001606	11.717561845485
hsa-miR-30b-5p|MIMAT0000420	8.22808321429381	9.21236781971279	8.35499410087234	10.4072387708824	10.28967839296	9.69687784517558	10.437146441849	8.66402276574792	9.84968735362776	10.1945253165256	9.36389946122179	9.70801466041432	11.808714220827	9.18840199532831	10.770295548234	9.21226575928493	11.5932443283402	10.2531085969532	9.74068014576988	10.7577492423763	9.02838292743195	9.58354025500217	9.64235386526527	9.9533582596929	9.37202970460602	9.88838504169188	8.842031318526	10.2928698712352	11.1488183021779	8.27680475477169	9.46627638702283	9.01027058246879	9.26387869888895	9.13797887390015	9.96641620248704	9.08108020473957	9.43393984786298	10.9027222315823	9.93698826820388	8.99519931533079	11.7174768213101	8.88755627799457	8.86806842533955	8.24370297464926	9.1540503783973
hsa-miR-30b-3p|MIMAT0004589	-2.08253005332081	1.7307929658528	-1.2798161121091	3.1215865619563	2.54771213592067	0.335593014546359	2.53142912325379	2.51314708552617	0.904243612628901	1.19311694238253	2.47349730469594	0.368164888670004	3.90386285866022	2.37234732040881	3.96167416433464	2.50536709570181	2.86308704880784	3.50871336020722	2.59675056099944	2.81749207884978	1.7182239538549	2.28411402008965	1.02265756587477	1.44592370992591	2.82617849979525	2.9032209099158	2.22299771101153	1.89412665598747	2.95884397413208	2.68502738597762	3.34063504282428	0.894792934191399	0.553934517851685	1.37642764401643	2.50641939778324	1.31952891901966	1.52344653583687	2.80348413567846	2.95970840357518	2.18245235801497	3.37483834388488	1.32595048679175	-0.386315599223076	0.241449718541156	2.22627237706289
hsa-miR-122-5p|MIMAT0000421	3.27502254744597	5.8917844807548	1.30514580478205	2.37156471701474	7.02883882565729	2.18358909540195	4.04424206003154	13.184540847855	3.44029645970702	7.92160455964386	15.5747116691133	13.0353871039873	4.74914012747233	14.917553204474	12.3339326813504	15.2948054371043	11.12419223936	9.82383020716719	15.1229934030888	6.41626042002721	10.9906211177576	14.8981556896502	5.31333503777353	9.66509249871779	15.4949014869329	11.7868823173768	15.7083021296432	12.8974683992567	4.42224457449609	15.2646969272164	11.7057995182202	11.7544144222604	14.2135390595824	5.18378256607404	13.1024162964495	12.1136740299769	9.48460726923796	3.61083893964863	5.22505292410598	8.81556509595781	9.75453987597716	6.09853961171972	8.5948620150366	8.41936831560677	15.0445986903415
hsa-miR-122-3p|MIMAT0004590	NA	-1.43913247025385	NA	NA	-0.207174626027748	-2.98633050724543	-2.82612038597639	5.47250525266161	NA	1.77807944310368	8.38693044918701	4.6900928158944	-1.97878182919197	8.35846465594576	5.48214802537967	8.792001654894	4.44170815280987	2.722116893748	8.84648462504216	-0.297984388164272	4.52557943965656	8.51109969640234	-2.78470161683252	2.74137982880825	8.69820826998162	4.73007189499594	8.472041843987	6.40719574243068	NA	8.07734485148722	2.7767340028365	4.23266313570035	7.37730056042779	-2.08300675304763	6.00158525921217	4.87207003729341	3.31699589964208	-1.78147423198854	-0.740731129121609	1.68768736288495	2.43803143923828	-2.2590120139294	1.79810900962788	1.8264126260517	8.56110433406711
hsa-miR-124-5p|MIMAT0004591	NA	NA	NA	NA	NA	NA	NA	NA	NA	NA	NA	NA	NA	NA	NA	NA	NA	NA	NA	NA	NA	NA	NA	NA	NA	NA	NA	NA	NA	NA	NA	NA	NA	NA	NA	NA	NA	NA	NA	NA	NA	NA	NA	NA	NA
hsa-miR-124-3p|MIMAT0000422	NA	NA	-2.86477510985516	NA	NA	NA	NA	NA	-0.417682940558534	NA	NA	NA	-0.97878182919197	NA	NA	NA	NA	NA	NA	NA	NA	NA	NA	NA	NA	NA	NA	-1.69083778542248	NA	NA	NA	NA	0.875861826573987	NA	NA	NA	NA	NA	NA	NA	NA	NA	NA	NA	-2.77372823957451
hsa-miR-125b-5p|MIMAT0000423	9.25341899883237	8.77153894285799	10.0926854020501	6.95105225621005	8.89545650544484	8.15001423211386	9.43978525088827	8.94127470946479	10.217126473375	9.48907733343401	10.233233892386	8.70132000676524	9.74573357327092	10.396504026606	10.3312894004093	10.8467003837234	7.63960668996222	9.04539709126779	10.9578586303042	8.03442448441836	8.3548492287949	10.530232649182	9.83231119701969	9.64470384143763	10.6096631492697	8.34458410740172	10.2805121229857	10.1849130297254	8.44192692080012	10.0557148375167	9.05083369622531	7.54823561213874	8.35644969007951	9.08692102875091	9.2557686926426	9.8979645581165	9.66470267140997	9.30863394465944	8.41598377011841	8.13664899135514	9.58050385003593	8.35477706273349	8.24667915143728	10.3072705282276	10.4573435532164
hsa-miR-125b-1-3p|MIMAT0004592	-0.760601958433444	-0.43913051426538	-0.2798161121091	NA	-0.622212125306591	-1.98633622361716	0.343803478678634	-0.656778674080305	1.16727763303746	-0.391843665421851	-0.985933274888856	0.368164888670004	0.606183514790662	-2.58184676094512	0.352865847617869	-0.816557950134613	-0.799877369046567	-1.5998118570687	-0.21060459955069	-0.882946002042619	-0.0187420787790525	1.06172159875321	-1.19973911611137	-0.0135075115478828	-0.798310941119517	-0.904132276499571	-1.86446513023881	2.21605405222717	-2.08555181522653	NA	NA	-1.27512973950308	-1.44606548214831	-0.498044252326472	-2.35156032783198	-0.265433003663129	-0.061516968578871	-1.19651503770976	NA	NA	-1.10628987567015	NA	-0.845746039313223	1.08944798106029	-1.77372823957451
hsa-miR-128-3p|MIMAT0000424	5.51366017650766	6.01207870864099	5.89010806224063	7.43373368792199	6.87230940663814	4.84021243994987	6.34630476437627	6.95055251447407	7.49520475641574	7.25201080179871	7.65431031499214	6.90732348343872	7.14275323994676	7.40399300390523	6.89202374770197	7.63739527780672	7.84638073422172	7.26282638351698	6.94926674890216	6.97658720635132	8.07577660548003	7.4055243265744	5.49607372447694	5.86300934206397	7.06999546347067	6.7469175475926	7.77939149293536	7.009603410628	7.41230174100088	7.6788664365536	7.04758803071759	7.8123311954761	8.30715007366288	6.72756765888268	6.1241718207843	7.2280216699073	6.55907091987424	7.53819364336088	7.30502829506078	6.89181447633464	6.46103387425751	6.95287589632205	5.82844463252834	7.26825057337015	8.11425454428858
hsa-miR-130a-5p|MIMAT0004593	-0.497567552599651	-0.854168665540085	-0.2798161121091	-0.502903750413667	-1.20717462602775	-1.40137181743624	0.874316971143949	NA	0.904244383479071	-2.39184177250756	0.0140652964137654	0.95312738939116	1.02121959243947	0.740078742691123	-0.384099746548338	-0.816560491009948	-0.577484947710119	-0.0148493563475472	-0.795568769720598	-0.882946002042619	-0.0187420787790525	0.891797115663965	0.385227803061078	-0.428546467093445	0.616725617306948	-0.167168302266051	0.720497370482346	0.894126267849917	-1.08555181522653	-0.774404232659682	0.253172415190249	0.309830433470243	NA	0.916996303221518	0.648438751771678	-1.58735936443677	1.31699604440564	0.218522048263256	0.429193872320703	-1.18678071005439	0.116103876807086	-0.674049513208248	-0.675820749781753	-0.495515875625051	0.548199855312851
hsa-miR-130a-3p|MIMAT0000425	6.09737954239269	6.10776211515184	6.15202881601747	3.86632959761563	6.39273746068216	5.84655396605056	6.98765844072208	5.68307222736921	7.14455784203756	7.50372989693849	6.59902787154628	6.33394894083944	7.40923700933849	7.00499084798487	6.26934159430485	6.07825656768471	6.6690854588663	6.59248182449947	6.37435793595063	5.8070504039808	5.31515974488426	6.78661451307564	6.96684702088928	7.052581548498	6.94315431012661	6.52213062595376	5.91689501310348	7.79499298488629	7.29382827115918	6.03295071143101	6.35120427725799	6.48641959427179	4.46082393421245	6.5390478279111	7.19340281369154	6.5133007161139	7.20527103855269	6.56724969283483	6.38338995804745	5.4131316919806	6.64637093698073	5.05387059390054	5.69147079437607	5.85616035963138	6.43328673167195
hsa-miR-132-5p|MIMAT0004594	0.376901565316491	-0.117202028180642	0.7201838878909	0.234062252630392	-1.20717462602775	-0.401369911978998	1.08076748134113	0.928185342968776	2.58231585498854	0.60815538812007	-0.985933274888856	0.368164888670004	1.60618209316062	0.0031128606078385	1.49036885788166	1.0579083959173	0.200122630953433	0.400188142931297	0.526361328505035	0.286976930098958	1.71822439232252	1.35122859293226	1.12219229261573	0.793846786395593	-0.061346852317412	1.09586637355665	-1.86446513023881	0.894126267849917	0.914450481023187	-0.774404232659682	1.42309674413666	1.04679695873603	0.875861040408498	0.23892256434817	0.648438751771678	1.66056632362389	1.42391050382369	0.540450887101026	0.959708589019483	0.0356112421088946	1.30874820598294	-0.259012013929404	0.546571013065108	0.726877417402803	-0.188765738853355
hsa-miR-132-3p|MIMAT0000426	6.33743058839171	7.40635765722926	7.13662874768235	6.89797518989227	6.8749736532597	5.74837355763354	6.00360001057485	7.21358693002792	8.23695146210718	6.82247374091904	5.50591848798998	7.41255877939713	6.521065613046	6.83389283216133	7.36185372746021	5.96042010237715	6.58957413581355	6.87996926438431	6.73970830784797	7.37561845290476	6.87607676534551	7.06672241612589	6.61618240784111	6.37019665012383	6.67742074204572	6.59836620289356	6.17445427852064	7.32318415335973	6.49941240768226	5.81055831947202	7.58184709590154	6.88221530023353	7.9717858316519	6.70489857219851	6.28143358956578	7.83890312180219	7.03862118191221	7.07494705925316	7.31319451654806	6.81697100681609	7.17602777997136	6.65387694979627	6.68758210091992	6.9501895649236	6.31902955186391
hsa-miR-133a-3p|MIMAT0000427	2.75036038965267	1.26130875249399	2.22268340418941	1.37156499579524	3.69971530338725	2.84655449255936	2.84630294989929	2.15057722275972	3.66977842700809	2.46613556733501	1.82142123896964	3.36816488867	3.19114459388178	2.00311358040043	2.27886467161117	1.59847669065916	2.20012231699534	2.57011363024722	3.11132349533667	1.20451574369594	1.98125865200046	3.59223635532531	3.51908353581345	4.03088638716419	3.82617839808141	2.97033518466721	2.4574632273149	3.11651880008282	1.23637750432781	1.92603548548141	3.00805942419008	1.89479332214963	0.138895708297502	1.238923175602	2.34887825751353	2.45703265296539	3.57075277674518	3.75768052606005	1.066623792936	1.87211205941964	3.45849592426653	3.74098777026884	3.07311567656396	2.00698518276768	1.13316235603401
hsa-miR-135a-5p|MIMAT0000428	0.917469946679193	-0.11720359297078	1.5275383095228	NA	-0.207174626027748	-0.401371817436244	0.173877056250953	-1.65677639958902	1.1672782754128	2.10000745386135	NA	-0.631835111329996	-1.97878182919197	0.225505693254381	-1.96906224726949	-0.0795954050193465	3.59243957531984	-1.5998118570687	1.20443248236615	-2.88294334151746	0.71822439232252	1.79868719291941	0.537230454661608	2.44592370992591	0.616725617306948	-0.167168302266051	1.59496648839849	-0.105875284701321	2.82134041327105	1.68502738597762	-1.74682879530261	NA	-1.44606548214831	-1.08300369677848	-0.76659782711082	NA	3.0088737214693	4.83323141159398	-1.74073112912161	0.813218468892475	1.21563946161532	5.15037855661472	0.241715734312092	1.08944730307836	0.226271760425489
hsa-miR-135a-3p|MIMAT0004595	NA	-2.43912855827956	NA	-2.08786829552582	NA	-1.98633050724543	0.173878335137848	NA	0.5823151323163	NA	NA	-0.631835111329996	NA	-1.58185107969957	NA	NA	NA	NA	NA	-0.882948662572681	-1.60370457950021	-2.10820132927794	NA	-1.0135089678146	NA	-2.48909477722073	NA	NA	-2.08555181522653	NA	-1.74682879530261	NA	NA	NA	NA	-2.58735936443677	NA	NA	-2.74073112912161	NA	-1.10628987567015	NA	-3.84574344651288	NA	-2.77372823957451
hsa-miR-137|MIMAT0000429	-1.49756755259965	NA	0.457149832354999	NA	NA	NA	NA	-1.65677639958902	NA	NA	NA	3.06860443484908	-0.97878182919197	NA	-1.96906224726949	-2.40152045085577	-3.38483986976772	-2.5998118570687	NA	NA	NA	NA	2.25969672013882	-2.0135089678146	-2.38327344184067	-2.48909477722073	-1.86446513023881	NA	3.08437471704933	NA	NA	-2.27512973950309	-1.44606548214831	4.30931336215905	-2.35156032783198	NA	-0.798481559050491	-2.78147423198854	1.16615946648691	NA	-0.691250046895736	4.75221492030053	4.62185788477396	3.04880516361367	-2.77372823957451
hsa-miR-138-5p|MIMAT0000430	2.27502195129728	-0.11720359297078	2.1796155065282	-2.08786829552582	0.600180296029857	NA	-2.82612038597639	NA	3.28275544341926	-2.39184934417964	NA	3.06860443484908	NA	-2.58184676094512	-0.969062247269494	-1.40152045085577	-3.38483986976772	-1.5998118570687	-1.7955687697206	-0.561017375049833	1.85572743774414	0.476760134738006	0.915741924969127	0.986491760318942	-2.38327344184067	-0.904132276499571	-0.279502629517654	NA	-2.08555181522653	0.547523862227681	-1.74682879530261	NA	NA	1.82388588007437	0.81836385548028	-2.58735936443677	-1.38344656900942	NA	-0.418803034234247	-2.77174649499089	-1.6912523763913	NA	-1.03838852445528	3.47411125428973	-0.451800144687149
hsa-miR-138-2-3p|MIMAT0004596	NA	NA	NA	NA	NA	NA	NA	NA	NA	NA	NA	NA	-1.97878182919197	NA	NA	NA	NA	NA	NA	-2.88294334151746	NA	NA	NA	NA	NA	NA	NA	-1.69083778542248	NA	NA	-1.74682879530261	NA	NA	NA	NA	NA	NA	NA	-2.74073112912161	NA	NA	NA	-3.84574344651288	NA	NA
hsa-miR-140-5p|MIMAT0000431	4.99961948409039	5.02847314613389	4.41134502404831	6.26086143903229	6.14597144567336	4.22311729650862	5.91534425779203	5.58162695395372	7.41520543385952	4.85608210454584	5.95657990629189	5.63495122613706	6.1139768531304	5.62760444530822	6.37523275691058	5.83209598438777	5.10701264050679	5.77956737669591	6.25971536033382	4.65621123563425	5.483759325679	6.62988899289286	5.37012106182817	6.94649429770258	6.21291456388022	5.1762393045726	5.553387814744	6.13571217918595	5.10427446321983	5.78783824378798	5.5930221640209	5.57035842900203	5.41191432695422	5.21161676011319	5.91053322238748	5.06369004047239	5.84055805081519	5.7807639673326	5.74308440571824	4.92869606526007	5.49857358656868	6.32595010913866	5.06414545427551	5.55614707208527	6.01743529484902
hsa-miR-140-3p|MIMAT0004597	10.5413519255733	9.44389267379514	9.17927308947061	10.5816827268761	10.011993135745	8.12218835225232	9.77727177744039	9.41669437175048	11.6443615589255	9.59417439904754	9.58581801876793	9.77117667779752	10.0825909134918	10.4835672032718	10.6481747076997	10.0445257019003	9.57859755310005	9.8201491873719	10.594333103296	9.00997463702359	9.58735572463669	10.7055779276194	10.1943708424711	10.56651532611	10.4932417611442	9.45488326433265	10.1457137029626	10.2119156215588	9.13603704200853	9.87530107735794	9.13505087709986	9.69389506398611	9.78455425194062	9.89534898492144	9.72324884298128	9.62726105434636	9.64169597870768	10.2379385015207	9.52985597127292	9.10554050109043	9.67970883122742	10.8958057081939	10.4674896917212	10.1519433547714	10.5307663416485
hsa-miR-141-5p|MIMAT0004598	7.41731631483959	0.730792965852797	8.24896272173533	9.93969374095005	3.60017958225107	1.18358941297868	0.633309372463061	0.665150785502262	3.867717697073	3.93907139031951	1.01406601076263	2.36816460923171	6.51707474140573	1.11859096392629	0.615899312060255	0.405831204361296	1.00747683539244	3.04404503236397	1.37435790117047	1.57648392353066	10.0854209182625	3.82253407083526	-1.78470161683252	8.81145109571704	3.31716439459505	2.09586603607051	1.30546045490643	4.33153153238643	0.721804856355001	1.39552076878263	-0.16186629458145	1.0467962604114	4.16864315865285	0.501958803942674	0.233400945693921	2.11307801931998	2.86448391589947	8.95111295991388	2.25926856953138	2.03561124210889	1.39621156109271	7.03790380869237	2.75416511888768	3.70088211377628	0.685703379062786
hsa-miR-141-3p|MIMAT0000432	7.42129616442686	3.26130739834799	9.5464667068353	10.6881549761926	4.18514208297222	2.14294728330341	2.30316029243375	2.59115015617446	4.86771759824602	6.02811479083906	2.18399077408869	4.06860443484908	6.70069983757537	2.50561379390741	2.73137681913915	1.50536709570181	2.61515965929511	3.89204211383335	2.84828902272497	2.57648440726344	11.3673011124214	4.68621257573735	1.73886466162263	10.4011775962359	4.41114066147024	2.79630578017208	2.94289016705642	4.4589107772989	2.9588437885766	1.81055826806147	1.06052681846533	3.45278887043007	5.37411226275443	2.4405578606351	2.50641939778324	2.73456634604369	3.042820986702	10.0801900452893	2.38855188782336	3.39818138014026	1.76818051288041	8.63049156360986	4.37825413470062	4.39525587734018	2.31373518204045
hsa-miR-142-5p|MIMAT0000433	6.75352078309148	5.68498888363963	5.1905030193559	6.22501624126881	7.39645096542333	4.41454338178877	6.07775906752162	6.20740831984797	10.6720969102477	5.68229610810448	5.99134535598016	5.25080771069222	5.24038825601881	7.18136342909938	7.8951229943763	6.18343879436806	4.024550534488	5.74448488505463	6.55757975585831	5.58465790963544	6.58117183320888	7.14446217591973	5.10404616237638	6.87523560831414	6.99826776023255	5.89460764796549	6.0721732161646	7.97804865793681	6.1528546272775	5.82550863496772	4.50109961008318	5.52576828151792	3.30882100091221	5.53170577310004	7.73324677175634	5.57754529641047	5.99593478201978	5.11938838414139	4.34673157031838	5.25062416014743	3.8006020658696	3.74098777026884	6.48292727104046	7.47985524989315	6.69387797940328
hsa-miR-142-3p|MIMAT0000434	10.1855737703888	10.6465060296738	9.3929030338015	10.7341064967532	12.0169770654744	8.75807730523346	10.8008410490543	11.0899464545255	14.7792440689233	8.95161796234642	10.4502563656245	10.2981627221139	9.56907822860036	11.3120213711296	12.2565208720037	10.7701222355705	8.14263656453154	10.3459985957538	11.1611720769162	10.0416793642828	10.3721444824986	11.2723930819328	9.67524681762637	11.8485484938015	11.985913175426	10.2932873445577	10.6233753334351	12.4165442414198	10.0446986966888	10.5938294235292	9.39400193828942	9.73609561616695	8.40880169979041	10.2521071977832	12.4869037005065	9.77595183397065	10.2372344588714	9.18826777510349	9.2875200543275	9.68871227005446	8.27597529736352	8.13545029076271	10.1120799090023	11.8141507503271	10.5684860078871
hsa-miR-143-5p|MIMAT0004599	3.12692380775606	5.69015065846196	5.48836744136941	6.59512782518002	6.23990783663629	4.96203116997027	6.45927947186511	6.09141505356901	5.63759790107992	5.07576014146669	5.01406538570739	5.49744768206434	6.37436652662491	5.57296919630814	5.87642689502753	4.98218060086033	5.26261799297187	5.83064155649425	5.43325159022404	4.6406143345619	5.37357638797032	5.79868734842535	5.88063885483979	6.41694490082264	6.20168731438288	6.19038344553327	5.06627259486457	6.30351713092642	4.74733997148218	4.68502744206184	6.69611566059226	5.54504730715531	4.94625077074181	4.37642757455583	4.73590115989412	6.47333429406758	6.54433437633459	5.95661377649036	5.15408639108287	5.23948362457407	5.9197738507859	6.10293138198876	4.23106800205517	5.85616038453685	4.74983435993022
hsa-miR-143-3p|MIMAT0000435	15.581962859109	15.0338122291125	15.2547240553161	15.8085366244302	15.4533567926561	14.1239228797032	16.1299073400087	14.5168407954709	15.6882137020308	14.9237376211328	14.1862975260958	14.2670021927741	15.6055069748138	15.2308109784605	15.6739545012514	14.2976284770984	14.982838778987	15.8271703170377	14.9772629571526	14.9874231435302	14.8624367212019	15.1650095453927	15.9728232020244	15.7304523611549	15.1941757701531	15.4663602876132	14.0662957331478	15.3505982471191	14.77088759942	13.6334610347484	15.4462450767368	15.5834261541221	13.824666643553	14.5776187290961	14.7476012388547	16.0095669625449	15.7500548844957	15.9394270562076	14.3496602090724	14.9934971421373	15.3095853232238	15.6458750174038	15.3118583329075	15.4226338461406	14.4904492477668
hsa-miR-144-5p|MIMAT0004600	1.77545136322225	4.56086765199551	3.43900151456556	6.36334439340839	3.62571468688064	2.47309591469123	5.87778083210945	6.83106224039579	4.58231549365247	3.20806724481926	7.05845949153651	5.86001776144905	5.43061067910277	8.50892512342908	3.61589942973421	7.52180378454494	3.60384434235911	5.87996926438431	8.73776265906958	3.59278590435097	6.35629840911644	8.19671841276902	3.14604028404868	4.2718945952939	7.99718588411784	5.67581031503628	8.32659451570376	9.38798162880424	0.914449715607022	8.35230027991402	4.74502521562176	4.57035842900203	5.91148532404725	5.74988599567402	5.13225417424612	6.19071551351545	2.86448371780198	3.54044964718347	3.66865958011953	4.26167943977741	3.37483820481054	8.24779103468147	5.40455078203886	3.64744288412039	7.39243549566609
hsa-miR-144-3p|MIMAT0000436	-2.08253005332081	1.46775942934728	0.720183012145796	3.66702102387423	0.377787874693409	0.0136666345715372	3.10461460346751	3.3876163412903	2.04174727653344	-1.39184555833863	4.2235187778831	2.69009276000674	1.72165963864916	5.28233723360126	0.352865847617869	4.27090175238672	0.863087643675862	2.85962055663442	5.39425750434647	0.57648440726344	2.85572803565451	5.49912707055378	-0.784699131452008	-2.0135089678146	5.00904223364032	3.15475963062794	5.3449886258401	6.32039089618163	-1.08555181522653	5.50172020445593	1.83813410891628	1.30983101540755	3.07749544847593	1.72435035206003	1.73590164716299	2.73456634604369	0.786480941670665	1.1254130571776	0.259268870878391	1.62057374283005	-0.36932428150394	4.63580540119418	1.70884099188479	-0.0804783763462067	4.46467715314119
hsa-miR-145-5p|MIMAT0000437	10.1947578330418	10.3188825577049	11.3804761337598	10.6008206837504	10.9259668277843	10.3115832128908	11.1440730272005	10.4273662239116	11.3896703436579	10.4390659011872	10.4439951128527	10.0388209073804	11.6911013102343	10.8909688098054	10.860461388482	10.5351142320013	10.1106398705996	10.5257639208964	11.538566522858	9.15425614583034	9.90458649641212	11.6334743803026	11.6826537861478	12.0526656603572	11.7513917764318	10.7839704272081	10.5683381546264	10.9111665420133	10.0638795027884	9.93467962706306	11.4999127675997	10.3245487919782	9.16126363219546	10.090360858153	10.2345744751833	10.777320225966	11.4996769742712	11.3556727787998	10.0846249678921	9.70576169196455	11.3122669529316	11.1286010883648	9.96753251293532	10.5855244609266	10.5807973017184
hsa-miR-145-3p|MIMAT0004601	5.37279761961519	5.73079266702108	5.86653961869106	5.02065776121077	5.77581821137727	5.00801745983075	5.76259191107105	5.09810967048776	6.22617164970248	5.44104468828971	5.53762734564674	4.17551957120908	6.43484761735075	5.69427544315911	5.76564647134205	5.2989160423274	4.53402280705271	5.63859372207755	5.75132732390568	4.1938680775213	4.4186642453767	6.05670362512866	6.40512748722642	6.8568570586749	6.22774964220051	5.18332873835594	5.10131957468941	5.7848971370398	4.72180480168241	5.04577472975551	5.87522398271672	5.16781182993391	4.25437302650789	5.21161676011319	5.28506307168323	5.53675970982594	5.99593475941407	5.93619795003401	4.82151109101261	4.71207214449498	6.03666948466024	6.29557647042608	5.1514319346522	5.2324053464652	5.42594470931482
hsa-miR-152-3p|MIMAT0000438	7.1414721011359	6.75069215561212	7.38314807384083	8.28390990409246	6.89873313292454	5.93252715538593	7.42535964941949	7.4306850535531	7.89519837848764	7.74129683273454	8.562887279264	6.76048208523682	7.32728140539022	8.88728408656022	7.62526144327431	8.65646801834272	7.72564286751158	7.81381694396312	8.40778093244363	7.00731668538946	6.94704329328281	8.53023265308428	7.45728612188474	6.72458462870654	8.70020414426343	6.83057546774772	8.5138301519385	8.25314359951045	6.04887624829226	8.33150432069743	7.14798992419305	6.76926248856054	7.16864315865285	7.76091708513344	6.80072323336038	8.60801058011354	7.41745631836612	7.30067056345271	6.34407702781654	6.45707505277276	7.77635458849877	6.66282853870648	6.35637615135877	7.59547946967691	9.08230881231332
hsa-miR-153-3p|MIMAT0000439	-0.275175131263203	-0.43913051426538	2.08941747155793	-0.502903750413667	-2.20717462602775	0.013668063663764	1.49580566269321	-0.656776399589015	1.16727891778785	-0.806881795672679	0.599028273367538	-0.631835111329996	1.92811028282337	-0.996887139392162	-0.969062247269494	0.598476690659164	-2.38483986976772	0.859619761568594	-1.7955687697206	-2.88294334151746	3.20365143872652	-0.108202884336035	-1.19973580227163	1.89338240446968	-0.061346852317412	-0.904132276499571	-0.279502629517654	1.30916337899111	-2.08555181522653	-1.77440423265968	-0.16186629458145	-2.27512973950309	3.01336506444561	-0.498044252326472	1.55532928602042	-1.58735936443677	-0.0615154630372535	1.54044989516706	-1.15576862840045	-1.18678071005439	-0.106289875670146	2.64787835149058	-0.523817425865419	0.726876545711397	-0.773728239574511
hsa-miR-191-5p|MIMAT0000440	7.31834987108019	8.10486605062647	8.15689460103998	9.24136900274224	9.0466721005575	7.84021238958527	9.11198657019678	9.4253712506327	9.95191276846506	7.99509487076412	9.25247011616224	9.64777523771902	8.76521258695885	8.77625277149034	8.33699853646002	9.00202097176098	8.4217091842538	7.77414166826046	9.83515509026157	7.39317680691417	9.66425359662663	10.1716974527865	7.58162517653528	9.14067756544577	9.76964339059892	9.06116915800171	9.43760297087594	8.62883579331915	8.83107583659683	8.79260118313499	9.90870289144446	9.27945721081964	8.76094764414894	8.04111733571455	8.86336456528262	7.88938456994291	8.4976703851885	7.77406929510786	9.43357017332956	8.30907389379715	8.64469760543312	8.58961054077183	6.99660270548716	9.29944224495731	9.10738637239523
hsa-miR-191-3p|MIMAT0001618	-1.08253005332081	-2.43912855827956	-1.2798161121091	-1.08786829552582	0.114753468859615	-2.98633050724543	-1.24115788525523	-1.65677639958902	0.582316095879204	NA	0.5990292258323	NA	-0.393817432962541	-0.259922121060285	0.352865847617869	0.183440779428279	-1.79987736904657	-2.5998118570687	1.20443248236615	-1.88294866257268	1.20365159532204	-1.10820443939581	NA	NA	0.424081480216931	0.0958677235004287	0.720497370482346	-0.690837785422477	-2.08555181522653	-0.189441731938525	-0.16186629458145	-1.27513323112624	-0.446065482148315	-2.08300675304763	-1.35156032783198	-1.00239975390631	-0.383444687080682	-1.19651173126739	0.259268870878391	-1.77174649499089	-0.691252376391303	-0.674049513208248	-2.84574344651288	-0.0804783763462067	0.926711478566581
hsa-miR-9-5p|MIMAT0000441	10.2937315094143	6.02029925951923	8.40142147192426	9.58632553031094	8.27361481050724	5.05258304823397	5.85335739281845	7.01210716521626	9.18779494476568	7.62913457368329	5.47349710987352	9.00660057265858	8.56134776373256	6.77129788536655	7.46764839015391	5.74313458670154	6.58670311380495	5.30707957667169	7.28124852460311	7.68120188881401	8.1428108237703	7.26683616293002	5.67473457716105	8.45613417629141	8.73825833568209	8.26662552132209	6.84634171720703	8.29642769048413	6.61488959566311	6.29705820328597	6.02135646233129	7.11073078223908	11.239120115384	10.239487563953	7.31554992817862	9.53708283131989	8.10840950181205	6.27651328482574	5.62995604461965	6.93042905272842	5.39089804031096	8.45609161736482	6.98318218476233	6.36660565411743	6.08425339345382
hsa-miR-9-3p|MIMAT0000442	0.239398041566556	-2.43912855827956	-1.2798161121091	-0.502905794804667	-2.20717462602775	NA	-2.82612038597639	NA	-0.417682940558534	-0.584490095447407	NA	NA	0.343148540305022	-0.259918666057756	-1.96906224726949	NA	-2.38483986976772	NA	NA	NA	-0.603704579500209	-1.10820132927794	-1.78470161683252	-0.428546467093445	0.616725617306948	-0.167166682333365	-1.86446513023881	NA	NA	NA	-1.74682879530261	-2.27512973950309	1.72385864577724	0.501957785187011	-1.35156032783198	0.734567863393991	-0.798481559050491	NA	-1.74073112912161	-0.771744031828681	NA	-1.2590120139294	-1.5238195001083	-2.08047837634621	-1.18876573885335
hsa-miR-125a-5p|MIMAT0000443	8.9855769092169	10.3672158236333	9.49332226390382	9.67202144398008	9.12653904120957	9.88826107991522	9.95605643599651	9.79597824024337	9.87406170141204	9.67777221185633	8.89823589565024	8.33683145429871	10.5037756124146	8.97226022004529	9.68333370001449	8.95767677862941	9.96761685347174	9.24842071219298	9.36871136858131	8.83000922587359	8.96994370416224	9.06234776845636	9.86433455040343	10.0864975848296	9.4867041496147	9.56177231721043	8.63338713177401	8.62318037468174	10.4528813748968	8.62112995043466	10.295173475467	9.47054268515471	8.0755337649575	9.49631196314075	9.91200102114991	9.86178701561265	10.0736807492512	9.79382439449734	10.0344673535402	8.73059095507512	10.6591357827121	10.781106049043	9.19727963207326	9.11612455612941	8.94352041677171
hsa-miR-125a-3p|MIMAT0004602	2.47205905837916	1.64833106134567	1.7201830121458	2.86632959761563	1.79282495760134	2.10112695389096	2.63330937246306	2.25011267969238	1.9042436126289	1.6525489051867	1.33599367704072	0.368164888670004	2.60618209316062	0.740078742691123	1.61589978275604	0.183440779428279	2.31559926875838	1.57011411612067	-0.21060459955069	1.43898049652729	2.64422385703322	-0.52324090196795	1.60762006659593	1.15641668085755	1.3171645393417	2.0344654180398	-1.86446513023881	0.894125491574507	2.55830608908166	-0.774404232659682	2.77673421335695	1.81233145863153	-0.446065482148315	1.23892439810888	1.8963660230056	2.7701905254082	2.97410837325245	3.64478625509465	1.16615946648691	0.928695496838544	3.55667648570807	1.82845042110584	0.961607030741285	2.56337878972286	-1.18876573885335
hsa-miR-125b-2-3p|MIMAT0004603	2.80011320317747	1.88279562463351	2.99320171793901	0.234061025996487	2.74702125455689	1.33559301454636	3.44066389590653	3.38761647913827	4.07416869972125	3.05109832914826	5.40638278722577	3.06860443484908	3.06561401335593	5.54227229089231	3.73137671051705	5.6208440785791	1.13872208628929	3.0440452072784	5.62228538532549	2.54331695834905	2.0967358132066	5.42317814748829	3.302765464182	2.89338259863856	5.26777656422908	2.68082842429627	5.57847875809984	3.73542837740756	3.34071450590988	5.55651267610967	2.64548978032651	2.24843069845794	3.80186089342465	1.91699515712135	3.32086357038028	4.79634264357566	2.70401870767764	4.21852158329406	2.4291938723207	3.8429661641665	2.47867366038284	2.49587548823406	2.49410297126387	3.72687730844141	5.82618526374961
hsa-miR-126-5p|MIMAT0000444	7.02468750978294	7.80404159068404	6.55938683466068	7.83099650038597	7.23783947431562	6.97944819823811	8.06566095332167	7.28280142501656	9.42937276925514	8.0536868385113	8.37600914831486	8.23852937897071	7.51907155719971	8.72078998807934	7.90438095597018	8.0445257046324	6.16974840075339	7.70282793921386	8.81545772799074	6.31672476819491	7.42696363824438	8.71993322178539	7.1709528860184	8.53723914180057	8.70683723077247	7.20613164812804	7.87024491543249	8.11006357132006	7.14326861021392	8.02649571152441	7.54088454489406	7.01027056568214	8.20498500631524	6.4247906579448	8.10376560234421	8.25734413685734	7.3847407340481	6.80348401943615	6.57894075037051	7.118520657882	6.83817957734398	8.45437411850253	6.83549075867298	7.69595545622578	8.67696818410512
hsa-miR-126-3p|MIMAT0000445	9.83596102674005	11.7195561694225	10.1336346885745	11.891379805212	11.2781508039566	10.7720953294823	12.2261056341894	11.786554311667	13.3996488795173	11.0270613533618	12.457267946826	11.9277807441556	11.6087628629245	12.3533161157731	12.098539259068	12.2526647657949	9.91651284273085	11.7648024794281	13.1568556887676	10.1416726704865	11.3519464214375	13.1418360254122	10.81207509361	12.5383207613842	12.9519406831186	11.3187613580578	12.1086945145605	12.2455255642601	10.7360246129997	12.3788311509956	11.8135050036968	10.9343217262298	12.047663702239	10.2078788481414	12.5317976323818	11.8322035947167	11.5083401200363	10.6676701659197	10.5345201702072	11.030065758111	11.0954270764283	12.858914731056	9.68928465837223	11.5070655700125	12.428166587052
hsa-miR-127-5p|MIMAT0004604	6.68895989159816	7.26477118762203	7.99940671057809	6.91494827429687	6.6570107895306	9.15417416396498	7.98284141081326	8.1278570637384	6.67507257677618	7.46924152677158	8.03643318637211	7.43425385390886	6.12450753009064	7.72649009619485	6.53476260379553	6.79076910608171	6.10098889246315	7.10754813284634	7.315568594114	9.50963816345714	7.60574986748477	8.13497072961791	7.76123273399457	7.37019663268352	8.36407864933141	9.02512426298414	7.25447637711244	8.87901928761804	8.4651966887724	7.71142512422616	8.0685554624565	7.75139180153935	7.11235402163546	6.12644935909375	7.77900894099947	7.83890313440477	8.03756926820501	6.12841460358596	8.88269291623219	5.52287717204149	7.0835360979268	7.07860950382255	7.58888057718799	8.39119763730094	6.73009815073187
hsa-miR-127-3p|MIMAT0000446	9.21237831647479	7.60799151581064	9.32874592053683	8.57658054215495	7.25839102495586	10.4198688934333	8.61370812621885	8.82199183319662	8.00858017272607	9.24545874263064	8.69705995657077	8.44498025803038	7.08461479330439	9.05341572603625	8.12633386166779	8.11712944688463	7.81728337838401	8.27286389077771	8.29322116603924	11.8037170632433	9.04914148013899	9.2531922699652	8.84192461641994	6.87827604757673	9.07973822788213	11.3797259069433	8.21901462316929	9.75573008886039	10.9181434957334	8.29705817576509	9.00471622712544	9.6637128218509	8.44571702113368	6.95591500199422	7.80452145780435	9.78984890215065	9.60595091711165	8.02103788437136	9.74836394139831	7.11395274249021	8.44893973874158	7.97100803653144	10.5255525499943	10.5590892474993	8.83175193074545
hsa-miR-129-2-3p|MIMAT0004605	-3.08253005332081	NA	0.942576059014515	NA	NA	NA	NA	-1.65677639958902	0.167278275412797	-1.80688179567268	NA	NA	NA	-1.58185107969957	2.11839992946933	NA	-3.38483986976772	NA	NA	NA	NA	NA	NA	-2.0135089678146	NA	-2.48909477722073	-1.86446513023881	-1.69083778542248	NA	NA	NA	NA	NA	-2.08300675304763	NA	-2.58735936443677	NA	NA	NA	-1.18678071005439	NA	NA	-1.84574344651288	NA	NA
hsa-miR-134-5p|MIMAT0000447	7.68317091166017	5.71061473189829	7.52431408622648	7.31727472351898	6.51392380492375	9.18390195150575	7.20454439301179	8.11306005798201	6.05804888807925	6.78183176479824	7.70755233673617	7.4234470972589	6.2257908764422	7.67789431871158	6.51877685827345	7.07015152123541	6.75215065343191	6.60476016175288	7.17597648028367	10.6402467775556	7.90012225768441	7.82105515268168	7.35357475273163	6.5100543178773	8.52811680303175	10.0211730263397	7.51923958690536	8.59572144172428	8.5069069472036	7.51561466157721	8.11890543564003	8.30606894618894	7.05377921048504	6.37642764401643	6.69009755236573	7.75693427579145	8.85615494579631	6.7420834787029	8.48808732029667	6.52287710928584	7.42379268533174	6.4027657087205	8.16233075443588	9.79104269207065	7.28155484501867
hsa-miR-136-5p|MIMAT0000448	4.35209866880922	5.41261672357699	5.64301528635339	3.91213342942927	3.94257183666642	8.42676288078245	5.32869538966926	5.54289458364755	3.66977842700809	5.54773378705388	5.22351885511001	5.12305218384215	3.60618209316062	5.65655577610281	4.29772341316333	4.97351567429105	3.68124887083963	4.50871336020722	5.53534981931973	8.4663336410628	4.48375929343874	5.46922557732453	6.20682478007418	5.19594565728835	6.07205208439306	7.28569043314207	5.11281521019179	6.23990098379632	6.30676732062776	5.07108581828469	5.31926137077635	6.03320741815808	4.66245777829155	4.35993941264577	5.74119551846428	5.08506368238377	6.15571517628751	4.14925895896918	6.18704659534831	2.72010944765918	4.49857358656868	4.94065995508892	6.10990226239991	6.00698525006737	4.74983435993022
hsa-miR-136-3p|MIMAT0004606	4.39320378959106	4.26130739834799	4.95539962108904	2.61257283796319	2.185142162281	6.68254892919108	3.34380248398902	3.25011298295793	2.04174727653344	4.64157758769637	4.14334851745844	4.32236098271756	1.1911444359228	4.56789816877019	2.73137681913915	3.32639683959784	2.10701289167332	2.75774078748044	4.45236045710458	6.93882639536975	3.30318689304368	4.46165244572118	5.35996119277298	3.86913526630672	3.99176435718366	5.91604484616892	3.42093749272549	4.2160541298547	5.86864622352069	3.4735232807839	3.25317196125555	4.18429997461354	2.13889636343532	3.00445878491112	4.37635887638133	3.85558173953042	4.04282107423346	2.77311039869749	3.58119672468815	1.3157192440969	3.06363633365923	3.62363068429736	5.70114677060813	4.54887892171565	4.38614371815343
hsa-miR-138-1-3p|MIMAT0004607	-1.49756755259965	NA	-2.86477510985516	NA	NA	NA	NA	NA	-0.417682940558534	NA	NA	NA	NA	NA	-1.96906224726949	NA	NA	NA	NA	NA	-0.603704579500209	NA	-2.78470161683252	-1.0135089678146	-2.38327344184067	NA	-1.86446513023881	NA	NA	-1.77440423265968	NA	NA	NA	NA	-1.35156032783198	NA	NA	NA	-2.74073112912161	NA	NA	NA	NA	0.919522386383802	NA
hsa-miR-146a-5p|MIMAT0000449	7.90188888201678	5.78003618148279	6.46389548642146	7.65022552252413	7.65546198734062	5.89936030683212	6.5489167187221	7.08805603822401	10.5182171047841	6.1297550513614	6.01406538570739	5.67194541046672	7.18109107833996	7.22550596317657	8.07942372533392	6.39613785465186	4.99453795424085	6.08668949798644	7.1845724938965	6.24375688590579	5.09673619264967	7.03900167583924	6.88595918220625	6.3528145526584	6.9067436857063	7.10149041323835	6.20162447186023	7.67767015582395	6.46134436377889	5.81805283018048	5.66256308074728	5.91469295399027	2.46082406524003	6.04111731928301	7.313774292637	5.6558123297767	5.72508083339526	5.5314045434523	5.23081215589797	5.44742490191532	4.75169251180006	3.09853982225804	6.87791329053571	7.50636221302763	7.04645136676291
hsa-miR-146a-3p|MIMAT0004608	-3.08253005332081	0.730792965852797	NA	1.81902352671764	NA	NA	NA	NA	3.93986755996208	NA	NA	NA	1.1911444359228	1.41815161952348	NA	NA	NA	NA	NA	NA	NA	NA	NA	NA	NA	1.75883145732878	2.04242581559149	NA	0.49941170605051	3.35487878428528	NA	-2.27512973950309	NA	NA	NA	NA	0.938483784192134	-0.459548120965694	-0.155768628400453	0.228255968171319	-0.691250046895736	-0.674049513208248	1.15425331248596	1.08944662509611	1.31373518204045
hsa-miR-149-5p|MIMAT0000450	3.85998484945092	4.61615005348748	3.96811057168124	3.4356953938194	3.72356194705074	1.82101910675346	4.20730027256338	4.40931143296394	2.58231537320709	2.87494112985637	2.4734970449327	2.17551981072761	5.62113256653047	1.58807536132899	3.61589931206026	2.12203819101514	5.06637068232213	4.81804152727512	2.01178794103202	0.702014724992374	5.27893951029336	3.72468672060261	3.14604028404868	5.01991532324154	2.86465248700908	4.92029430075874	2.04242581559149	3.95301980164844	4.62869539364609	2.13248636294884	3.61072427218731	2.67906454349073	3.25437302650789	4.71141181163053	3.34887797431449	1.99760060736785	3.42391144478696	5.35807286424367	4.2479533298607	2.90068155162908	6.45085609922404	2.82845042110584	2.22034171929759	3.34578722977541	2.35555534115323
hsa-miR-149-3p|MIMAT0004609	NA	-2.43912855827956	NA	NA	NA	NA	NA	NA	NA	-3.39184934417964	NA	NA	NA	NA	-1.96906224726949	NA	-3.38483986976772	-1.5998118570687	-1.7955687697206	NA	NA	NA	NA	NA	NA	-1.48909477722073	NA	NA	NA	NA	-1.74682879530261	NA	NA	-2.08300675304763	NA	NA	NA	-1.78147423198854	-2.74073112912161	NA	NA	NA	NA	-2.08047837634621	NA
hsa-miR-150-5p|MIMAT0000451	10.7232143078434	9.2119192866113	7.71170489435244	9.30230222138891	11.2428759522464	6.47718827920377	8.92625789704645	8.56722389013656	15.0325762312935	8.0505798268014	8.94036136608039	7.61133864342779	8.51607530402031	10.211551164475	11.7363532391161	9.10676628264934	4.95500957496914	9.50871346715219	9.177412715695	8.01414153441713	7.45428823737149	9.92659569725916	7.36885499722439	9.90981984639179	10.2191917159556	8.44533139679978	8.30671209569805	12.0731021901629	6.49565049338263	8.76087118719587	5.68780041192379	6.54185196374771	6.10852217773638	8.89427595384052	11.4418384798409	8.91993749300653	8.15668446245753	6.51084316097215	6.77496847203692	7.53317803302685	6.06029306634295	6.0356083610891	10.0941987983347	9.52407565808165	8.77413091895794
hsa-miR-150-3p|MIMAT0004610	0.239398041566556	-0.11720359297078	-1.2798161121091	-1.08786829552582	2.54771213592067	NA	1.17387705625095	-1.65677639958902	5.19702536972257	-3.39184934417964	0.0140667251111436	NA	1.02121959243947	1.3250415313293	2.88891796877558	0.920403832716912	-3.38483986976772	1.4001886895391	1.37435790117047	-0.297984388164272	0.396295420499791	0.891796338134288	-2.78470161683252	0.571454503751197	1.20168780441051	-2.48909477722073	-1.86446513023881	2.9530197084954	-1.08555181522653	-1.77440423265968	-1.74682879530261	-2.27512973950309	NA	0.501957785187011	1.45579354234404	-1.00239975390631	-1.38344656900942	-2.78147423198854	-0.740731129121609	-2.77174649499089	NA	-2.2590120139294	-0.523819500108302	0.241449718541156	0.0336266824830932
hsa-miR-154-5p|MIMAT0000452	2.5898957679075	1.64833106134567	2.56148549015461	1.08205875030749	-0.207174626027748	4.9084817318381	2.26134034887327	0.665150785502262	1.38967032967766	2.5388919654129	2.82142021847137	2.95312720309897	0.828574717587164	3.0328609678634	2.3528652827831	1.18343887377052	1.20012200303718	1.30707932158813	2.45236058890307	5.01791923633731	0.396296516668916	2.47675909803205	3.23767078458738	1.79384720247171	3.17131380838574	3.98663683359646	2.04242581559149	3.06405126929223	3.74733991776875	1.54752386222768	1.8381345124139	2.30983101540755	1.1388957082975	1.72435078866964	2.23340094569392	2.11307801931998	3.10840937112273	2.71037489660938	3.01415619446586	0.687687810732244	2.396211835151	1.647878121302	3.8266777266401	3.20492462480323	2.08425343598052
hsa-miR-154-3p|MIMAT0000453	2.34373526980214	-0.11720359297078	1.5275383095228	-0.0878667622323014	-2.20717462602775	3.93252724987159	0.75883955697211	-0.071815415194987	-0.417682940558534	2.46613556733501	0.5990292258323	0.368164888670004	-1.97878182919197	1.11859096392629	0.615899312060255	0.183440779428279	0.863087643675862	-0.0148493563475472	1.20443310840911	5.4479693061946	1.5662213963147	0.213724277515665	2.02265756587477	0.793846786395593	1.20168780441051	4.35639344249526	0.457462964648552	1.11651846739343	3.00191264690634	0.225595767340318	0.575100267979121	2.11718568806348	-1.44606548214831	0.916996303221518	1.81836344641508	1.93620032973237	1.86448411399694	0.388446360862256	1.50719638432198	0.550184555690618	0.478673660382837	1.82845042110584	3.70884132288126	3.08944747257387	0.81123508332979
hsa-miR-184|MIMAT0000454	1.56132662529587	0.145831334459915	2.68980949353243	0.497096249586333	1.25225699260955	NA	NA	-0.656776399589015	2.75224077613395	-1.80688179567268	1.01406529641377	NA	0.343147403000655	-1.58185107969957	1.73137703638333	-2.40152045085577	-2.38483986976772	6.20754392394393	-1.7955687697206	3.50936977374192	-1.60370457950021	0.699151815570275	4.03548192043906	-1.0135089678146	-2.38327344184067	4.06549217879082	1.94289016705642	NA	2.16237795418172	2.74915772339733	0.838135319408797	2.72486807823344	0.553933535145292	0.916995539154838	-0.351562168625255	NA	-0.0615154630372535	5.95323115040134	3.06662362073771	-0.449816429573424	2.00918877528597	-1.2590120139294	0.324178097861274	NA	0.811234261146645
hsa-miR-185-5p|MIMAT0000455	5.71513196686751	6.34550245513999	6.12106251579301	6.2204723017653	5.85352053217666	5.21823509503016	5.61682075789765	6.65610516811303	6.59912372506917	6.31551377299677	5.99134531062467	6.92275350252782	5.19114475184074	6.33701429910777	5.3618537537724	6.03310451623491	6.05395141822879	6.44731289820585	6.22124121964343	6.03889333871442	6.85162372760451	6.45021743707422	5.23211127696125	6.51396934849126	5.70948196212046	5.86405019055623	6.18538383551311	6.0370841411351	5.60793685798952	6.13848514452806	6.25879669590915	7.69784814962272	6.20498499653706	7.01765835831128	6.00158519166011	5.9556701777598	5.2818923518441	5.65314975269763	5.83291577996188	6.28082439471171	5.59415127600712	6.64787819323593	6.06114295739943	6.62342598726479	6.9490799454496
hsa-miR-185-3p|MIMAT0004611	-0.275175131263203	0.145831334459915	1.30514580478205	2.37156471701474	2.185142162281	-0.66440469890404	1.56619508802361	2.51314733824747	2.83024315289834	0.856082951377254	2.33599367704072	1.69009253645608	1.72165920122435	2.11859063171441	1.3528652827831	1.68593880327515	2.20012231699534	2.98515137246281	2.11132349533667	2.02394299724845	2.71822417308873	1.79868760760188	-0.462771533640406	1.79384720247171	1.42407986732676	1.51090319786313	2.59496672718608	0.631091240995828	1.37388147341093	1.81055826806147	2.57510026797912	4.36872456479619	3.87586133522061	1.37642708833151	-0.76659782711082	2.21999369964177	1.61655578340112	1.80348413567846	1.71870048951569	2.72010944765918	1.55667611789298	1.20041960470789	0.546570025330166	2.9195223863838	2.35555534115323
hsa-miR-186-5p|MIMAT0000456	6.98086551909396	7.23858724303514	7.07773507016299	7.87068598555966	8.09088719030538	7.02489116474523	7.94948752523236	7.61934662631674	8.78932974270405	7.45755973754376	7.75215763968168	8.46619674318463	7.35437506397441	7.60550314176805	7.61589934883337	7.90225704081891	7.63683360769421	7.29045328623064	7.9609892550622	6.10004598474699	7.87202993531881	8.0853220976922	7.0654898092047	8.69039592919148	7.9136410239377	7.14208041954395	7.70539089974072	7.81298941530754	7.66766665104024	7.91733932828655	8.35251996848793	7.69065263873381	7.56516057726785	7.06420093170053	7.81208805144393	7.13715224417389	6.59097098399094	6.99001101555455	8.36779309181978	6.93042906455632	6.30874902494632	7.14612907234958	7.37583947936412	7.41537745341465	7.89692865114947
hsa-miR-186-3p|MIMAT0004612	NA	-0.854168665540085	NA	-1.08786829552582	-1.20717462602775	NA	0.495806685802453	NA	-1.41768294055853	-3.39184934417964	NA	NA	-0.39381743296254	NA	NA	NA	-1.79987736904657	-2.5998118570687	-0.795568769720598	-2.88294334151746	-1.60370457950021	-0.52324090196795	NA	0.308420292086253	-0.383273441840673	NA	-0.864465130238811	-1.69083778542248	-2.08555181522653	-0.774404232659682	-0.16186629458145	-2.27512973950309	NA	NA	-1.35156032783198	-1.00239975390631	-2.38344656900942	NA	-0.155768628400453	-1.77174156867068	-2.6912523763913	NA	-3.84574344651288	NA	-1.77372823957451
hsa-miR-188-5p|MIMAT0000457	1.16539810333583	0.368223010657875	0.305146388612056	2.37156499579524	0.114753468859615	-0.401371817436244	0.343803478678634	-0.071815415194987	0.904243612628901	0.856082951377254	1.59902827336754	1.36816488867	1.1911444359228	-0.996887139392162	1.03093704668701	-0.401522356511851	0.702622971482616	-0.277883762181341	-0.795568769720598	-1.29798438816427	0.718223515387154	-1.10820132927794	0.215303353924225	1.30842029208625	-0.061346852317412	0.510903197863131	-0.279502629517654	1.30916337899111	0.914450481023187	NA	0.838134512413899	1.63175899390747	1.55393304379184	-0.0830052249122459	0.970367030738356	0.219993080314881	-0.383444687080682	0.540450887101026	0.0666237929359952	-1.77174156867068	-0.36932428150394	-0.674049513208248	0.402180791813709	-0.0804768508865918	0.685703379062786
hsa-miR-188-3p|MIMAT0004613	NA	0.145831334459915	-0.864777737085683	0.912133237767699	NA	NA	-0.826120385976391	0.343222463165788	1.16727763303746	-1.06991519195143	2.1839904566003	-0.631835111329996	0.0212195924394686	0.418151079679271	0.838291867881227	0.183439508990052	0.0745917488695738	-1.01484935634755	-0.795568769720598	-1.88294866257268	-0.0187420787790525	1.35122859293226	-1.19973580227163	0.793846786395593	0.786650723288444	-0.167168302266051	1.4574634899812	0.309163378991108	-1.08555181522653	1.39552076878263	-0.746828795302606	0.0467969587360309	1.1388957082975	NA	-0.76659782711082	0.412637384098295	-1.3834428051544	-1.19651173126739	0.429193872320703	-0.449816429573424	-2.6912523763913	0.062916080957958	-1.84574863211822	-1.08047837634621	-0.188765738853355
hsa-miR-190a-5p|MIMAT0000458	1.23939804156656	0.368223010657875	1.04211198277826	2.77011439151175	0.962749635199518	1.18358877782515	0.49580566269321	1.51314759096872	0.167278275412797	1.56235087417198	0.599028273367538	1.36816488867	1.72165963864916	1.2255063102193	0.352865847617869	1.40583174883523	0.315599848373369	0.207543064988901	1.90487210419291	-2.88294334151746	0.396295420499791	0.699151815570275	-0.199735802271632	1.30841912707276	1.8646528831577	0.0958677235004287	0.135534869761189	1.76859510348414	0.499412726605667	0.547523862227681	NA	2.81233104785231	0.138897018572841	1.37642708833151	1.89636563547006	1.31952891901966	0.616556253882768	0.540449895167064	1.90312506065312	-0.449816429573424	-1.10628987567015	1.82845042110584	0.961607771542809	-0.0804783763462067	0.926712237504885
hsa-miR-193a-5p|MIMAT0004614	6.6487894665462	6.24386219909162	6.9473978588268	7.14575292980939	9.34212798448783	7.69314399439866	8.63382109439334	8.72800596233357	7.93104357620746	8.40824560551989	9.53958617723452	9.12138140989467	8.87530890210776	9.53221871369245	9.1210492603679	9.80579571797231	8.86871161883368	8.31681493383316	9.26647906633993	9.43700671482454	7.67938486441442	9.476289531344	7.62469390263591	8.20202536449477	9.08890793107245	8.07505284566938	9.46140288009843	8.08888303749125	8.05015919629726	9.59682794042489	6.2475255909625	8.81166804539415	8.49791323498958	6.94490201875543	8.06839856011722	8.55282907603205	8.64307985428225	8.54887823602906	8.90267390081228	8.95277022599482	8.8508135845257	7.14612906216424	8.33509391070695	9.38916424557884	9.90311101932235
hsa-miR-193a-3p|MIMAT0000459	1.08739494812151	1.88279601583142	2.45714878146107	2.1600608319109	4.20221560472856	3.6860893425262	4.6895771600963	2.98707851647103	3.33720284860491	4.36304215414905	3.26199303544124	3.76048209854341	3.63592963964477	3.72193180052248	4.37078698855551	2.95602839316061	3.97271158350928	4.02954555807673	3.33371596437163	4.27692382772284	2.71822439232252	4.0003212343858	2.80026523330172	3.89338298697623	3.17131380838574	3.0654923511242	3.22299802003076	3.76859531519558	3.00191282700429	3.54752386222768	1.06052751017532	3.42530809853428	3.55393341230695	2.23892378685557	3.57917568194583	3.05649457098971	3.54729360687128	4.38844649863094	3.70221214504657	3.95617674805751	3.57553549544438	1.647878121302	3.48516930888596	4.06926951663116	3.61858977047797
hsa-miR-194-5p|MIMAT0000460	9.33056941783713	12.012786999804	11.547327244947	14.6845767146767	9.81588586659671	12.6738269553969	12.3021132792526	12.6235580199015	10.329249559692	12.8941347272538	14.2180632952488	13.3353909170601	11.3438520855268	14.3637434995244	11.897829368127	14.3071156581575	12.875509450793	9.76240682594178	14.1918079849375	12.6600540056551	11.3968247481143	13.7120006340182	10.0900922562057	11.0599645133581	13.7948449723178	10.9459224295929	14.1800788381293	12.3054606150827	11.9000250536127	14.0769056551457	13.547003010529	13.7840860571373	13.7764263707603	11.1915197846478	12.0277490510727	13.0970856669162	11.7966209622909	11.5168705339347	11.9846881413727	11.5543346957787	11.9387885947623	12.4130814005405	11.6186066416488	11.5891826092921	14.5623779351778
hsa-miR-195-5p|MIMAT0000461	5.72804207135102	4.31575517679775	5.16864355975764	3.71948826934621	4.13267463664183	3.48939740003629	5.61682075789765	3.89781109707297	6.71674176115175	5.17801020939593	5.35391538748963	4.17551957120908	7.34314782060471	6.23513465984287	5.68914834069444	5.85114173260555	6.96940892503506	4.95477787848528	6.1292454239444	5.29197806941103	4.12421686781997	5.88048144734389	4.99666270593988	6.05795471566803	5.8881878322413	3.79630567633017	5.13553532121894	6.60837171158507	4.12390328810525	5.25901880655267	2.8381345124139	3.27945732921911	4.07749527757039	4.45615475283569	5.596805621905	5.01996868162525	4.20151883301752	5.23532984285506	3.71870027035423	3.3157192440969	6.4120368381894	6.26062384376725	4.3141236837619	3.85025976145799	5.63141386384609
hsa-miR-195-3p|MIMAT0004615	0.917469946679193	0.730792965852797	2.17961455116988	-0.502905794804667	0.377787874693409	NA	2.12807361416441	0.665149875705602	2.97463283039881	1.30859445102059	2.4734970449327	1.95312738939116	3.0212197701433	2.37234732040881	1.73137660189494	3.27090175238672	2.84397821792856	1.6481161166762	3.3337158212761	2.02394299724845	0.71822439232252	2.79868719291941	1.12219295538276	2.23441946537656	2.3171645393417	1.31825840919464	0.720497370482345	3.26335987718654	0.914449715607022	2.54752386222768	1.25317120469739	0.0467969587360309	-0.44606744756177	1.08692096507869	1.23340155929168	1.87206988949948	-0.383442805154396	1.91896128951286	0.581196965765753	0.0356112421088946	2.66630121910221	3.02638985079662	0.154252664284859	NA	2.68570405175812
hsa-miR-206|MIMAT0000462	-0.275175131263203	-1.43913247025385	-1.864780364321	0.497096249586333	NA	NA	-1.82612038597639	NA	2.75224034788376	-2.39184177250756	0.0140652964137654	NA	0.60618256703746	NA	-0.384099746548338	-1.40152426217045	-3.38483986976772	-1.5998118570687	-1.7955687697206	-0.561019503472705	NA	NA	1.67473452067525	-1.0135089678146	-2.38327344184067	0.680828424296266	0.720497370482346	-0.105873732150083	-2.08555181522653	-1.77440423265968	-1.74682879530261	-1.27513323112624	-1.44606548214831	-2.08300675304763	NA	NA	-2.38344656900942	-1.19651503770976	4.33608425363802	NA	-1.10628987567015	NA	-2.84574344651288	NA	-2.77372823957451
hsa-miR-320a|MIMAT0000510	8.29087938598405	8.15705737686683	8.18438844289619	7.14095197937334	7.86428698737071	8.40866241187739	8.7470510314904	7.30032424158268	9.19794505546695	8.08793487536378	8.06934782322272	7.97179100378408	8.63408821137707	7.34147854508364	7.93481869048584	7.48874058112671	8.76331833211085	8.37388636597837	7.38930823403104	8.07197570439279	7.90210804797155	7.80018936264098	7.74765887980786	8.73803641238891	7.71607263265938	6.86405019055623	7.61329354880857	8.04556559834122	8.02819206402977	7.45681698911151	8.24469401155729	7.70643562908819	8.2157114218173	7.44837746637139	8.26038532013994	8.74075225736525	8.73744224835702	8.44010864822255	7.30366275281193	7.23388091032065	9.19215602569943	8.86316850316641	6.90495936233673	7.49506168619956	7.53119406175583
hsa-miR-200c-5p|MIMAT0004657	2.72482530520283	NA	3.42062279765192	5.18825765293415	NA	NA	NA	-1.65677639958902	NA	-0.806881795672679	NA	NA	1.1911444359228	NA	-1.96906224726949	NA	-3.38483986976772	-1.01484935634755	NA	-2.88294334151746	5.20365139957764	-0.52324090196795	NA	3.89338288989183	-1.38327344184067	NA	-1.86446513023881	0.894126267849917	NA	NA	NA	NA	NA	-2.08300675304763	NA	NA	-2.38344656900942	4.46644903963615	NA	-2.77174649499089	NA	1.44142717300731	-3.84574344651288	-0.495515875625051	-2.77372823957451
hsa-miR-200c-3p|MIMAT0000617	11.7523364738999	6.024391980592	12.6068005159709	13.9230546800386	7.19370405142451	4.81456380447316	4.56619466172791	5.2620854466748	7.38967035548738	8.88282396786972	5.59902785666401	6.0960851112467	10.0109689968865	5.56280931488084	5.8447180402118	4.87460070865434	5.62918001756888	6.70625068897082	5.62228544390261	5.14495841451958	14.2977998321378	6.94436480039959	4.31333503777353	12.9283652810175	6.83589334846295	5.81924238769634	5.29540664737818	7.53557586920091	5.12390324673139	4.89802115769821	4.79233100502547	5.95368706551734	8.93222818063537	5.77497703487787	5.50641939778324	5.70725912016582	6.28898172500606	13.2620187980351	5.97351413598702	5.79431040278765	5.17911377672828	11.2045119723658	7.25688423537674	7.4033382019976	5.10891547868213
hsa-miR-155-5p|MIMAT0000646	9.05542217218883	7.35040124986188	7.76730695902476	8.1917438397904	8.84063016958284	6.50751937626343	7.37844838257904	7.11800928908633	11.4076717632097	6.48313595461788	5.74198585880323	6.37939190148017	5.89773669024177	7.23833004209446	8.85669067689862	6.42819905089585	4.20012200303718	6.83273091662628	6.93235337397824	7.30192774089113	6.29111425234235	7.41143299139474	6.41497532679979	7.92607157523231	7.54005229946446	6.06165012904043	5.86345574558171	8.34533729096508	6.34907811136988	5.375342886845	5.67943691653346	6.47306120999482	5.68321632747156	7.46196043733949	9.15424993474732	6.49212315959264	6.87158497000509	6.21570101721913	5.20178306262074	6.24227683392583	5.43803203825146	5.16725229913186	7.17384308540281	10.1191947714321	6.13616550057463
hsa-miR-155-3p|MIMAT0004658	NA	NA	-1.864780364321	-2.08786829552582	0.962749635199518	-2.98633050724543	-1.82612038597639	-0.071815415194987	-0.4176848676837	-2.39184177250756	NA	-0.631835111329996	NA	-2.58184676094512	-0.969062247269494	-1.40152426217045	-3.38483986976772	-2.5998118570687	-0.795566265548194	-1.88294334151746	NA	-1.10820443939581	NA	-2.0135089678146	NA	NA	NA	NA	NA	-0.774404232659682	-0.746828795302606	-2.27512973950309	NA	-1.08300369677848	0.81836303734976	-2.58735936443677	-2.38344656900942	NA	-2.74073112912161	NA	-2.6912523763913	NA	NA	0.241449718541156	-2.77372823957451
hsa-miR-194-3p|MIMAT0004671	1.82436094965601	3.11545663112459	3.38314825532751	7.14095193848553	2.04075253678771	3.50551712677396	4.16256196456266	5.20120326221651	0.904243612628901	3.64157758769637	7.52581802455173	4.69009276000674	3.9519570931403	6.93385091796331	3.83829176701783	7.61528459206352	4.74958586052478	2.40018896284292	7.09317616975866	4.32650578165013	4.0687217941599	7.02878784933726	1.60762006659593	3.81938227268011	7.21477732958008	3.86845554819881	7.63139031866075	5.07734794946986	3.66933738786301	7.55651268377335	5.92559749607514	5.55141687123371	7.06172795936447	2.16492333409672	3.81836334414876	4.12688392365419	4.39791608716637	3.61083893964863	4.75911454485433	3.94250193155206	3.68378840213424	4.32595012712214	1.90913983034394	3.89680222513596	7.53347320810479
hsa-miR-106b-5p|MIMAT0000680	7.04288389856461	7.31241165237088	7.57297262857731	8.13372037701081	7.61140679156457	6.89783441042384	8.12516195207069	6.97621741108865	8.46801179492835	8.8625927681403	6.70755232983424	8.45297304592492	7.15821083834994	7.21094136180797	7.51877687400702	6.61528459942127	8.49780260489112	7.76322863647111	6.65151616420595	6.19653721300643	8.99620935603087	7.15154000644497	6.6373677288136	8.39269736401969	6.68818717191922	6.59038813514949	6.64332992849415	8.04725594130444	8.16356335825972	6.62220057781246	7.63687646121674	7.43567480255422	7.55111280646444	7.53904785893919	7.96698119028855	7.65819107775734	7.28898175268145	7.91982800010551	7.77003279424875	6.85579025434779	7.2005327392374	7.11602703261437	6.96883481562814	7.14834111755861	6.90751082113717
hsa-miR-106b-3p|MIMAT0004672	6.34373516322325	6.68240113838912	7.42177831860782	8.69921958054181	8.17436756607574	6.56055838911493	7.68957707623484	7.79443332805333	8.21531061100415	7.96460658803567	7.54544684960238	8.82349188287635	7.77777603822633	7.37670376689731	7.42539954091939	7.34834572740701	8.35156148737159	7.91884216304229	6.82281842747451	7.28822919190775	9.31962399192794	7.90581721601319	6.3902286580288	7.93339862864285	7.3782760823276	7.53049409398874	7.64531030646069	8.10195397916391	7.77243090868709	7.68092302279739	8.18833721873879	7.91839372460949	8.75360566271655	7.15061569567739	7.28687428351456	7.5925474532908	7.44310491112737	7.95576885740719	8.21200987479787	7.0307727277291	8.09256579938948	6.46890804974758	6.59823188208746	7.85910163953402	7.20641198278652
hsa-miR-29c-5p|MIMAT0004673	3.08739511785831	3.31575561146204	3.62707389966941	3.95652749651639	4.77010455725712	2.76855170198203	5.40749694545042	4.01564751525111	5.66977831364774	2.71667884357235	4.99134533330241	3.17551965104859	5.58346218966321	5.12551018076431	4.74518235590213	5.2495280547474	3.15431861725454	4.31905203071433	5.66386455630745	3.76090859141466	3.85572783635108	4.98982880134661	3.83001248793238	4.52565103336097	5.57672676722017	2.97033518466721	4.91689491758846	4.51861702785565	3.74734002519559	5.14445904540344	3.50109935524261	3.70214807793943	5.37411229754051	3.93936369307463	4.33493891258337	3.08506393740072	4.04282124929635	4.12541214790462	4.75911459813115	3.45707495424638	5.06363641993683	5.48918051446674	3.06114317346654	3.7775031448021	5.02717236823445
hsa-miR-29c-3p|MIMAT0000681	11.2906074708625	9.52737304812231	10.3010697001018	10.3386601093372	10.5549989964644	10.0290789447541	11.1127216993936	9.27174058693424	13.4828520769631	9.07525065075062	10.8080750150624	9.61964706822066	11.4881883478707	11.9719003404743	11.6963837980369	11.2599203959979	9.4122130770294	10.3270409220318	11.8243090001198	10.8872000717713	10.345028755102	11.6921911186987	9.52136465857106	10.6847629377403	11.554190593217	9.2366956242004	10.8587696002744	11.8462607166248	10.5424396967786	10.9518139718312	8.542038242613	10.4350290545803	11.1723188204832	9.4677428135408	10.9146392939445	9.55920704708807	9.85645323837582	10.6047882061547	9.90627726576175	9.56420493643612	11.3499803860301	11.1689551124219	10.502565555037	10.0488054428273	11.4353449491342
hsa-miR-30c-1-3p|MIMAT0004674	-3.08253005332081	0.368225246072185	-0.864777737085683	0.234062252630392	NA	NA	0.633309372463061	-0.071815415194987	-1.41768294055853	-1.39184555833863	1.01406601076263	-0.631835111329996	-0.393819328470814	0.00311430019265659	0.0309377527305064	0.768401162751768	0.0745917488695738	-1.01484935634755	1.20443248236615	-1.88294334151746	NA	1.35122802745612	-1.78469664607577	-0.428546467093445	1.42408040495702	0.318257830646768	1.13553486976119	-1.69083778542248	0.721803981593305	1.03295068939792	-0.16186629458145	-0.275129739503085	1.72385864577724	-1.08300369677848	0.455793542344042	-0.587361532079246	-0.383444687080682	-1.78147919165494	0.0666237929359952	-0.771744031828681	-1.6912523763913	0.062916080957958	-2.26078094579172	-2.08047837634621	1.47419927386907
hsa-miR-200a-5p|MIMAT0001620	7.26509180296378	7.85893017514546	9.79766641317756	10.8584912955487	9.59008083150851	8.2243352359433	8.8168314604871	9.13194054449215	3.9042437089852	8.700911766326	7.66152379768828	9.78601717641016	8.72944145418897	5.53189319115936	7.58744289226498	5.46266242228438	9.98666396495764	8.31307835010471	5.64737642436046	7.68120189584315	11.2198627865339	7.10854259489528	7.19829652585035	8.35608970814682	6.24608144859066	9.27701811067608	6.06034778412091	8.43069718691176	8.53833139770214	7.09287454932332	9.09237595748851	8.61741117429455	8.97809961082902	7.58765227858851	8.34453656044961	8.64565879263215	8.46204646029061	8.64845126695451	8.838113019704	7.26717536955118	8.7829619756953	8.94555874407121	6.58574995218687	8.79373536469475	5.82246217941526
hsa-miR-200a-3p|MIMAT0000682	6.19359482502629	8.28111185528173	9.71500788701338	10.5492109185005	9.17111946909212	8.79911636113616	8.82358251357537	8.64128478428585	4.04174701374354	9.75567756374697	6.56865423928489	10.3667550867793	8.21966476093117	5.31901791476517	7.04495732717588	5.42502474560897	9.8762260530374	7.93837793955763	5.61382381622529	7.53806526828639	10.7464069572874	7.23609265515039	7.38146605154279	8.36370288525837	6.33782401676782	8.75288650306309	5.91689503698224	7.84054514162539	8.71938758532374	6.23122035494207	8.92028370861554	9.16832997458624	8.5326437809585	7.95179498901586	8.52341972597373	8.72325115399912	7.55466574987822	8.53932207073722	8.07144593504707	6.95787710339287	8.40018442770091	9.0629156952123	7.41281839656275	8.15433985991017	6.24029289866487
hsa-miR-302a-5p|MIMAT0000683	NA	NA	NA	NA	NA	NA	NA	NA	NA	NA	0.0140652964137654	NA	NA	NA	NA	NA	NA	NA	NA	NA	NA	NA	NA	NA	NA	NA	NA	NA	NA	NA	NA	NA	NA	NA	NA	NA	NA	NA	NA	NA	NA	NA	NA	NA	NA
hsa-miR-302a-3p|MIMAT0000684	NA	NA	NA	NA	NA	NA	NA	NA	NA	NA	NA	NA	NA	NA	NA	NA	NA	NA	NA	NA	NA	NA	NA	NA	NA	NA	NA	NA	NA	NA	NA	NA	NA	NA	NA	NA	NA	NA	NA	NA	NA	NA	NA	NA	NA
hsa-miR-219a-2-3p|MIMAT0004675	NA	NA	NA	NA	NA	NA	NA	NA	NA	NA	NA	NA	NA	-2.58184676094512	NA	NA	NA	NA	NA	NA	NA	NA	NA	NA	NA	NA	NA	NA	NA	NA	NA	NA	-1.44606548214831	NA	NA	NA	NA	NA	NA	NA	NA	NA	-3.84574344651288	NA	NA
hsa-miR-34b-5p|MIMAT0000685	0.376901565316491	-0.11720359297078	0.305146388612056	NA	-2.20717462602775	-1.40137181743624	-2.82612038597639	NA	0.167279560162622	-1.80688179567268	NA	0.95312738939116	0.0212195924394686	NA	-1.96906224726949	NA	-0.577484947710119	-1.5998118570687	NA	-0.0755914600604377	-1.60370457950021	NA	0.0226575658747713	0.793845954243003	NA	NA	NA	NA	1.0843745469568	NA	1.42309674413666	NA	NA	2.50195854925383	-0.76659782711082	-2.58735936443677	-2.38344656900942	-1.19651173126739	-1.74073112912161	-1.77174649499089	-2.6912523763913	NA	-2.84574344651288	0.241449718541156	NA
hsa-miR-34b-3p|MIMAT0004676	1.08739494812151	-0.43913051426538	1.04211198277826	-1.08786829552582	0.792824541230298	-0.986330507245425	-1.24115788525523	-0.656776399589015	-0.417682940558534	NA	NA	1.36816488867	-0.97878182919197	NA	-0.384099746548338	NA	-0.384839869767723	-1.01484935634755	NA	-2.88294334151746	NA	NA	-0.784696646075775	0.571453532906555	NA	-0.489094777220727	NA	-0.690835456596247	1.23637750432781	NA	2.2531715073207	NA	NA	2.77497698218362	-0.0296322329446139	-1.58735936443677	-1.3834428051544	-1.19651503770976	-1.74073112912161	0.0356098345884924	-0.106289875670146	NA	-1.26078440285988	0.241449718541156	NA
hsa-miR-34c-5p|MIMAT0000686	3.90615511459501	2.7703212125626	3.38314825532751	0.497096249586333	1.37778731953216	1.53722598097822	2.53142962233172	1.34322246316579	3.10587750731379	0.308593868584276	NA	2.53808964172273	0.828574717587164	-2.58184676094512	2.3528652827831	-2.40152045085577	2.04142453446952	0.400188142931297	NA	2.28697811255688	0.396296516668916	-0.108202884336035	2.344585944805	2.74137982880825	NA	-0.904132276499571	-1.86446513023881	-0.105873732150083	3.89172985779731	NA	3.42309714763424	-0.690169566529757	NA	5.18378252638226	0.970367030738356	1.41263792600963	0.616556253882768	0.918961671026063	1.25926887087839	2.35753905549229	1.30874937073072	-1.2590120139294	2.1542523401842	2.08944696408727	NA
hsa-miR-34c-3p|MIMAT0004677	2.30978766043532	2.14583035646557	2.13522062089281	0.912133237767699	1.60017982017737	0.82102033169182	1.56619508802361	1.665150330604	2.48920611335006	-1.06991822061867	NA	2.17551981072761	1.19114506775862	NA	1.83829146442762	-2.40152045085577	0.702622971482616	1.10062853382042	NA	2.78947782707905	-0.603704579500209	-0.52324090196795	1.97019030378223	1.98649176031894	-0.798310941119517	0.510903197863131	NA	0.631091240995828	2.721804856355	NA	4.62821162777348	-0.275133231126236	-1.44606548214831	4.1649234145248	0.81836303734976	0.734566996336871	0.616556253882768	0.540449895167064	1.95970858901948	2.72010944765918	1.30874878835695	-0.674049513208248	1.64610550133401	2.00698482383595	NA
hsa-miR-299-5p|MIMAT0002890	0.824360542287712	0.730793835181071	2.7201830121458	1.49709573848885	0.792825373972252	2.94440139507929	0.981232343704929	2.25011267969238	0.904244383479071	2.36304208404098	0.599028273367538	1.36816488867	0.606181619283634	2.3250415313293	2.20086212657862	1.4058312043613	1.42251505228988	1.20754431437786	1.66386467013342	4.41167313697472	1.98125865200046	3.28411402008965	2.07328349202599	0.986492488452117	2.74600785468805	5.02660320212401	1.83597458790228	2.63109147387847	3.12390303986211	1.39552076878263	2.34063490041338	3.36872435529876	0.875861826573987	0.72435078866964	1.97036629442095	2.77019010245321	3.42391144478696	0.803484135678464	1.71870048951569	1.39818124329806	1.30874878835695	1.91091298751291	3.23106815570289	3.75241238716732	1.81123467223828
hsa-miR-299-3p|MIMAT0000687	-1.08253005332081	-2.43912855827956	-0.057424691624243	-2.08786829552582	NA	0.183590683284912	-1.24115788525523	-0.0718154151949872	NA	0.415508822885153	NA	0.95312738939116	-1.97878182919197	0.740078742691123	NA	-1.40152426217045	NA	-1.01484935634755	-0.795566265548194	1.81749228350597	-0.603704579500209	-1.10820132927794	0.215302111236644	-2.0135089678146	0.424080404957019	1.21134369481846	-1.86446513023881	-1.69083778542248	-1.08555181522653	-1.77440423265968	-0.746828795302606	0.532223187342324	-1.44606548214831	-0.0830036967784822	NA	-1.00239975390631	-1.38344656900942	-1.78147423198854	-1.15576862840045	-1.18678399426973	-2.6912523763913	-1.2590120139294	1.3637059948759	2.31183991812396	0.685703379062786
hsa-miR-301a-3p|MIMAT0000688	1.44103243408614	2.41884865976957	2.38314797877636	4.02065776121077	2.49326457965681	2.10112729014867	1.98123234370493	3.20120318378576	2.9042436126289	3.58543454543918	0.0140667251111436	3.36816460923171	1.92811028282337	1.11859096392629	2.49036860113852	-0.0795954050193465	2.72368415019917	2.722116893748	1.0117875832932	1.3649802511505	2.78861388724917	2.21372521055133	2.80026544041631	3.41275700608764	1.78664988697476	2.31825840919464	1.72049737048235	2.76859510348414	2.669337274468	1.39552076878263	2.64548954975652	2.67906499402277	3.07749544847593	3.20239828698637	2.97036647850034	1.21999369964177	1.78648094167067	2.71037467617951	2.30366269802156	2.18245235801497	2.47867391921568	3.59896862400904	1.73921516500602	2.50448463286167	1.13316235603401
hsa-miR-99b-5p|MIMAT0000689	13.6514787514911	14.1741678690834	13.5187223570314	15.1419096728652	14.5478295191134	13.4785924671071	14.6402644293097	15.1300150885532	14.4600069569645	13.3578014909394	13.3488274789549	13.1575964142862	14.4712388292875	13.0665648271073	13.965687368097	12.8306348601398	14.6093969600301	14.4606844154651	13.2080825996938	12.8333895998225	14.2584495358311	13.6522827976735	13.7300478424258	14.6869185318823	13.7938328552935	14.5401258629716	13.0294529920786	13.8431625220906	14.2234643363288	13.0848879291208	14.9777792788517	13.9933920868086	13.043216831869	13.4678029254847	14.0188703779092	14.1849142774097	14.5642390104139	14.2309823829924	15.1351859227694	13.4994458066779	15.2100520068398	15.7010800580214	12.8928856188102	13.8489426691802	12.6390407090537
hsa-miR-99b-3p|MIMAT0004678	4.84820773501847	4.46775825575398	4.8967718124759	7.20904947146133	5.48631159125653	4.77521519322676	5.66973226026934	6.32050215199595	5.45268016485183	5.21917944230006	3.4734970449327	4.86001773661009	5.50503550471893	4.41815114715981	4.9378274540172	3.74822344782026	6.23537940042884	6.09018696139422	4.56198494506448	4.77526387385497	6.37357640536983	4.86907671827867	4.3238273064235	4.99771955196434	4.37161238769592	6.084550560743	3.77939137473552	4.61294443669571	5.51436273139373	3.65186052204242	6.99126441683694	6.25624985252405	4.7437578382523	4.18378256607404	4.33493891258337	6.42106700160196	5.50529966556367	6.04824429555745	6.45156143809008	5.11089930977246	6.10641057333435	6.31084321277316	4.40691783745458	6.00167145306818	3.65253708874378
hsa-miR-296-5p|MIMAT0000690	0.239398041566556	0.730792965852797	0.305145220951799	-0.0878667622323014	2.49326457965681	1.10112762640631	1.92876484261161	1.34322246316579	2.28275529517881	1.36304208404098	0.599028273367538	2.69009276000674	3.44748451244746	1.41815107967927	1.93782759522595	1.50536760387741	-1.79987736904657	-1.01484935634755	-0.795566265548194	1.57648440726344	2.71822461155628	0.47675909803205	1.02265756587477	-0.0135089678146013	1.20168717717511	2.15475946863456	0.135534869761189	2.95301989480147	-2.08555181522653	1.03295068939792	-0.746828795302606	NA	0.138895708297502	2.08692096507869	-0.766600281502381	0.412638467920753	1.93848491334791	2.34780453381484	0.718700489515688	0.550184555690618	2.63067688324431	-2.2590120139294	-2.26078094579172	0.919522386383802	-0.451800144687149
hsa-miR-296-3p|MIMAT0004679	-0.497567552599651	-0.854168665540085	-2.86477510985516	-2.08786829552582	1.25225699260955	-2.98633050724543	-0.826120385976391	-0.656776399589015	0.582316095879204	-0.221920977544828	NA	0.95312738939116	1.19114506775862	-2.58184676094512	0.615900253451662	1.18343950899005	-2.38483986976772	-1.5998118570687	NA	1.50937002712577	NA	-2.10820132927794	-1.78470161683252	NA	0.424080404957019	1.31825840919464	-1.86446513023881	-0.690837785422477	-2.08555181522653	0.225595767340318	-0.16186629458145	-1.27512973950308	-1.44606548214831	-1.08300675304763	-2.35156032783198	-0.587361532079246	1.20151781364047	0.388447463011398	0.0666237929359952	-0.186782352161127	1.39621156109271	-2.2590120139294	-3.84574344651288	0.919522386383802	0.548199855312851
hsa-miR-130b-5p|MIMAT0004680	1.37690212081869	2.36822245180376	3.56148536795759	5.04141629852103	2.96274963519952	1.92055475308351	2.17387705625095	3.25011267969238	4.19702525173526	3.79797915612368	3.53762743882269	4.17551957120908	3.10868251731514	3.6079756681398	2.98513296988859	3.92040440441476	3.90978020721351	3.0440452072784	3.78939540044931	2.07124884934451	4.4186642453767	4.68621263177553	2.76989188832003	4.64470378376372	3.49936782149579	3.64018638837245	4.42093749272549	2.30916367009436	2.2363781166609	4.03295068939792	3.42309714763424	3.08242039156216	4.5983273864928	2.87119212066219	3.40332594713623	2.58256346936307	3.47453728145734	2.6779531033015	2.34673142850802	2.08623755785466	2.59415103708453	3.52234744848048	2.47618024061113	4.41137553356213	5.18046874712434
hsa-miR-130b-3p|MIMAT0000691	2.6723579014741	1.80879524908339	3.26450370351867	5.20675401595791	2.43668076431471	2.299066141819	2.42180524279305	2.43068510372571	3.79176896670566	4.13953596356962	3.26199303544124	3.89172655313923	2.1086826845658	3.74007917456663	2.61589954740816	3.37983607502457	3.95500957496914	3.59001342063797	2.90487268207878	2.11705233512667	4.77133590839528	4.24934877892761	2.91574249851734	4.2718945952939	2.26058094149694	2.93716828220293	3.69012405675756	2.63109170676107	2.2363781166609	2.92603548548141	2.77673379231602	3.33957810939993	5.84855403992504	2.23892409248226	2.85789184376917	2.99760096864191	3.20151891143111	2.74208341131605	1.25926887087839	2.3157192440969	1.95260530426102	2.87027060840662	3.0731158479891	3.94189018767795	4.89869773112531
hsa-miR-30e-5p|MIMAT0000692	11.6874115613909	13.8375736153704	11.9083597608056	12.5683346414783	12.6529416422041	12.4794853431813	13.3031602578924	12.6910511673507	14.29212621557	12.5471368749709	13.5081709177795	13.339528582411	13.0818734384846	13.2672629072468	12.793993556708	13.4166090557365	12.4733591514865	12.2794850721509	13.9048455562769	12.0787733914741	11.6034633965454	13.164863811065	12.7619261776389	13.5683990498536	13.4747058087048	11.8516575390164	13.1261268175461	13.2108791027825	13.4527297983026	13.5866143094935	13.5141284457963	13.039168363187	13.2143192568124	12.6406569733628	13.6393400740246	11.9432885494912	11.9208364300577	11.8155265218212	13.1648436644307	12.359470278751	11.6284917156646	13.328061875088	12.3929183099957	11.7902724314815	12.9928789611057
hsa-miR-30e-3p|MIMAT0000693	11.8812696489787	12.1940899003579	11.2764495986218	12.0806486921038	12.4485230320486	10.6822165199558	12.6045584619663	12.3687078679197	13.3275170323706	10.697687862171	13.5560694352925	11.8395858544193	12.7524326677346	13.3296132772473	12.1920687230996	13.8629188929052	11.6153356526152	11.6742030967056	14.0601044286592	11.2675930405499	11.2922504068924	13.4826761308718	11.4121355916397	12.3162186362264	13.8404814436881	11.5736241193346	13.7039368024026	12.7392894960759	12.2987614995858	13.9603848041723	12.8744227773179	12.1236788433601	13.009388978281	11.0961275944707	12.5491165389622	11.078307384366	11.6658944891405	10.9977278803153	12.7800714366572	11.9899634190804	11.1214277538154	12.5117547143	10.5450258812121	11.9113099721194	13.0366683181953
hsa-miR-26a-2-3p|MIMAT0004681	2.47205931840145	1.56086801874352	2.65878250555754	1.37156499579524	1.25225638697909	1.10112829892133	2.60014198940245	1.15057722275972	2.75224034788376	1.30859386858428	1.82142042257108	1.69009298355737	2.34314768732683	1.41815107967927	2.11839992946933	1.4058312043613	1.13872208628929	1.30707990463621	2.11132349533667	0.924407779788416	-0.0187420787790525	2.28411431629143	2.30276590277758	2.44592370992591	2.00904218883779	1.59836615822626	1.13553486976119	1.89412626784992	1.721804856355	1.54752386222768	-0.161864680591203	0.0467969587360309	-1.44606548214831	1.82388628757673	2.45579380531451	0.412638467920753	1.78648094167067	2.02587643892748	0.429193872320703	0.0356112421088946	1.39621156109271	2.38484389961907	0.739215597140117	1.9195223863838	1.13316301378056
hsa-miR-361-5p|MIMAT0000703	7.19243089227447	7.67721156851835	7.52861101119089	7.95105225038004	7.75716548154381	6.81132544354044	7.63637951556034	8.23044283245109	8.32040768529325	7.48773786810725	7.80848123999079	7.53808966500925	8.02684426886099	8.14522062114138	7.91815745563574	8.06302205190423	8.24314933365106	7.5268934762661	8.2128615542152	7.18851475826229	8.39064994063167	8.10003109411188	7.02587461226123	7.60671217517948	8.07205203614418	7.60498104100803	7.8566344879465	7.92754917457513	9.06736849276207	7.87485198788115	7.76887200872992	7.35604541408189	7.2784471629164	7.70815890201766	7.46542200564388	7.75026027275456	7.99159584394636	8.02022987578633	7.81193773084616	7.03722053576822	7.61138795652941	7.25076261148634	7.42746516457396	7.58485833738459	8.23889694875956
hsa-miR-361-3p|MIMAT0004682	7.3437351809864	7.04064790335451	7.34953968530088	7.40798828589161	7.86428698737071	8.31344430395421	7.37600108418228	7.2043091270379	9.79054978387902	7.38294168277522	7.3539153786705	8.5800529570265	7.59107534293348	7.66963348144232	7.78248090100705	7.7096119801067	7.81850755802159	7.50216468129081	7.81545772478847	7.57135171194741	7.29716331089022	7.99508455651656	6.78135695928604	7.52371074199212	7.56363108627121	7.01671490497455	7.45068484436652	8.02855250519448	7.97108763051904	7.33412025988234	8.03124930483303	8.34692018348897	7.43657637630654	6.80269239871853	7.77900894099947	8.43847003748722	7.24043788820109	7.6748759471068	7.34141767204425	7.40940862177321	7.62616163945285	7.25865700678203	7.1807757997946	7.8309144225414	7.8986977492617
hsa-miR-362-5p|MIMAT0000705	3.27502224937165	3.34222759890528	2.68980971712696	3.49709586626324	1.96274963519952	1.92055475308351	3.80323396052775	2.73553972348088	4.28275514693835	3.17801024924683	4.1839904566003	3.82759630407946	2.19114475184074	3.14607141201357	1.61589931206025	3.15306548151791	3.04142435923707	3.66697559227282	3.95932040189162	0.817492283505972	2.5662213963147	3.56422218321327	2.53723095173668	4.37880970319287	3.54746229164566	2.79630578017208	3.38346279794109	3.21605436273728	3.16237730962075	3.26998988669877	-0.16186629458145	2.67906476875677	3.13889587208198	2.50195829456493	4.23340094569392	1.87206988949948	2.1401183326741	2.21852204826326	1.90312506065312	1.1351467279905	1.47867417804847	2.98891513605858	3.1429369937807	1.08944730307836	3.18046854820909
hsa-miR-362-3p|MIMAT0004683	1.72482530520283	0.882795624633514	1.04211058158584	1.23406163931357	0.600180296029857	0.0136652054778952	1.87431736464768	0.665150785502262	2.48920611335006	2.22286451756244	2.1839904566003	0.368164888670004	1.48065134031592	1.2255063102193	1.49036885788166	1.0579083959173	1.93708784836992	1.30707932158813	1.78939540044931	-1.29798084079631	1.39629651666892	0.891797115663965	1.67473452067525	1.6869316464908	0.938653147682588	0.318258987742287	0.457462964648552	1.768595526907	1.37388091674442	1.39552076878263	-1.74682879530261	1.97279630378441	1.13889636343532	0.916995539154838	1.81836303734976	-0.265433003663129	0.786480941670665	0.540449895167064	0.429193872320703	0.0356112421088946	-1.6912523763913	2.44142743860952	1.54656953146244	-0.495515875625051	1.61858965302325
hsa-miR-363-5p|MIMAT0003385	NA	NA	NA	-0.0878667622323014	NA	NA	NA	NA	NA	NA	NA	NA	NA	NA	NA	NA	NA	NA	NA	-2.88294334151746	NA	-2.10820132927794	-2.78470161683252	NA	NA	NA	NA	NA	NA	NA	NA	NA	NA	NA	NA	NA	-2.38344656900942	NA	NA	-2.77174649499089	NA	NA	NA	NA	NA
hsa-miR-363-3p|MIMAT0000707	1.91747032858698	2.14583035646557	1.38314797877636	8.2306760750865	2.43668103079218	2.10112729014867	2.26134004795863	1.92818496388694	4.9042435162726	1.4661358284271	1.01406601076263	3.17551965104859	1.48065134031592	2.50561379390741	1.03093775273051	1.18343950899005	-0.577484947710119	3.54993587833208	2.7893949830873	4.81749223234193	4.96615209038401	3.17719865667985	2.64156729943453	3.79384720247171	1.93865277134132	1.90322071706653	2.305460163055	3.59456586656405	2.49941221632818	2.22559576734032	1.42309674413666	3.21672133944536	1.1388957082975	1.72435078866964	2.40332581078114	0.582562746814851	2.90195854512679	2.6779531033015	-0.418803034234247	2.62057350824341	0.116102545666302	3.09853965382739	2.72410779499375	1.37895379700386	2.35555505926187
hsa-miR-365a-5p|MIMAT0009199	-3.08253005332081	NA	-1.2798161121091	-1.08786829552582	-0.207174626027748	NA	-0.826122943749047	-0.071815415194987	-1.41768294055853	-3.39184934417964	1.01406529641377	NA	NA	-1.58184676094512	-0.384099746548338	-0.0795954050193465	-1.79987736904657	-1.5998118570687	-1.7955687697206	-0.297984388164272	-1.60370457950021	-0.108202884336035	-1.19973580227163	0.571454503751197	-1.38327344184067	-2.48909477722073	-1.86446513023881	NA	NA	NA	NA	-0.690167238781929	NA	NA	-0.0296322329446139	NA	-0.061516968578871	-0.459548120965694	-1.15576862840045	-2.77174649499089	-2.6912523763913	NA	-1.84574863211822	-0.0804783763462067	-0.773728239574511
hsa-miR-365a-3p|MIMAT0000710	4.4797128235317	3.91841982060662	5.19591649231137	4.46672218731508	5.80405188057331	4.37998623314185	5.04424197258626	5.54289458364755	5.24052690127496	5.18180185769596	6.63611721014971	5.27505526072789	5.2208921016821	6.26677400605626	5.6308496923465	6.3798360577004	4.54589685017262	5.77956735043249	6.9083365332249	3.78947782707905	5.78861388724917	7.0791488234389	4.85915924545403	5.72120199245015	6.44961482266828	4.76829121260759	6.72049779457903	4.87901924471862	5.37388154299422	6.48769064486302	4.77673405546661	7.40610677548658	6.90708015328322	5.8178628170846	4.89636592612172	4.50010111790837	6.13619261697506	5.78076399357425	5.82532265461402	5.0096161295432	5.12253022287684	6.95530672322378	3.86161161648213	5.11919475716336	6.73406706469522
hsa-miR-302b-5p|MIMAT0000714	NA	NA	NA	NA	NA	NA	NA	NA	NA	NA	NA	NA	NA	NA	NA	NA	NA	NA	NA	NA	NA	NA	NA	NA	NA	NA	NA	NA	NA	NA	NA	NA	NA	NA	NA	NA	NA	NA	NA	NA	NA	NA	NA	NA	NA
hsa-miR-302b-3p|MIMAT0000715	NA	NA	-2.86477510985516	NA	NA	NA	NA	NA	NA	NA	NA	NA	NA	NA	NA	NA	NA	NA	NA	NA	NA	NA	NA	NA	NA	NA	NA	NA	NA	NA	NA	NA	NA	NA	NA	NA	NA	NA	NA	NA	-2.6912523763913	NA	NA	NA	NA
hsa-miR-302c-5p|MIMAT0000716	NA	NA	NA	NA	NA	NA	NA	NA	NA	NA	NA	NA	NA	NA	NA	NA	NA	NA	NA	NA	NA	NA	NA	NA	NA	NA	NA	NA	NA	NA	NA	NA	NA	NA	NA	NA	NA	NA	NA	NA	NA	NA	NA	NA	NA
hsa-miR-302c-3p|MIMAT0000717	NA	NA	NA	NA	NA	NA	NA	NA	NA	NA	NA	NA	NA	NA	NA	NA	NA	NA	NA	NA	NA	NA	NA	NA	NA	NA	NA	NA	NA	NA	NA	NA	NA	NA	NA	NA	NA	NA	NA	NA	NA	NA	NA	NA	NA
hsa-miR-302d-5p|MIMAT0004685	NA	NA	NA	NA	NA	NA	NA	NA	NA	NA	NA	NA	NA	NA	NA	NA	NA	NA	NA	NA	NA	NA	NA	NA	NA	NA	NA	NA	NA	NA	NA	NA	NA	NA	NA	NA	NA	NA	NA	NA	NA	NA	NA	NA	NA
hsa-miR-302d-3p|MIMAT0000718	NA	NA	NA	NA	NA	NA	NA	NA	NA	NA	NA	NA	NA	NA	NA	NA	NA	NA	NA	NA	NA	NA	NA	NA	NA	NA	NA	NA	NA	NA	NA	NA	NA	NA	NA	NA	NA	NA	NA	NA	NA	NA	NA	NA	NA
hsa-miR-367-5p|MIMAT0004686	NA	NA	NA	NA	NA	NA	NA	NA	NA	NA	NA	NA	NA	NA	NA	NA	NA	NA	NA	NA	NA	NA	NA	NA	NA	NA	NA	NA	NA	NA	NA	NA	NA	NA	NA	NA	NA	NA	NA	NA	NA	NA	NA	NA	NA
hsa-miR-367-3p|MIMAT0000719	NA	NA	NA	NA	NA	NA	NA	NA	NA	NA	NA	NA	NA	NA	NA	NA	NA	NA	NA	NA	NA	NA	NA	NA	NA	NA	NA	NA	NA	NA	NA	NA	NA	NA	NA	NA	NA	NA	NA	NA	NA	NA	NA	NA	NA
hsa-miR-376c-3p|MIMAT0000720	3.39320378959106	2.14583003046731	3.17961502884912	2.7194883788671	0.962749635199518	5.25683796738123	3.42180483893398	2.25011298295793	0.904243612628901	4.40905442646589	3.33599367704072	3.06860443484908	2.1911444359228	3.92594569614855	1.83829146442762	3.57575632679783	2.74444271660613	1.79250639863615	3.11132349533667	5.62880511372031	3.25427747399757	3.17719913515967	3.34458580278357	1.98649212438558	3.68281406350793	5.67077474704544	3.17992930750309	4.00960336584289	5.25429988858416	3.22559576734032	2.64548931918648	3.39729368549988	1.55393304379184	2.23892409248226	3.29229468383532	3.38991835701362	4.79646548017512	2.83323136098508	3.2816365355514	1.68768781073224	2.83231099761998	2.98891513605858	4.26799460100651	4.86203692272832	3.60131178612172
hsa-miR-369-5p|MIMAT0001621	2.40932331458775	-0.854168665540085	2.74993065936984	0.497095227391195	-0.622212125306591	3.4399289299023	2.03185849237413	1.80265356487315	0.582316095879204	2.00047168416221	2.18399109157702	2.17551981072761	-1.97878182919197	2.27613185142297	0.615900253451662	1.68593970005584	1.00747755301104	1.10062853382042	0.789394565725176	3.28697752132804	2.91985813910933	2.64668432985353	1.97018993557848	0.986491760318942	2.26058124256995	3.98663683359646	-0.279502629517654	3.43844682843231	2.95884397413208	1.92603548548141	0.253171204697394	1.63175852835761	0.875861826573987	1.08692096507869	0.648439672168024	2.77019031393072	2.97410837325245	1.80348454898441	1.65158629365715	0.0356112421088946	1.70106549010119	-1.2590120139294	3.03689555983623	2.72687763532557	2.18046870734129
hsa-miR-369-3p|MIMAT0000721	3.47205918839031	3.41884865976957	4.68980938173516	2.91213342942927	0.962749635199518	6.48330574681174	2.49580566269321	3.34322217885435	0.904243612628901	4.35634737929353	3.01406565358824	3.61609216679714	1.1911444359228	3.91000422399511	1.49036885788166	2.80792982451881	2.52205022350782	2.68559125879085	3.11132332839188	7.10573709260191	3.60574973416695	3.64668421466395	4.19258272511868	2.9406884700047	3.92050559136454	6.22514888909361	2.83597499200433	4.26335987718654	5.40630298202921	2.68502738597762	3.92559749607514	4.85415138199036	2.25437302650789	4.00445878491112	3.53108159833425	3.95179711587277	4.5113741041705	3.34780467551976	3.65158606405944	2.2282562760663	2.89371128907811	3.82845042110584	5.2963593888823	5.05907371173544	3.37601957473286
hsa-miR-370-3p|MIMAT0000722	2.0873952875951	1.80879566087059	3.2849678652837	2.16006050911242	0.600180296029857	3.99094397209145	1.81773375758057	3.59114979704426	1.58231561409783	2.44104492075327	3.1839904566003	1.69009298355737	1.1911444359228	3.06200735582908	1.3528652827831	2.64287043466057	1.70262252824764	0.985151372462809	2.20443279538766	6.15322605473483	3.64422385703322	3.74977762818696	1.67473406878884	0.986491760318942	3.6828141758486	5.53880932632419	3.13553519809412	3.06405109678662	3.66933738786301	2.22559576734032	3.50109961008318	4.18429997461354	2.55393328946859	1.08692028590817	1.81836303734976	2.93620032973237	3.17114516562188	1.97340922896655	3.59911863566168	1.39818124329806	2.43803197169445	1.64787858167911	2.84075305301732	5.12897581385571	2.95419277345276
hsa-miR-371a-5p|MIMAT0004687	NA	NA	-2.86477510985516	-2.08786829552582	NA	NA	NA	NA	NA	NA	NA	NA	NA	NA	NA	NA	NA	NA	NA	NA	NA	NA	NA	NA	NA	NA	NA	NA	NA	NA	NA	NA	NA	NA	NA	NA	NA	NA	NA	NA	NA	NA	NA	NA	NA
hsa-miR-371a-3p|MIMAT0000723	NA	NA	NA	NA	NA	NA	NA	NA	NA	NA	NA	NA	NA	NA	NA	NA	NA	NA	-1.7955687697206	NA	NA	NA	NA	NA	NA	NA	-1.86446513023881	NA	NA	NA	NA	NA	NA	NA	NA	NA	NA	NA	NA	NA	NA	NA	NA	NA	NA
hsa-miR-372-3p|MIMAT0000724	NA	-2.43912855827956	NA	NA	NA	NA	-2.82612038597639	NA	NA	NA	-0.985933274888856	-0.631835111329996	NA	NA	NA	-1.40152426217045	NA	NA	NA	NA	NA	NA	-2.78470161683252	-2.0135089678146	NA	NA	-0.864465130238811	-1.69083778542248	NA	NA	NA	NA	-0.446065482148315	-2.08300675304763	NA	NA	NA	NA	NA	NA	-2.6912523763913	NA	NA	-2.08047837634621	-1.18876573885335
hsa-miR-373-5p|MIMAT0000725	NA	NA	NA	NA	NA	NA	NA	NA	NA	NA	NA	NA	NA	NA	NA	NA	NA	NA	NA	NA	NA	NA	NA	NA	NA	NA	NA	NA	NA	NA	NA	NA	NA	NA	NA	NA	NA	NA	NA	NA	NA	NA	NA	NA	NA
hsa-miR-373-3p|MIMAT0000726	NA	NA	-2.86477510985516	NA	NA	NA	NA	NA	NA	-2.39184177250756	NA	NA	NA	-2.58184676094512	NA	NA	NA	NA	NA	NA	NA	NA	-2.78470161683252	NA	-1.38327344184067	NA	-1.86446513023881	NA	NA	NA	NA	NA	3.64139608736421	NA	NA	NA	NA	NA	NA	NA	NA	NA	-3.84574344651288	NA	NA
hsa-miR-374a-5p|MIMAT0000727	5.73445405769261	4.38104666525777	4.65092042149109	4.37156492610012	4.05961122251803	4.1532152504068	4.37354966208474	4.43068503682889	5.59354270145778	5.05936570492713	4.0584594590661	4.79442943541803	3.37877183977497	5.38393534706634	4.70336220868658	5.04968743769394	5.11101457268771	3.87592245829673	5.12329616459693	2.92440720967479	4.54604365161259	4.96861237866506	4.70715600840955	5.21531104302983	5.17896723010458	4.39354641882815	4.8079606752615	4.98158901777376	5.77863603765393	4.10823881670216	5.18390945509105	5.06471840980487	4.3352930163938	4.47158482976445	4.97935531546505	4.6510430780485	4.47453741124536	4.24088938440022	4.66865963684367	3.49504286074619	2.73501346179757	4.59896868354057	4.88217284978336	4.57773395220518	5.07802144250378
hsa-miR-374a-3p|MIMAT0004688	9.67964481596616	9.38900408279798	9.33305155753013	9.84840312080089	10.144039938471	8.46384414204302	10.2310228601256	10.4621632843044	11.0101520260679	8.35340877219361	10.4642456191494	9.51664124434324	9.6569378405475	10.3059428581996	9.82616480968342	10.5638998602314	9.63839411324202	9.13532189163825	10.6082438635538	8.19186286674739	10.3362429666167	10.4819159109682	9.02185259012901	9.94359440108944	10.5703756479164	9.54191525868168	10.3932177806484	10.6963732577153	10.2442462500883	10.6641277904462	10.7465272893802	9.93675665319864	9.71443506675449	9.0404708233742	10.0144873312499	8.92340253332497	9.97850018778194	8.79027416549416	10.7623489776084	9.17808307990992	8.43674336018606	9.38529456360904	8.34376807352306	9.90358479466802	9.97969811541232
hsa-miR-375|MIMAT0000728	9.41232601603182	8.08050386253445	15.0291441688966	15.1281401546914	9.41396073011264	13.2198579140262	14.0071997411862	11.3329714878019	9.27841359483858	12.9067900285572	13.0070921898646	11.0677371120886	14.9276288686394	11.3824919355832	10.9653648805877	12.6380808111857	16.7834839991989	14.6481072571423	13.4314847426946	13.5703230370975	14.2324948415921	11.3935095451273	11.1500074338943	13.792261419144	14.113984135877	15.2262822384457	12.6996847895724	13.1848170518623	10.3099840476796	12.1024005014455	8.01638454102054	12.0869491629749	13.4814335275165	10.0657903480272	14.4782601977903	10.6018452050434	14.3938759544484	15.1770006018608	10.7015642134436	9.46576512389515	14.6289149588088	18.4934401163588	11.9801552086553	10.9394605852335	12.6762915203988
hsa-miR-376a-5p|MIMAT0003386	-0.0825300533208068	-2.43912855827956	1.04211058158584	-0.0878667622323014	-1.20717462602775	1.47309695403285	-1.82612038597639	1.15057657290485	0.167278275412797	0.85608215435947	1.01406601076263	NA	NA	0.418151079679271	-0.969062247269494	-0.0795954050193465	-0.214914868325411	-1.5998118570687	-0.795568769720598	0.817493102130433	0.396295420499791	0.47675909803205	0.537229460510944	-2.0135089678146	0.424080404957019	1.97033536875057	-1.86446513023881	1.30916396119755	2.16237730962075	-0.774404232659682	0.253172415190249	1.18429997461354	NA	-0.498044252326472	-0.351560327831976	0.412637384098295	1.31699662345973	-1.78147423198854	0.429193872320703	NA	0.478673660382837	0.062916080957958	0.854692282702678	0.241449718541156	-0.451800144687148
hsa-miR-376a-3p|MIMAT0000729	-0.497567552599651	-2.43912855827956	1.38314853187861	0.497095227391195	-2.20717462602775	2.87164536286026	1.26134125161679	0.343222463165788	NA	1.36304264490542	0.599028273367538	0.368164888670004	-0.978778985930494	0.877582502009534	NA	-0.401522356511851	-0.214914868325411	-1.5998118570687	-1.7955687697206	2.97503361694933	0.396296516668916	-0.108202884336035	-0.199735802271631	-2.0135089678146	0.616724676453955	3.73972218534689	0.135534869761189	1.30916396119755	2.00191246680837	-0.189441731938525	1.25317120469739	1.04679695873603	0.553933535145292	-0.0830052249122459	-0.76659782711082	0.734566996336871	2.26041263185011	0.54044890323242	1.4291938723207	-0.449814459046014	0.308748788356951	-1.2590120139294	2.06114334632021	2.96391629772502	-0.451800144687148
hsa-miR-377-5p|MIMAT0004689	1.82436094965601	-2.43912855827956	2.08941713255984	0.912133237767699	NA	1.71410437396721	-0.50419433730679	0.665150785502262	NA	0.193116942382527	1.33599367704072	-0.631835111329996	-0.393819328470814	0.0031128606078385	0.0309377527305064	-0.816557950134613	-1.38483986976772	-2.5998118570687	1.20443248236615	2.40245478422713	1.85572823495791	0.891797115663965	1.02265756587477	-1.0135089678146	1.52361564840374	2.55529737858272	-1.86446513023881	2.00960300756196	0.499412726605667	-1.77440423265968	0.253171204697394	-0.275131485313604	-1.44606548214831	0.238923786855569	-0.766600281502381	0.219991841660311	1.31699604440564	1.38844691193693	0.429193872320703	-1.77174156867068	-0.36932428150394	-0.259012013929404	1.0611423091979	2.16744977939636	0.0336266824830932
hsa-miR-377-3p|MIMAT0000730	0.824360542287712	0.145831334459915	1.77907687634843	-0.502903750413667	-2.20717462602775	3.79502359384173	0.173877056250954	-1.65677639958902	-1.41768294055853	1.41550936371897	0.599028273367538	1.69009298355737	-0.39381743296254	-0.259920393557986	0.0309377527305064	-0.816560491009948	-0.214914868325411	0.207543064988901	1.0117875832932	4.50075668136893	0.981258652000456	0.699151815570275	1.8002646119578	0.308419127072761	1.07615680828387	3.12561308330319	0.720497370482345	1.30916396119755	2.61488978701716	-0.774404232659682	-0.16186629458145	1.53222318734232	0.138895708297502	-1.08300675304763	1.23340094569392	0.997600246093695	1.61655625388277	0.803484135678464	0.581196965765753	0.228255968171319	-0.691252376391303	0.325950486791752	2.58051696675346	2.08944730307836	0.926712237504885
hsa-miR-378a-5p|MIMAT0000731	4.52480069913312	4.19022434740047	4.53610003579955	7.41397044593375	5.09660540535884	3.31744474163776	4.90179784863344	6.18242601785422	6.79663454510589	4.55066916245468	7.95657988886874	4.95312720309897	3.44748438020275	7.97943900626574	5.37966500599804	8.23691221132356	3.2445161414234	6.40581354287653	8.32337400548031	3.38383905290233	4.8056873883261	7.84308145050537	3.956769922225	5.00886018946011	7.22774961332522	5.08833222733046	8.55127706493214	6.34808267377579	3.66933750125801	8.45921548509182	4.03453179858059	4.93432173876305	6.58735633414012	4.57520745311263	5.76218056228855	4.66056581023453	4.34447686823215	4.32704598391651	5.13578557123648	4.75963773491831	3.57553549544438	7.60517374543073	3.69341134993458	5.34578719429961	8.25969540684327
hsa-miR-378a-3p|MIMAT0000732	7.074817363607	6.58323541800498	6.39731542240441	8.97215361597516	6.72356196070225	4.93847644465808	6.23457315079308	8.41468457206165	7.54809970990158	6.71013030896423	9.97984965536815	7.51282290242174	5.20112879030225	10.2706805774048	7.10239921239129	10.6065547057296	5.30166010875083	7.52947202663997	10.959320434498	6.13107290900674	6.44614506198299	9.93037283955574	5.7310028119324	6.40855712300905	9.43730269697321	7.31341971944494	10.6853199670169	7.76654455786272	6.17654474547495	10.6246066459821	6.28659516723689	6.9536870538786	8.44419759781413	6.96139013316082	7.98494493929461	7.21029989148119	6.01743582936068	5.88029962863741	6.87213710954212	6.77900315422855	5.03666948466024	9.96015611837924	6.46486513766596	7.58130053500444	10.7645826156833
hsa-miR-379-5p|MIMAT0000733	9.23742474257499	8.21729246573731	9.57790492192151	9.00818950146452	7.99249696537544	10.6867520822019	9.13749585428894	9.8711878505087	8.43874094990683	8.83306071981441	9.59338131056452	9.15606722046464	7.55065027162756	9.76466480123535	8.39178392630191	9.23328734172119	8.72759906184936	8.48167244470052	9.54372622954723	12.4661953829619	9.79824263659457	9.9419855037541	9.38835542850506	7.55634796648558	10.270017760292	11.8826799961712	9.61430491627682	10.4306971952738	11.0876585644296	9.27271972377043	9.8997308784134	10.3072455980347	8.89933856809981	8.75304638074119	8.35407077207666	9.8156503938397	10.5052996665562	8.76493371483185	9.97608808869561	8.53886915712498	9.14440472680522	8.15778512974842	10.2670176274114	11.2888471304522	9.69030756395911
hsa-miR-379-3p|MIMAT0004690	-0.275175131263203	-0.854166057558406	0.594652687354337	-0.502903750413667	-2.20717462602775	1.87164536286026	-2.82612038597639	0.343222463165788	NA	-0.584490095447407	NA	-0.631835111329996	0.0212195924394682	-0.259920393557986	0.352864717948106	-0.0795954050193465	-0.577484947710119	-1.01484935634755	0.204432482366147	3.65621112120282	-0.603704579500209	1.79868760760188	-0.199735802271632	NA	-0.383275323546045	3.79630557248826	-1.86446513023881	0.631091240995828	1.91444971560702	-0.774404232659682	0.253172415190249	0.894793710107759	-1.44606548214831	0.501957785187011	-2.35156032783198	0.219993080314881	2.0088737214693	-1.19651503770976	0.581196965765753	-2.77174649499089	-0.106289875670146	0.325950486791752	2.06114300061285	2.00698518276768	0.396196761867801
hsa-miR-380-5p|MIMAT0000734	0.0873949481215057	-0.854168665540085	0.942575308375757	-2.08786829552582	-2.20717462602775	-0.401371817436244	-1.82612038597639	NA	-0.4176848676837	0.0675864044655393	NA	-0.631835111329996	NA	-0.259922121060285	NA	-1.40152426217045	-1.79987736904657	-1.01484935634755	-0.21060459955069	0.92440701963687	0.396296516668916	0.699151815570275	-1.78469664607577	NA	0.201687804410508	2.0344654180398	-0.864465130238811	-0.690837785422477	-0.0855487535610542	NA	NA	-2.27512973950309	-1.44606548214831	NA	-1.35156032783198	-0.265433003663129	-1.38344656900942	-1.78147919165494	-0.740731129121609	-2.77174649499089	-0.691250046895736	-1.2590120139294	0.677814902168475	-0.0804783763462067	0.39619785811189
hsa-miR-380-3p|MIMAT0000735	-0.760601958433444	NA	-1.2798161121091	NA	NA	-1.98633622361716	-2.82612038597639	-1.65677639958902	NA	-1.80688179567268	NA	-0.631835111329996	NA	-1.58185107969957	NA	-1.40152426217045	-2.38483986976772	NA	NA	-0.0755929803631302	-0.603704579500209	NA	-1.78469664607577	NA	NA	2.21134338329282	-0.864465130238811	-0.690835456596247	-2.08555181522653	NA	-1.74682879530261	-1.27512973950308	NA	NA	-0.766600281502381	-1.58735936443677	-2.38344656900942	-1.78147919165494	-0.740731129121609	-2.77174649499089	NA	NA	-0.845746039313223	0.726877417402804	-0.773728239574511
hsa-miR-381-3p|MIMAT0000736	5.90046402857117	5.62156353469175	6.27221167172531	6.10195779664772	4.42218125383681	8.52936373180587	5.35875260132013	5.88238104193329	4.60468321217762	6.55359847001878	5.89670841842127	6.4556274997947	4.15050273123849	6.39829064449044	5.07533097348808	5.65917225477582	5.66772764180893	5.4001889970059	6.27589528710928	9.51124711798572	6.00362681355439	6.45785077225062	6.14604028404868	4.44592397470159	6.15588362919581	8.06740941119393	5.88372813472997	6.53316535305477	7.31532935116919	5.70941159974885	6.41807909301906	7.69641190866239	5.13889583113587	5.73077723635386	5.37635884164937	6.82202930205167	7.45890676744894	5.59356095675324	6.80423305839456	5.00961608475848	5.7475408725421	5.62973082703977	7.07162441798523	8.12775678147388	6.36326350338164
hsa-miR-382-5p|MIMAT0000737	3.89475025814892	2.20472418895835	4.52753812186311	3.84287085182596	3.25225623557143	5.50150398535968	3.6333090236757	4.61000884139702	2.97463301393462	4.45990369613312	3.01406547500101	3.69009287178206	2.92811047237411	4.63731955666404	2.93782759522595	3.18343887377052	3.90056186608205	3.50871348695681	3.52636095287932	7.47350437510871	4.17765617040255	4.15858327264297	4.19258280401947	2.63034838697362	4.41114079708871	6.78702775990517	3.69012416853045	4.75210720944127	5.1812364749923	3.08357676246789	4.38245519003673	5.20060188680521	3.55393353514529	2.77497698218362	2.69283267589447	4.9976008783234	5.16345082950383	3.69425496375817	4.88862529614782	3.51365850282329	3.59415115654583	3.413412921827	5.13153227911748	6.44308437560298	4.40618146282516
hsa-miR-383-5p|MIMAT0000738	NA	-0.854168665540085	0.942576059014515	-2.08786829552582	-1.20717462602775	-2.98633050724543	-0.826120385976391	0.343222463165788	1.90424399805404	0.415509904552593	2.47349756445914	1.69009298355737	NA	2.00311286060784	-0.384099746548338	2.99079388657379	-3.38483986976772	-0.599811857068703	2.45236032530606	NA	0.981258652000456	2.69915181557028	-0.462771533640406	-1.0135089678146	2.93865295951196	0.680828424296266	2.59496672718608	0.894124715298679	NA	2.54752386222768	-1.74682879530261	NA	-1.44606548214831	NA	-0.0296337055790493	2.05649439757816	NA	NA	-1.74073112912161	1.55018455569062	-2.6912523763913	-2.2590120139294	-1.26078094579172	NA	3.29236139265337
hsa-miR-340-5p|MIMAT0004692	4.2303533631352	3.88279582023248	3.40200706349286	2.66702079671979	2.65080590965605	2.10112729014867	3.21827140813438	2.86678417199547	3.97463283039881	4.32240013960539	4.1839904566003	4.22614565253831	2.9754159486854	4.74007917456663	3.24039020241107	4.67529192775221	4.55179751564339	3.04404503236397	4.56198488398712	3.09433219000178	2.78861388724917	4.49170958912573	3.6076204216495	3.65891763054395	4.23143471258003	3.29226316910455	4.56179999097446	3.59456586656405	4.4690387301392	4.4735232807839	3.42309714763424	4.01027059925544	4.28185385991703	3.67188346579985	4.42979804693417	3.31952891901966	2.57075265533059	3.34780453381484	3.38855161230609	2.90068174481806	2.55667660831308	3.23284077548221	3.86161141798984	3.24145048127116	4.76543126110651
hsa-miR-340-3p|MIMAT0000750	2.08739562706861	3.39375761254211	2.62707378290338	2.30445058753252	3.00227801939197	1.10112695389096	2.87431716789583	3.62862441958671	3.10587733973761	2.16274305168988	3.71450512445471	3.82759630407946	3.10868235006447	3.0620071830789	3.27886422568882	4.24233261364166	3.28758488122378	2.64811634682681	4.54428296444418	1.70201472499237	1.98125865200046	4.30118770420022	3.19258256731708	3.74137982880825	3.92050568664081	2.46509970420976	3.86345572080187	2.21605405222717	3.30676735707616	4.71744886366999	3.20736845224012	2.7248685146864	4.57630124234379	3.3093132893908	3.57917592336139	2.50010118166261	2.61655625388277	3.1958015978197	3.06662362073771	1.87211245352523	2.16672990397567	2.38484389961907	1.82667823503325	2.82641303284097	3.84098230926914
hsa-miR-330-5p|MIMAT0004693	4.49489928659132	2.08442965588922	3.9034049727857	5.20675401595791	4.16786408294064	3.5986263961953	3.17387737597278	3.3876163412903	5.75224042818068	3.30859430541153	1.33599367704072	4.49744771400015	3.85410968142688	2.37234704177945	3.73137660189494	2.18343887377052	4.55179751564339	4.71307192328395	2.20443310840911	3.67164120803194	4.35049279169551	3.41535873366465	2.91574268970002	4.46222583760582	2.78664988697476	3.23882369063232	2.04242581559149	4.47908870388147	2.55830633401485	1.54752386222768	4.53857447886116	4.04679643499259	4.62002247625955	4.90568067714753	3.60263467618572	3.93620023548696	3.86448391589947	4.29533717690067	4.00073567703461	2.90068174481806	4.46862039392327	4.34090047229605	3.02461701821623	4.31183984548303	2.35555534115323
hsa-miR-330-3p|MIMAT0000751	1.00493278792953	-0.117202028180642	0.835660566390835	1.49709624958633	0.377787874693409	0.821021148316817	0.49580566269321	0.343223600410985	2.9042436126289	0.308595033456669	-0.985933274888856	0.368164888670004	1.02121959243947	1.00311358040043	0.352865847617869	-0.0795938804930711	2.2298696667967	1.48765149863604	0.78939540044931	-0.561017375049833	1.7182239538549	0.699151815570275	0.21529962585827	0.986491032185399	0.201689058880483	0.318258987742286	-1.86446513023881	2.11651846739343	0.499412726605667	-0.774404232659682	2.06052716432036	0.724868514686396	0.553933535145292	0.23892256434817	1.2334003320959	1.1130776858362	0.786480105258558	1.02587643892748	0.959708589019483	0.228257199750845	0.308747623608697	1.44142770421169	0.402180791813709	0.504484124374949	0.926712237504885
hsa-miR-328-3p|MIMAT0000752	2.69883010460563	4.28878805812028	4.27477191972207	6.39191351468161	5.08744540150782	3.59862663437789	4.70525875180602	5.51314721188682	6.10587736068463	2.67424391464419	5.64342201751243	4.79442938342951	5.38754197038821	5.15961808626151	5.12896896988582	5.98649358065119	5.25178418281149	4.0726143423267	5.50821372186813	4.2566037087531	4.52557943965656	5.54284841227565	3.53723107600543	4.78090821048757	5.87411267903016	3.85075342573858	5.76489191435204	4.63109176498172	3.58687520766015	6.55651269143704	5.06052707785661	4.02864906397356	5.30882081892947	4.34326077361978	4.07470314259599	3.73456645442591	4.8739442749279	3.50392379023402	5.55388937408584	3.65452123841846	4.27453332460454	3.413412921827	2.59719599622062	4.29456186367831	5.71008814399245
hsa-miR-342-5p|MIMAT0004694	1.77545094180677	2.08443033623326	1.2226827860161	1.08205806884414	3.1147529692145	1.18359068328491	1.7588404095635	2.665150330604	6.17477243918236	2.28057956093661	2.71450534425438	2.17551981072761	2.34314797165295	2.77570292629413	3.58552576316479	2.55267290883675	1.259016320007	2.04404468253504	2.90487229682156	1.92440777978842	2.30318689304368	2.8459927739292	0.67473361690229	2.23441977195895	2.37161210892458	1.41779527841043	2.45746296464855	3.66671558241142	1.721804856355	2.81055826806147	1.25317180994395	2.47975543491255	2.36128803604281	1.91699515712135	3.29229453657182	2.31952920803887	1.86448371780198	1.67795423049938	1.65158629365715	1.3157192440969	1.63067711619385	1.06291608095796	1.51180501671821	3.08944730307836	2.39619730998995
hsa-miR-342-3p|MIMAT0000753	7.99294958886009	6.42814636160094	6.78267897937373	5.43569522715716	6.88558177060994	6.1810820713376	6.27978574586243	5.96527401129957	10.0386698382081	6.92895514742284	5.94480272766177	6.53808965724708	5.67227144629255	6.4761427740789	7.43181627825829	6.07015152123541	4.8583335666099	6.00010184165839	6.18171282322807	5.70576706486407	5.40752376359474	6.50650659481632	6.96684703242235	7.2925540467475	6.65564381599659	5.4650996715498	5.61126868439752	7.4202993503308	5.21823067693803	5.74915775022022	5.29756627777758	6.00563914447844	6.22635864589166	6.651705636474	7.68598533704971	5.88024390778456	5.99593478201978	6.02909316107905	4.89589324913299	4.8935921887013	5.0966515743735	5.6598508238444	6.4625913958836	6.70742498373916	6.20926595906911
hsa-miR-337-5p|MIMAT0004695	-2.08253005332081	-2.43912855827956	NA	NA	NA	NA	-1.82612038597639	NA	-1.41768294055853	-2.39184934417964	NA	NA	NA	-0.996887139392162	NA	NA	NA	NA	-1.7955687697206	-0.297984388164272	-1.60370457950021	-2.10820132927794	NA	NA	-1.38327344184067	-0.167168302266051	NA	-1.69083778542248	-2.08555181522653	NA	-1.74682879530261	NA	-1.44606548214831	-2.08300675304763	NA	-2.58735936443677	NA	NA	-2.74073112912161	-1.77174156867068	NA	NA	NA	NA	-2.77372823957451
hsa-miR-337-3p|MIMAT0000754	4.39320378959106	4.46775819055433	5.72393521297214	4.33839802812777	3.85891386840693	5.48533916790223	4.92207003670331	5.63784295853129	3.58231537320709	4.84177430708399	5.56865423928489	5.27505526072789	3.90386295504195	5.46799957208968	4.18068407669319	4.95602834668112	3.77503094008796	4.45547143327768	5.22680073844042	5.27692375330241	5.09673619264967	5.9898288467498	5.2596970590536	4.74137988274403	6.31716457552836	6.93926356159737	5.41165971563701	6.09706620709323	5.49941237578991	5.28087823994987	5.14798990384864	4.33957810939993	4.99687679378893	3.58942134555907	4.83826291979827	5.47872756131983	5.5649236188023	4.17271783868456	5.45402549491931	2.72010944765918	5.05021595981147	4.39919912695821	5.05813419877615	5.9639165519683	5.53915533622547
hsa-miR-323a-5p|MIMAT0004696	NA	NA	NA	NA	NA	-1.40137181743624	NA	-0.656776399589015	NA	NA	NA	NA	NA	-2.58184676094512	NA	NA	-3.38483986976772	NA	NA	-0.882948662572681	NA	NA	NA	NA	-2.38327344184067	-0.167168302266051	NA	NA	-2.08555181522653	NA	NA	NA	NA	NA	NA	NA	-2.38344656900942	NA	-1.74073112912161	NA	NA	NA	-3.84574344651288	NA	NA
hsa-miR-323a-3p|MIMAT0000755	1.82436094965601	-0.11720359297078	2.68980926993787	2.81902393559573	0.114753468859615	4.8465539409787	0.49580566269321	2.34322246316579	NA	1.56235087417198	2.01406565358824	2.53808964172273	-0.978778985930494	1.81046860528551	0.352865847617869	1.9907940680651	1.78508429445286	0.570113144373609	0.78939540044931	4.61689831224164	2.20365128213098	2.13972454726234	2.12219328676617	-0.0135075115478828	1.93865314768259	6.01074927513195	1.59496696597363	2.63109170676107	4.4690387301392	0.225595767340318	3.67943674762751	3.55775843696631	1.55393304379184	1.72435078866964	1.10786995204681	2.31952891901966	3.93848444286644	2.57607365973666	4.07944757728196	1.03561053834887	1.63067711619385	1.20041960470789	3.45803310066892	4.31183984548303	1.92671223750489
hsa-miR-326|MIMAT0000756	0.824360542287712	-0.43913051426538	1.30514580478205	2.55598961153754	1.60017982017737	-0.401373722896006	0.758840409563499	1.34322246316579	2.9042436126289	0.515045289658936	2.82142021847137	1.36816488867	1.82857471758716	2.11859063171441	1.83829227133473	1.84640385306033	0.863087643675862	3.46627811658824	1.7893949830873	-1.29798438816427	3.20365143872652	2.41535873366465	-1.19973580227163	0.986492488452117	2.61672491166726	1.51090319786313	1.72049780825956	1.30916337899111	1.2363781166609	1.54752386222768	-0.161864680591203	2.24843039483856	1.72385864577724	-0.498042214812989	0.455793542344042	0.582562746814851	0.201518440949509	0.918961671026063	1.4291938723207	0.398179601190703	0.893711677327316	-2.2590120139294	-0.845748632118224	2.08944730307836	1.39619730998995
hsa-miR-151a-5p|MIMAT0004697	4.93427875340642	7.05871944785867	6.12674240051337	7.89084371358983	6.35887867388137	5.48126945564963	6.26927426140771	6.80674659481252	6.09801527599193	5.97884202003214	6.65068999593067	6.82759627867598	6.8884984691371	6.66844948694828	6.51877687400702	6.63464988033787	7.59744016119233	6.59001357039348	7.12031230967165	6.10573709260191	7.47311210559998	6.84308145050537	6.12219357672658	7.2532788967592	7.02611575648686	6.89460763584023	6.63936104191616	6.10357952857681	6.73462888123008	6.64344832551931	7.42309718125903	6.55459110780535	6.41191432695422	6.44447301939216	6.43634094883497	6.1907154937647	6.19020356239234	6.85876647795273	7.02745295236599	6.0388280143534	7.37752731577622	6.50917193071964	5.91414052602276	6.70088212764409	6.57056832102827
hsa-miR-151a-3p|MIMAT0000757	9.5220236643647	10.3736465693373	9.86950678541899	11.9856054141566	10.2819199303724	9.36543133517345	10.3869814655173	10.7726289539744	10.350086072345	10.0046256128737	10.2112820649747	10.2331245760667	10.328989751632	10.4410389877318	10.3154717942176	10.2412049376518	11.3934420642433	10.6776217191352	10.3649346757279	10.3670546714467	11.7675286429695	10.5088049606159	9.34007050464166	10.3207656440377	10.3106473014173	10.4922922499743	10.2499283523351	10.6228970277344	10.2664933381736	10.2903385770208	11.2238173508947	10.3917580703715	10.4041201555948	9.92016253217967	9.5957100287549	10.6817650495789	10.0602770178693	11.1352407336033	10.5462594764882	10.0293584294594	11.5275392888714	10.4169446306747	9.76861711800001	10.698420905369	10.5687638230987
hsa-miR-135b-5p|MIMAT0000758	4.69883010460563	0.560868507740718	4.72018306687988	6.62637877003661	0.962749635199518	4.56055845025271	4.97477712821889	2.15057722275972	1.389670880285	2.81760811424997	-0.985933274888856	0.368164888670004	2.87920073463228	1.00311358040043	0.615899312060255	NA	6.89940531206715	6.2010888860492	0.526361328505035	2.97503343346448	7.98501113801522	2.06172159875321	5.31333503777353	6.42943585039132	1.78664946881774	4.56618583128858	-1.86446513023881	5.11651859215196	4.04373295124236	-0.189441731938525	-0.746828795302606	-0.690169566529757	0.875861040408498	4.20239820862056	4.65966567185658	0.872069889499482	6.51440186967446	6.86417995281678	4.17813186906776	5.76741517656318	6.31717763885378	-1.2590120139294	6.82579342338925	5.03846348654363	0.685703379062786
hsa-miR-135b-3p|MIMAT0004698	-0.760601958433444	NA	0.135220949297258	-0.502903750413667	NA	-1.98633622361716	-2.82612038597639	NA	NA	-1.39184555833863	NA	NA	NA	NA	NA	NA	0.315599848373369	-1.01484935634755	NA	-1.88294866257268	1.85572783635108	-2.10820132927794	-1.78469664607577	0.571454503751197	NA	-0.167168302266051	NA	-0.690835456596247	NA	NA	NA	NA	NA	-2.08300675304763	-1.35156032783198	NA	-1.38344656900942	0.540449895167064	NA	-1.18678071005439	0.116102545666302	NA	1.19864690149808	-1.08047837634621	NA
hsa-miR-148b-5p|MIMAT0004699	-0.0825300533208068	0.560868507740717	0.457149832354999	0.912133237767699	0.600180296029857	0.598628182563756	0.981233074497394	0.343222463165788	1.389670880285	0.856082951377254	1.33599367704072	0.368164888670004	0.828573905226628	-0.259920393557986	-0.969062247269494	0.183439508990052	0.785085131674589	-0.599811857068703	1.66386467013342	-0.0755914600604377	2.30318660073195	-0.108201329277939	0.0226561456596059	1.79384678639559	0.786649886974763	0.318258987742286	-0.864465130238811	1.30916396119755	-0.500587273394333	0.810558268061475	0.838134512413899	0.532223187342324	0.553933535145292	-1.08300675304763	0.81836385548028	0.412639551742398	0.616556253882768	0.918961671026063	1.58119696576575	0.398180695929149	0.893711677327316	1.5483429081282	0.961607030741285	0.504484124374949	0.226271760425489
hsa-miR-148b-3p|MIMAT0000759	5.7847491574357	6.24034772466573	5.94579217152144	8.01279560190884	7.74410932853649	6.47514332907747	7.1031356511464	6.46216328225895	7.55959534641462	7.04278283342393	6.821420307765	6.72571666155878	6.67585573737888	7.02363058388101	7.03936546448475	6.96042007920804	7.52580228921658	7.46493178143734	7.05930131183414	7.2540435080494	6.83508835977021	7.36143855784691	6.08258169980582	6.86607559274748	6.99826776023255	6.8328314446193	7.00590002712181	7.05735653728541	7.15285465769139	6.87664749535068	8.0669533643088	8.19247390695591	8.45026572560266	6.1313151461799	6.69009753839386	7.60122721518325	6.5472937457019	6.90327014590055	8.52077593654788	7.46546633911284	6.89746368714194	7.62668397251803	6.13296279832693	7.07939377116617	7.16732001915965
hsa-miR-331-5p|MIMAT0004700	1.08739494812151	1.80879689623151	0.457149832354999	1.49709573848885	2.25225668979435	1.18359004813194	1.34380291028465	2.34322189454285	2.0417469261469	2.73743735043959	1.33599367704072	2.53808989011232	1.48065134031592	0.418152159367481	1.4903693713678	0.183440779428279	3.16974898190991	1.92375047923724	0.789393731000558	2.47460476964751	0.71822439232252	1.06172228989059	1.46322955927559	2.30842000083297	0.938653900364835	2.9032209099158	0.457462964648552	1.76859468006116	3.0843745469568	0.547523862227681	1.83813410891628	2.76926268694823	0.875861826573987	1.91699515712135	0.455794594225628	2.16752524753601	2.90195835210871	2.21852173828381	1.25926887087839	2.08623755785466	2.00918805851806	1.20041960470789	2.24171542927623	1.61996134179489	1.22627176042549
hsa-miR-331-3p|MIMAT0000760	1.9618648067072	3.90071777411098	3.56148549015461	4.37156492610012	5.52074510577831	3.62837385381978	4.21827140813438	4.61000878231931	3.79176875836772	4.37633900956536	3.82142042257108	5.25080771069222	4.41353721830832	3.52667544257147	3.91358003621464	4.05790796281304	5.70527199686942	3.84313244298454	3.52636082767073	3.80355305280904	3.60574973416695	4.50650667415607	3.69103628223061	5.18616464506361	4.09245829770528	4.69081246942239	4.1579030868917	5.0234092404363	4.58687520766015	4.71744886366999	5.09866222403613	5.34692020121295	5.16864311854237	3.93936369307463	3.67080612584167	4.36683463845962	4.62778360413176	4.29533725037729	4.06662362073771	4.13514697430646	4.03666948466024	4.41341298952952	2.92243688201937	4.42731700143756	3.54820034862279
hsa-miR-324-5p|MIMAT0000761	2.77545136322225	3.62695689536718	4.04211110703316	4.80695101396045	4.26855805640658	3.37121605984885	4.57475668928504	3.92818467957551	5.05804884477305	4.05936574819382	3.96826165288767	4.86001778628801	4.28800633622446	3.09057637931004	3.98513324319587	3.43136622005102	4.448049549529	4.25816996739476	3.4898351185904	3.42083309593287	5.27893954745163	3.97925959101804	3.84465962253675	5.31740924898004	4.3581917859574	3.44164070140286	3.89042276105997	4.92387353203221	3.86864627290238	4.31305860859066	5.48199089586744	4.43911391596508	5.22635866516042	3.34326070254382	4.0913818985044	4.48945398468847	4.27476789501449	4.66146504529445	4.7591144915775	3.15899358839189	4.93810565550425	3.44142743860952	2.99974245594871	4.42731706849073	3.71812551450172
hsa-miR-324-3p|MIMAT0000762	2.12692364260677	2.46775864695185	2.26450340326312	4.3550768922329	3.00227801939197	1.40598201578752	2.87431697114395	3.43068510372571	3.867717697073	3.36304222425711	3.1839904566003	3.06860443484908	3.0212197701433	3.25104113172782	3.24039035506917	3.27090160292326	3.91894040151099	3.68559103454158	3.11132349533667	3.26679958110023	4.90409107254694	3.56422218321327	1.53723095173668	3.41275700608764	3.66111908091944	2.55529762402724	3.83597489097883	2.83272579068796	2.9144499069611	4.03295068939792	3.57510026797912	3.18429997461354	4.59832744605079	2.23892378685557	2.64843829157328	3.83890317221252	2.82600964494315	3.40834611457316	3.76706329914074	2.27265061001818	3.57553549544438	2.06291573567514	1.90914021446323	3.72687730844141	4.09663715462074
hsa-miR-338-5p|MIMAT0004701	0.239398041566556	-1.43913247025385	2.7201830121458	3.08205823921001	2.54771238265907	3.43992879696319	3.60014210836871	-1.65677639958902	3.71159842456502	2.67424368862416	2.01406565358824	3.69009264823141	4.51307278354452	1.58807632105237	2.73137660189494	0.920404594980654	1.13872208628929	2.10062887019432	1.66386421482946	4.9688015075537	4.06872170818587	2.97925949954396	0.215303353924225	2.89338279280741	3.00904236804792	2.0344654180398	2.30546045490643	1.76859510348414	2.3738817517441	1.22559576734032	3.50109961008318	4.49305266328049	0.553933535145292	0.916995539154838	0.455793542344042	1.41263792600963	3.26041263185011	3.61083893964863	3.73500197679633	3.31571909920517	2.55667660831308	2.98891495433074	2.93561230709665	2.24145063381712	2.31373518204045
hsa-miR-338-3p|MIMAT0000763	8.17544748929451	7.74201986411002	9.48173428696505	9.97485402858803	9.31687653261866	10.525787048872	10.9448507822017	7.48788045282989	9.74973356973062	9.9922638070586	9.32581368897983	10.3121445726545	11.4091024197311	8.34740947724251	9.76902910127373	7.97351573169042	7.30864652351701	8.35801656118895	8.73873580807442	11.28987053556	10.8828801736351	9.40601764489653	7.23350313488581	9.89526024063504	9.59400473622825	8.22514887462991	9.10994988777028	8.98423860205271	8.67849213097994	8.25488304153739	10.0009455696763	10.998518285433	8.05577050995165	7.59823442835803	8.12922858509524	7.66056588153862	10.3745713757935	10.7068637979783	10.5207759355659	10.0285496335257	9.58835962334879	9.95682390553029	10.224792617554	9.32997377767752	8.52376190443769
hsa-miR-339-5p|MIMAT0000764	4.10729500779409	4.77032105396886	5.02396388226212	5.29583753942314	4.46524993218663	4.76185681208708	4.98765844072208	4.07114268169685	5.77213995518622	4.91649365094127	3.87204643933768	5.43425384556742	5.2596244164975	3.3250415313293	4.88891787139024	4.13763516366644	4.15431837419016	4.41141621191027	4.31295735650632	4.59278584456377	5.25427751179649	4.31806154488857	4.32382737846336	4.83198245075421	4.47470586624082	3.64018650408201	3.77939147980205	4.39662649422098	3.55830608908166	3.74915772339733	4.23045205047767	4.36872449496372	4.04578630390602	5.21161676011319	5.13225417424612	3.77019041966947	4.18641212964532	4.20720631522072	4.17813194876284	4.35753933699626	5.62616166866282	3.38484389961907	3.49410233106509	4.14834104637049	4.14513565001072
hsa-miR-339-3p|MIMAT0004702	1.56132613645392	2.51506421871165	1.13522029248828	3.04141629852103	2.31638675073057	2.29906702126219	3.17387721611188	2.25011267969238	3.71159864480798	2.51504528965894	1.33599424851972	1.69009298355737	3.37877183977497	1.41815053983486	2.3528652827831	1.40583174883523	2.52205047467433	2.89204221100803	2.0117875832932	2.70201472499237	3.04015248720988	1.69915181557028	0.537230454661608	2.30842000083297	1.20168843164563	1.09586569858429	1.72049737048235	2.21605436273728	2.30676735707616	1.92603548548141	2.83813471416267	2.81233104785231	2.36128831681621	2.61743555116778	2.6026347949466	1.73456656280812	2.14011800538256	1.86237799005443	2.61682087549647	2.27265001288856	3.43803197169445	1.44142770421169	1.40218024596015	1.61996181116725	1.22627176042549
hsa-miR-335-5p|MIMAT0000765	5.17013581988858	3.14583035646557	3.51026001662961	2.7194883788671	2.25225608416376	2.89630692263252	3.86037785659457	2.59114967733417	3.10587733973761	3.92103751599717	1.82142083077042	3.53808964172273	4.28800626237352	3.81046850245803	3.38848879299641	3.27090175238672	3.44804961562546	2.64811634682681	3.3337158212761	3.07124884934451	3.85572803565451	3.17719913515967	3.72309739326313	4.13623938233811	3.90212723305837	3.75883081788132	2.89042295562759	4.03708416310515	3.72180474700982	2.22559576734032	2.57510026797912	2.24843039483856	1.55393304379184	3.27454808421037	4.44285427815542	3.52116295611405	3.52344678676041	3.44734009400181	3.19000605035761	1.55018406305868	3.2860288782494	3.20041913386766	2.58051744913585	1.7268774174028	3.74983446717148
hsa-miR-335-3p|MIMAT0004703	7.94399386960452	6.40321798395676	6.23325265830819	7.62466025465524	5.77010453082086	5.45660740364266	5.87431697114395	6.86285846500926	5.13690427101274	7.60815461912242	6.1330064410861	7.23852938852416	7.15050273123849	6.78228570519659	6.59317928038835	6.00361777435016	6.75726661407504	6.89804083872943	6.42360143139466	7.46245766798962	7.39064995782647	6.28840153230674	6.30541538140099	7.90833329040914	6.75115113730063	8.05393518098036	5.52785269904737	7.22205301961119	6.39826568957044	6.07734485148722	6.51526699638129	5.61968620464091	5.24043390013419	6.55724095603071	8.09448779098931	6.45976228578938	6.34787543767596	7.071831087593	6.42668676515089	5.93561548917217	7.24243968864459	6.43447455992234	5.91746474317554	4.81434015610124	6.22627241560272
hsa-miR-133b|MIMAT0000770	-0.760601958433444	-2.43912855827956	NA	-2.08786829552582	0.114753468859615	-0.986336223617162	-0.50419433730679	-0.656776399589015	-1.41768294055853	-3.39184934417964	-0.985933274888856	-0.631835111329996	0.0212195924394682	-0.996887139392162	-0.384099746548338	-1.40152426217045	-2.38483986976772	-0.277883762181341	-0.21060459955069	-2.88294334151746	NA	0.213724277515665	-0.199735802271631	-0.428544525404814	1.31716569731441	-0.904132276499571	-0.864465130238811	-0.690835456596247	-2.08555181522653	0.810558268061475	NA	-0.690169566529757	NA	-0.498044252326472	NA	-2.58735936443677	0.201518440949509	0.918960907999555	-1.15576862840045	-1.18678071005439	-0.36932428150394	-0.259012013929404	-1.03839148765605	NA	-1.77372823957451
hsa-miR-325|MIMAT0000771	NA	NA	NA	NA	NA	NA	NA	NA	NA	NA	NA	NA	NA	NA	NA	NA	NA	NA	NA	NA	NA	NA	NA	NA	NA	NA	NA	NA	NA	NA	NA	NA	NA	NA	NA	NA	NA	NA	NA	NA	NA	NA	NA	NA	NA
hsa-miR-345-5p|MIMAT0000772	0.917469946679193	2.14583068246376	2.68980949353243	3.95652740358957	2.88028743146547	2.94440139507929	2.95523709531057	2.92818477434599	4.1058774235257	2.25201078286953	3.26199288505198	1.36816488867	2.87920053854529	3.22550600173687	2.61589931206026	3.84640385306033	2.80498406979764	2.20754400203072	4.01178785159733	3.02394299724845	5.2666611894075	3.86907671827867	1.12219361814949	3.27189444593327	3.80654936421798	2.59836639645182	2.94289035467519	3.51861696491441	2.95884397413208	3.51099798620257	3.11115303464773	3.89479332214963	3.83933552722905	1.61743578626521	2.6026347949466	2.6605658672778	3.86448391589947	4.51314222063254	2.90312486779104	1.47618412981479	2.80060196233648	0.325950486791752	0.909140214463234	3.12897581385571	3.82618521289293
hsa-miR-346|MIMAT0000773	-3.08253005332081	0.730792965852797	-1.86477510985516	NA	-2.20717462602775	-0.664406985453641	-0.0187669255026064	1.80265397841711	NA	-1.39184555833863	-0.985933274888856	-0.631835111329996	-1.97878182919197	NA	NA	NA	0.315599848373369	0.859620556634419	NA	-2.88294334151746	NA	NA	-2.78470161683252	-2.0135089678146	-0.798313450060558	-2.48909477722073	0.457462964648552	-1.69083778542248	-1.08554875356105	NA	2.5010994826629	0.309831597344626	-0.446065482148315	-0.0830036967784822	-0.766600281502381	-1.58735936443677	0.201518440949509	-1.19651503770976	-0.155768628400453	-0.771744031828681	-0.106288322672684	2.87027060840662	-1.26078440285988	-2.08047837634621	NA
hsa-miR-384|MIMAT0001075	NA	NA	NA	NA	NA	NA	NA	NA	NA	NA	NA	NA	NA	NA	NA	NA	NA	NA	NA	NA	NA	NA	NA	NA	NA	NA	NA	NA	NA	NA	NA	NA	NA	NA	NA	NA	NA	NA	NA	NA	NA	NA	NA	NA	NA
hsa-miR-196b-5p|MIMAT0001080	5.12204154662852	0.88279640702922	4.70507618428419	9.4435147210762	7.7942328079295	1.71410349452393	2.45927947186511	2.59114991675434	6.50117865627083	6.50297237994492	2.18399077408869	4.06860434886806	6.52504545967437	2.54743403492774	5.56231832783005	2.45645739008106	9.96747890867867	2.48765201309027	3.11132349533667	3.09433235892436	9.2842786456782	2.28411431629143	5.07328396339025	8.28913128425429	3.44961472363109	3.09586586732741	2.305460163055	5.12934266084703	1.91445009831516	2.39552076878263	1.57510026797912	7.30040761279516	1.8758614334913	1.50195829456493	7.15027555708966	1.21999246098773	2.42391131036367	1.30598452483188	7.81001541196966	7.10937032848952	2.26294543689637	1.20041897692088	2.72410801333528	3.12897581385571	1.92671185803578
hsa-miR-196b-3p|MIMAT0009201	NA	NA	NA	NA	NA	NA	NA	NA	NA	NA	NA	NA	NA	NA	NA	NA	-0.577484947710119	NA	NA	NA	NA	NA	NA	NA	NA	NA	NA	NA	NA	NA	NA	NA	NA	NA	-2.35156032783198	NA	NA	NA	NA	NA	NA	NA	NA	NA	NA
hsa-miR-422a|MIMAT0001339	NA	NA	NA	NA	NA	NA	NA	NA	NA	NA	NA	NA	NA	NA	NA	NA	NA	NA	NA	NA	NA	NA	NA	NA	NA	NA	NA	NA	NA	NA	NA	NA	NA	NA	NA	NA	NA	NA	NA	NA	NA	NA	NA	NA	-2.77372823957451
hsa-miR-423-5p|MIMAT0004748	4.94537641148849	5.19749224858074	4.87668750601032	4.87791760829418	4.85891386840693	4.59109269420471	5.31342857191197	4.81895565134939	6.10587738163166	5.87728131102296	4.18399037722819	6.28702788576624	4.49695313521952	4.11859071476739	4.97345138556066	3.90225701669664	5.63196783606594	5.15507653586293	4.08707597738572	4.53490487918505	5.53584783019648	4.35122838087873	4.55515292723796	5.67299288838879	4.05966832370436	4.12561316595288	4.01817827528078	5.15465372357006	5.70235246202326	4.00695548086498	5.07335115264666	4.04679660957376	4.57630106092098	5.5752074833727	6.0493178013783	4.93620028260967	5.24591301653254	4.75768031274082	4.62559090979505	4.72810216825274	5.00223602156949	5.63580537217881	4.52057468210604	4.18630895679545	4.23749970418815
hsa-miR-423-3p|MIMAT0001340	4.78783513630293	6.82531025083065	6.56984878968248	6.92615372884288	6.51050103748306	5.78184828471334	6.23186899495734	7.19497124365533	6.79663454510589	7.49765857869842	6.44033015079247	7.96062170007087	6.00990442473288	6.31901786055487	6.23060919459961	6.37326337173906	7.13970127234252	6.60476014692963	6.07479764071473	6.24890940777652	7.74723569653668	6.46922557732453	5.77372363208755	6.95515913921811	6.27493630825181	6.01869803832839	6.16344126888484	6.34258669163126	7.2894893406135	6.02001165592201	6.93265224897784	6.09555581073215	6.62539568216399	7.12156716774466	6.95450008205626	6.39848033224175	7.14403342569547	6.33746264821232	7.02081987002197	6.52975254180125	6.01955543610302	6.8016835556638	5.91080867956901	6.80216547452851	6.72012785281655
hsa-miR-424-5p|MIMAT0001341	6.13663895926412	6.29557720507029	6.77003160455745	6.37565760669527	6.02164333165524	6.49747968138749	8.32996032308377	8.00500031664054	6.57100015292136	7.77368975939299	8.57248608547543	7.44498025389055	5.82211960073521	8.31448346319635	6.84150848172314	7.82969747660408	6.0224273396173	6.41699730856696	8.94421354757654	5.87193989887649	7.57371604140568	9.82880266501625	6.21811795287981	7.3174092399349	9.10205100943139	7.22343036966069	8.18946118618669	8.07569258838552	6.49187872798387	8.25350180645686	8.3798766433364	6.2523453551549	6.60378186580453	5.67188349409861	8.10067961970788	7.41966563580668	6.89964475643381	5.00642410832124	6.98888937590942	6.15603433993732	5.53756771180237	6.67172494155822	4.64610550133401	6.70088212764409	8.5727861452755
hsa-miR-424-3p|MIMAT0004749	0.617909664820285	-0.11720359297078	1.30514580478205	0.497096249586333	-0.207174626027748	0.0136652054778952	1.69743934593074	1.51314759096872	-1.41768294055853	1.65254844629751	1.82142042257108	-0.631835111329996	-1.97878182919197	2.27613185142297	0.838291867881227	1.84640385306033	0.702622971482616	0.570114116120669	2.0117875832932	-0.561019503472705	0.981258652000456	3.06172177153758	0.537230454661608	-0.0135075115478828	3.00904236804792	1.68082842429627	1.94289016705642	2.21605405222717	0.499412726605667	1.68502738597762	1.95361166775729	0.309831597344626	0.553933535145292	0.501958803942674	0.970367030738356	1.73456656280812	1.78648135987654	-1.78147423198854	0.844231371599547	0.687686915037522	-1.6912523763913	1.32595048679175	-0.845746039313223	0.241449718541156	2.81123487778405
hsa-miR-425-5p|MIMAT0003393	6.76609337754107	5.61615008290086	7.00712577618801	8.08581040725927	5.9221076533458	6.38870332825591	5.87778083210945	5.92065102326406	7.53941747244744	6.84775318071281	6.25247013981618	6.77755560125708	5.62855003012611	6.81261377749817	5.75885732806967	5.79323315159212	5.83674664566834	6.66931565838171	6.08094988181332	5.52219388361189	8.189086797376	6.77443976967179	5.5053217720702	6.7075915184194	6.44009210342467	6.25909622639878	6.4574633750647	7.74795553022285	5.95336887369836	6.32888359369929	5.6625630522651	5.92454068137871	5.92897274153524	6.65508824075306	6.57027933397154	5.69340914744244	6.00887383348871	6.29266299802562	5.59465895687901	5.33678078192917	6.76407622435553	6.39203928214977	6.46713528527671	6.61996211919278	6.51859403838563
hsa-miR-425-3p|MIMAT0001343	1.72482530520283	1.46775942934728	2.42062279765192	3.91213333359849	2.31638675073057	0.714106572573064	2.17387769569454	2.43068483613843	3.44029659261225	1.89355675759633	2.4734970449327	2.69009298355737	2.77610693664396	2.81046819397554	2.35286500036563	2.76840137449167	1.97271176728966	1.79250639863615	2.20443279538766	1.57648392353066	3.15118357224506	2.28411402008965	1.73886466162263	2.79384678639559	2.37161294523843	1.59836663467734	2.52785254269838	2.30916367009436	2.00191246680837	2.03295068939792	1.71260370369323	2.04679660957376	3.30882085532602	1.72435035206003	0.970366294420951	1.99760024609369	1.86448292541172	2.46644936593035	2.61682064029881	1.31571808496262	2.30874849716998	1.44142770421169	1.24171573431209	2.87371872137486	2.87012834484818
hsa-miR-18b-5p|MIMAT0001412	NA	-2.43912855827956	NA	3.33839817075964	-2.20717462602775	-1.98633050724543	NA	NA	-1.41768294055853	-2.39184934417964	NA	-0.631835111329996	NA	-1.58185107969957	-1.96906224726949	-2.40152045085577	-3.38483986976772	-1.01484935634755	NA	-1.29798438816427	-1.60370457950021	-2.10820132927794	NA	-2.0135089678146	NA	NA	-1.86446513023881	-0.690837785422477	NA	NA	NA	NA	NA	NA	NA	-2.58735936443677	-1.38344656900942	-0.781474231988542	NA	NA	NA	-1.2590120139294	-2.84574344651288	NA	NA
hsa-miR-18b-3p|MIMAT0004751	NA	-2.43912855827956	NA	1.4970952273912	NA	NA	NA	NA	NA	NA	NA	NA	NA	NA	NA	NA	NA	NA	NA	-1.88294866257268	NA	NA	NA	NA	NA	NA	NA	NA	NA	NA	-1.74682879530261	NA	NA	NA	NA	NA	NA	NA	NA	-2.77174649499089	NA	NA	-3.84574344651288	NA	NA
hsa-miR-20b-5p|MIMAT0001413	2.77545136322225	3.73079263985456	2.42062279765192	9.36385952500152	3.31638660590585	2.68608923044027	2.53142937279277	3.04366191886555	5.54809967906756	2.87494112985637	3.01406547500101	3.61609216679714	2.1086826845658	3.19951091098814	1.73137660189494	2.59847645245182	-0.0629117748803609	4.59001348054017	3.45236032530606	5.68310651281767	5.84750760970978	3.89179672689918	3.83001269082014	5.17631690769018	2.97427691054844	3.18332865894742	2.22299802003076	3.21605420748223	3.37388147341093	3.54752386222768	0.575100267979121	3.7692624753347	3.46082393421245	2.00445824556984	3.23340094569392	2.69804063120238	3.99159576458803	3.38844663639962	1.16615946648691	3.99644063191519	-0.691250046895736	4.84951209256184	3.26277680165948	2.44308437560298	3.41609685991913
hsa-miR-20b-3p|MIMAT0004752	-1.49756755259965	-0.11720359297078	-1.2798161121091	5.71303317206676	-1.20717462602775	-1.98633622361716	-1.82612038597639	NA	1.90424399805404	-1.39184555833863	NA	NA	-1.97878182919197	-0.581851079699572	-0.384099746548338	-1.40152045085577	-2.38483986976772	0.985151372462809	-0.795566265548194	1.81749187419357	2.71822417308873	0.699151815570275	-1.78470161683252	0.793846786395593	-0.798310941119517	-0.489094777220727	-1.86446513023881	-1.69083778542248	-2.08555181522653	NA	-0.746828795302606	-0.690169566529757	1.36128831681621	-2.08300675304763	-0.351560327831976	-1.58736369972498	1.42391104151706	-0.781476711819611	-2.74073112912161	-0.449816429573424	NA	0.740987986070595	-3.84574344651288	-2.08047837634621	0.0336266824830932
hsa-miR-448|MIMAT0001532	NA	NA	NA	NA	NA	NA	NA	NA	NA	NA	NA	NA	NA	NA	NA	NA	NA	NA	NA	NA	NA	NA	NA	NA	NA	NA	NA	NA	NA	NA	NA	NA	NA	NA	NA	NA	NA	NA	NA	NA	NA	NA	NA	NA	NA
hsa-miR-429|MIMAT0001536	5.21667846942721	6.52376362131943	8.59413977034586	9.38482409751193	7.40015492757794	5.90544768418747	7.00518448816597	7.09141505356901	2.38967032967766	7.36304212785852	5.05845950235998	6.78601718131259	7.03244696908704	3.64696974138345	5.34381981990978	3.76840137449167	8.27426352054306	6.0831835564992	3.87685824169965	4.99356934820493	9.29414196348224	5.29267619308635	5.2813920992403	6.87218872324612	3.92050559136454	6.61681187915864	4.04242590314693	6.41768813952919	6.81229536096081	4.82550866040798	6.25317215039502	6.36872456479619	6.6413961451705	6.61743574218445	6.27414722900756	5.70265726637571	5.74583937836637	7.47236901230236	5.98718907526672	4.38812759777291	7.32694921314871	7.52562245581008	5.25228443497322	6.31183984548303	4.53005313304553
hsa-miR-449a|MIMAT0001541	NA	-1.43912855827956	NA	-2.08786829552582	NA	-0.986333365428463	-2.82612038597639	-1.65677639958902	NA	-1.80688179567268	NA	-0.631835111329996	NA	NA	NA	NA	2.63752747956876	NA	NA	-2.88294334151746	NA	NA	-1.78469664607577	NA	-1.38327344184067	-0.489094777220727	NA	-0.690837785422477	NA	NA	NA	-0.690167238781929	NA	-2.08300675304763	-2.35156032783198	NA	-2.38344656900942	-2.78147423198854	-2.74073112912161	-2.77174649499089	-2.6912523763913	NA	-2.26078094579172	NA	NA
hsa-miR-450a-5p|MIMAT0001545	3.65893727572658	2.69015088200362	3.67437929428282	2.81902393559573	2.69971552545179	3.48939752849432	4.34380227084116	3.43068496993208	3.04174710134018	4.17801024924683	4.05845954565386	2.69009298355737	2.1086826845658	3.52667531739017	3.35286514157437	3.48111936857903	1.93708822511964	2.92375104961044	3.78939540044931	2.57648440726344	3.39629651666892	4.23164675378163	2.64156753063223	3.86913536503663	4.28915027669888	3.0654923511242	4.1579030868917	4.80101675995507	2.61488955150447	3.65186052204242	4.00805969318845	1.97279630378441	3.01336488577164	2.3093132893908	3.60263467618572	3.9976008783234	3.70401937188695	2.38844663639962	3.09215888504313	2.8132188794191	1.76818008933573	3.06291573567514	1.47617998133051	2.96391666753342	4.16878706789463
hsa-miR-431-5p|MIMAT0001625	1.23939804156656	-2.43912855827956	0.457149832354999	1.61257283796319	-1.20717462602775	1.87164496862705	-0.0187669255026062	1.665150330604	0.5823151323163	0.515046299214684	NA	1.69009298355737	-1.97878182919197	0.588075361328995	0.615900253451662	-2.40152045085577	-0.799877369046567	-0.277883762181341	-1.7955687697206	4.17233493316027	2.09673615048934	-0.108202884336035	-0.462769545338392	NA	0.424079329696305	5.93716809383854	-0.864465130238811	0.631091240995828	1.49941221632818	NA	1.25317180994395	3.79095757485972	-0.44606744756177	-2.08300675304763	-0.76659782711082	2.31952891901966	1.42391104151706	0.218522048263256	0.429193872320703	-0.449814459046014	1.21563946161532	0.740987986070595	3.13153219680619	2.31183991812396	0.226271760425489
hsa-miR-431-3p|MIMAT0004757	3.9835595019444	1.88279640702922	4.33489287413336	1.7194883788671	-0.622212125306591	4.41454358473724	2.17387801541623	3.3876163412903	1.16727956016262	2.22286451756244	2.33599396278025	2.17551981072761	0.60618256703746	2.70355324317287	0.838292674788111	1.05790908888386	1.47314112535985	0.400188142931297	1.20443248236615	5.17233489315229	2.85572783635108	2.64668456023266	2.30276531798344	0.986491760318942	2.61672538209376	5.45341795014352	1.83597458790228	2.9530197084954	3.79709289470045	1.81055826806147	3.00805942419008	3.99165489667114	2.80186078998182	0.23892256434817	1.81836385548028	2.87206949538227	3.34447672619999	2.6779531033015	3.68553362558049	1.13514738483297	2.59415127600712	2.32595048679175	3.54656990186325	4.14834112772834	1.61858918320425
hsa-miR-433-3p|MIMAT0001627	0.917470710494663	-0.439132470253848	1.77907729670609	-1.08786829552582	-1.20717462602775	0.920555515267515	-0.241159590436501	1.51314759096872	0.904243612628901	0.608153495202049	1.01406601076263	0.95312738939116	NA	0.740079606442014	-0.969062247269494	1.29891574914905	-1.06291177488036	0.400188142931297	1.0117875832932	2.54331745333146	0.981258652000456	0.891797115663965	0.0226575658747713	-0.428546467093445	0.786649886974763	3.2113430717671	1.13553552642697	0.309163378991108	2.30676706548898	-0.774404232659682	-0.16186629458145	1.42530890429332	0.875861826573987	-2.08300675304763	1.23340094569392	1.73456656280812	0.423910503823685	-0.459548120965694	0.259268870878391	-1.18678071005439	-0.691252376391303	-0.674049513208248	0.677815804013235	1.50448514134821	0.926712237504885
hsa-miR-329-3p|MIMAT0001629	0.502432447400349	0.145831334459915	0.594652687354337	-1.08786522894041	-0.622212125306591	1.59862675346917	-2.82612038597639	-1.65677639958902	-1.41768294055853	0.60815444166137	-0.985933274888856	-0.631835111329996	-1.97878182919197	-0.581846760945118	-1.96906224726949	-2.40152045085577	-0.384839869767723	-1.5998118570687	0.789394565725176	0.924407779788416	-0.0187420787790525	0.21372552156308	-0.784699131452008	-1.0135089678146	0.424081480216931	2.55529737858272	-0.864465130238811	1.11651780201443	1.23637750432781	-0.774404232659682	0.575099299584757	0.532223187342324	-1.44606548214831	0.23892256434817	-1.35156032783198	-0.26543126954941	1.42391050382369	-0.781476711819611	0.259268870878391	-0.771746494990887	-1.6912523763913	-0.259012013929404	0.961607771542809	1.72687698155717	0.226271760425489
hsa-miR-451a|MIMAT0001631	4.74401886466787	7.32739652368096	6.29761187227692	8.76700164089782	5.79844917143022	5.52936380208926	8.82448027179107	8.73016245963797	7.02110727923949	5.72449862800259	8.74028354177147	7.57761803527976	8.41996340863871	10.1098945844895	6.04216411054801	9.10627094082603	6.25359547697094	8.71873182241235	10.5630841295471	5.42083323064328	8.18419906614027	9.90127548249929	6.46560138820955	6.68693206656763	9.6868457644656	7.5374268092878	9.66935168619345	12.1090523669632	4.35739336981775	9.5587511616488	6.0669533643088	6.49305269531374	7.90928441402432	8.59647612691757	7.64702881353824	8.16334536733929	5.70931354990643	8.02345920397149	5.79842742276319	6.31836879911549	6.50842137882038	9.83869056515989	7.70066454603105	5.86203692272832	9.29739953196174
hsa-miR-452-5p|MIMAT0001635	5.79705371523247	7.01619483921264	5.72393518567618	7.96198179300427	7.71615210469227	3.74158477022736	4.48676031718134	5.21358688142767	5.47713320331667	5.90965081063637	4.96826179114877	5.82759632948294	6.72857882655126	5.56789822959772	6.28832469094907	6.94499002717845	7.51376095714943	6.33092632280776	4.84828912289183	4.70950956021717	8.1377634928255	6.45403915317721	5.74668441140684	5.54108115422345	4.46221484193699	6.53049409398874	5.72049778089849	6.42810474491213	7.0359834060933	5.68502741401973	7.32463453024842	6.91222040522049	8.063708325137	6.61396351278244	5.34192534911575	4.66056581023453	4.71458848107851	5.7499029658966	7.4064735662229	5.66288460870765	5.27453332460454	6.68350211244088	5.68172934360963	6.38304677477994	5.91975936137253
hsa-miR-452-3p|MIMAT0001636	-0.0825300533208068	2.36822273123084	0.835660566390835	3.79477631311755	2.92210762955317	0.473096954032855	-0.504192291089029	-0.656776399589015	1.1672782754128	0.193115680436628	0.5990292258323	1.36816488867	1.92810990372181	-0.996884260223962	2.11839992946933	1.76840158623155	3.00747719420178	1.98515137246281	-0.210606268999442	-0.297986161851525	3.82256109292493	1.06172298102765	1.21530273258057	1.44592370992591	-0.798310941119517	1.83283129275049	-0.864465130238811	2.3966264257261	3.00191282700429	1.68502738597762	2.64548978032651	1.30983101540755	3.59832756516677	2.61743555116778	1.81836344641508	0.734565262221068	-0.0615154630372535	1.466449104895	2.34673171212873	0.687687810732244	0.630676650294738	1.5483429081282	0.854693080488667	0.919522386383802	1.03362668248309
hsa-miR-409-5p|MIMAT0001638	2.00493314737216	2.51506421871165	2.80764590491057	2.61257307385438	0.792824541230298	3.95617860704465	3.23996636123596	3.04366191886555	2.04174727653344	3.25201078286953	2.4734970449327	2.95312720309897	1.72165963864916	2.11859063171441	2.27886467161117	1.50536709570181	2.76490682523023	2.3070796131122	1.20443248236615	4.55999599534725	2.09673615048934	2.21372489953951	3.25969687076762	2.23441977195895	2.78664988697476	5.11823362583886	0.720497370482346	4.14205369958032	3.82134041327105	1.39552076878263	2.64548954975652	3.21672149462863	2.01336506444561	2.0044589646915	3.17200018760441	3.24552836799896	3.74583935148172	2.64478613975343	2.90312467492893	1.22825596817132	3.26294543689637	3.71826758072973	3.55513206221194	4.14834112772834	0.685703379062786
hsa-miR-409-3p|MIMAT0001639	4.20287263558178	3.31575532168586	4.33489301711219	4.43569526048961	2.88028782334408	4.28978866109557	3.30316043859229	4.95793200556273	2.48920637030016	4.28763481817918	3.18399061534451	4.36816467909129	1.72165920122435	4.22550600173687	3.24039050772726	3.52921376267943	3.38334404023887	3.25816974121229	3.48983486175226	6.29696154670033	4.04015248720988	4.15858319186067	4.11012074129318	2.74138004455136	4.47470593112724	7.03250382217117	3.80796052075191	4.57595026749768	5.37388150820257	3.61791319011908	5.08606223822461	5.11718572963043	3.50812968703107	3.7749767714066	3.23340109909339	4.95179702264075	4.84537503220187	3.72631637507613	4.85918156394536	3.11089905928164	4.11610379361082	3.54834266149762	5.1286670607898	5.95844135537531	3.87012834484818
hsa-miR-412-3p|MIMAT0002170	NA	NA	NA	NA	NA	NA	NA	NA	NA	-3.39184934417964	NA	NA	NA	NA	NA	NA	NA	-2.5998118570687	NA	NA	NA	NA	NA	NA	NA	-0.904132276499571	NA	NA	NA	NA	NA	NA	NA	NA	NA	NA	NA	NA	NA	-2.77174649499089	NA	NA	-2.84574344651288	-1.08047837634621	NA
hsa-miR-410-3p|MIMAT0002171	4.55409505852128	3.34222731439771	4.79343205487166	4.52684305059122	2.25225608416376	5.27575878933427	3.34380219979187	4.04366191886555	2.9042436126289	5.20434436410865	3.33599353417093	3.95312720309897	2.19114475184074	4.41815107967927	2.27886437432962	3.18343887377052	3.88194608378472	3.6481164619021	3.06241395242289	7.61988420864041	4.54604358985661	4.06172177153758	3.81521573490784	2.37880984188488	4.48708960511586	7.56075190013765	3.26481833699129	4.95301984822495	6.07432123437251	3.43504913296927	4.53857435470808	5.58905448700733	4.01336497510863	3.4405578606351	3.32086371475627	5.37264026940786	5.05118461749682	4.70233727830118	4.76706329914074	3.55018443253265	3.64859900693559	3.71826758072973	5.91414054994715	5.10934697660888	4.08425343598052
hsa-miR-376b-3p|MIMAT0002172	1.6723579014741	1.36822301065787	1.38314853187861	-0.0878667622323014	NA	2.4399289299023	0.758840409563499	1.34322189454285	-0.417682940558534	1.96570709264156	1.01406601076263	-0.631835111329996	-1.97878182919197	0.877582502009534	-0.384099746548338	-0.401524262170451	-0.214914868325411	0.400189236146693	-0.21060459955069	3.18314156033018	1.39629596858446	1.69915181557028	0.385227803061078	-2.0135089678146	0.938653147682588	3.26579092501742	1.3054598712035	1.76859510348414	1.721804856355	-0.189441731938525	1.42309728213341	1.30983159734463	0.138895708297502	-1.08300369677848	0.648437831374745	1.31952891901966	1.93848453696275	1.21852142830429	0.844231371599547	-0.186782352161127	0.116103876807086	0.062916080957958	1.73921516500602	2.72687719948	0.0336266824830932
hsa-miR-483-5p|MIMAT0004761	0.0873949481215057	0.145832638451344	-1.864780364321	-2.08786829552582	-1.20717462602775	2.18358941297868	-1.82612038597639	4.92818472696075	-0.417682940558534	4.22286444030049	5.5532242457829	2.69009276000674	-0.97878182919197	4.85277926987015	-0.384099746548338	6.16833192788813	3.0581031064262	1.30707932158813	5.97921993646018	-1.29798438816427	1.71822439232252	5.37561260624135	0.215302111236644	-0.0135089678146013	5.56509205278529	2.93716828220293	5.43931605017403	2.70148118990752	2.66933750125801	5.40550489139258	1.71260326351403	-2.27512973950309	4.22635878077299	2.08692096507869	3.50641952473453	1.87207028361659	4.1401183326741	0.388446360862256	-2.74073112912161	-0.771744031828681	-0.691252376391303	-1.2590120139294	3.52057461925015	2.44308411030564	6.12411785763047
hsa-miR-483-3p|MIMAT0002173	-0.0825300533208068	-0.854168665540085	-0.864777737085683	0.234061025996487	-0.622212125306591	1.76855233713537	-2.82612038597639	5.56239074701978	0.582316095879204	2.30859445102059	5.08015459349079	2.69009276000674	-0.393817432962541	4.76687922066264	-0.969062247269494	6.80792965712984	3.0908930532215	2.04404503236397	6.31817509591178	NA	2.71822417308873	5.89742128365658	0.537229460510944	NA	6.57382685810304	2.59836639645182	5.12422001154589	2.3966264257261	1.72180441897422	5.33412025988234	0.575099299584757	-0.690169566529757	4.68321624323954	0.501957785187011	2.64843875177168	1.41263792600963	4.02594737821309	1.02587643892748	-2.74073112912161	0.0356112421088946	0.116103876807086	NA	1.51180451080507	1.82641303284097	6.29236159513129
hsa-miR-484|MIMAT0002174	4.36868154735347	4.90071762922286	4.78627229409935	6.84582390212664	5.39273746068216	5.34905429035678	6.07775911024019	5.72692650367521	6.1521710246448	5.68229605191397	5.95657990629189	6.14952437864404	6.44328447880846	5.23833002298493	5.65298868336049	5.4749932520378	4.91436757452471	6.1348986254116	4.98579258289922	6.42539145863643	6.01834833056098	6.09636789618747	4.50070506296606	5.82569614300501	5.51759163402643	5.30531922839573	5.75024514271939	6.32597195890486	6.20446875328236	5.41542036002453	6.51526699638129	6.09990779879619	6.25437302650789	4.72435095239821	5.11604393265598	6.45703250517147	6.06776753239999	7.30995689929692	5.9597083572141	5.2726504980564	5.92713452475059	5.59273666875125	3.8753516133726	5.73970139604774	5.88090844996426
hsa-miR-485-5p|MIMAT0002175	-0.275175131263203	NA	-1.2798161121091	NA	NA	0.0136652054778952	NA	NA	NA	-1.80688179567268	NA	-0.631835111329996	NA	NA	NA	NA	-3.38483986976772	NA	-1.7955687697206	-1.29798438816427	NA	-0.108202884336035	-2.78470161683252	-2.0135089678146	-2.38327344184067	NA	NA	NA	NA	NA	NA	NA	NA	-2.08300675304763	NA	NA	-1.3834428051544	-1.78147423198854	-1.74073112912161	-2.77174649499089	-1.6912523763913	-2.2590120139294	-0.386315599223076	NA	-2.77372823957451
hsa-miR-485-3p|MIMAT0002176	1.82436094965601	1.36822301065787	2.68980949353243	1.99959598882435	0.377787874693409	5.34905436114789	1.08076884548728	2.04366226878731	-1.41768294055853	2.19311725786883	1.59902779713492	2.53808964172273	0.343147403000655	1.74007917456663	1.73137703638333	0.183438238550705	2.31559926875838	1.4001886895391	0.526361328505035	5.34587116308329	2.39629651666892	2.13972421988146	2.6076198298935	1.15641732808709	3.07615646615548	5.44754134348993	1.4574634899812	2.63109170676107	4.49941234389757	0.810558268061475	2.16006276870028	2.9727957524755	2.01336506444561	1.37642764401643	0.455793542344042	2.58256346936307	3.82600974666889	1.97340996373255	3.42919373838871	1.22825596817132	2.51820224842491	1.06291608095796	3.92243650142407	4.85025971144292	1.61858965302325
hsa-miR-486-5p|MIMAT0002177	4.18425696351885	5.02029923729207	4.89677176404758	6.79477631311755	4.23576810408127	3.93252715538593	6.86910554829599	6.91686940291266	5.95735486550228	3.47851925831749	6.52976520496165	6.81110815325946	4.96373424803236	7.52143888023901	3.96167416433464	7.63052202171528	3.95500966799378	5.80957992791867	8.35418004715494	3.8852366873632	6.08279703320972	8.03517994879492	4.49142734229694	4.42943580017525	7.68281400733759	5.74452304280535	7.93966631990742	9.16013182564745	0.721803981593305	8.02811217667576	4.79233100502547	4.47975588753048	6.03774910928021	6.651705636474	5.07470309978683	6.06369008360959	3.68264554265012	4.9998812432768	4.06662353463856	4.13514697430646	4.53756774286231	8.61596894762536	5.55299606621298	5.62688157320606	7.54368502368931
hsa-miR-486-3p|MIMAT0004762	NA	-2.43912855827956	NA	-1.08786522894041	-2.20717462602775	-2.98633050724543	-0.826122943749046	-1.65677639958902	0.5823151323163	NA	NA	NA	-1.97878182919197	-0.996887139392162	NA	-1.40152426217045	NA	-2.5998118570687	-1.7955687697206	NA	NA	-0.523238828556783	NA	NA	-2.38327344184067	NA	-0.864465130238811	0.309163378991108	NA	-0.774404232659682	NA	-2.27512973950309	-1.44606548214831	NA	-0.766600281502381	-1.58736369972498	-2.38344656900942	NA	-1.74073112912161	-2.77174649499089	-2.6912523763913	NA	NA	0.919522386383802	-2.77372823957451
hsa-miR-487a-3p|MIMAT0002178	-0.0825300533208068	NA	-0.2798161121091	NA	NA	1.47309591469123	-0.826122943749046	0.343222463165788	-1.41768294055853	0.308593868584276	NA	1.69009253645608	-1.97878182919197	-0.581848920320729	-0.969062247269494	-2.40152045085577	-1.38483986976772	-1.5998118570687	NA	2.07124850605023	-1.60370457950021	-0.52324090196795	-0.784699131452008	NA	-2.38327344184067	1.2113430717671	NA	-0.690835456596247	NA	-0.189441731938525	0.253172415190249	0.0467955620864324	-1.44606548214831	NA	-0.351562168625255	-0.265433003663129	0.616556253882768	0.0258764389274767	-1.15576862840045	-1.77174649499089	-1.10628987567015	-1.2590120139294	0.739215597140117	0.726877417402804	-2.77372823957451
hsa-miR-488-5p|MIMAT0002804	-3.08253005332081	NA	NA	NA	NA	NA	NA	-1.65677639958902	-0.417682940558534	NA	NA	NA	NA	-2.58184676094512	NA	-2.40152045085577	NA	NA	NA	NA	NA	-2.10820132927794	NA	NA	-2.38327344184067	-2.48909477722073	NA	NA	NA	NA	NA	NA	NA	NA	NA	NA	NA	NA	NA	NA	NA	NA	-2.84574344651288	NA	-2.77372823957451
hsa-miR-488-3p|MIMAT0004763	-2.08253005332081	NA	-2.86477510985516	-2.08786829552582	NA	-1.98633050724543	NA	NA	-0.417682940558534	-3.39184934417964	NA	NA	NA	NA	NA	NA	-3.38483986976772	-2.5998118570687	NA	NA	NA	-2.10820132927794	-2.78470161683252	NA	NA	NA	-1.86446513023881	NA	NA	NA	NA	NA	NA	NA	NA	NA	NA	-2.78147423198854	NA	NA	NA	NA	-3.84574344651288	NA	-2.77372823957451
hsa-miR-489-3p|MIMAT0002805	-3.08253005332081	NA	-0.542851218538935	1.7194883788671	NA	-2.98633050724543	-1.24115788525523	NA	NA	-2.39184177250756	NA	-0.631835111329996	NA	NA	NA	-2.40152045085577	NA	NA	-1.7955687697206	NA	NA	-2.10820132927794	-2.78470161683252	-1.0135089678146	NA	-2.48909477722073	NA	-1.69083778542248	-2.08555181522653	NA	NA	NA	NA	-0.498042214812989	NA	-1.00239975390631	-1.38344656900942	NA	NA	NA	-1.6912523763913	-2.2590120139294	-3.84574344651288	-2.08047837634621	NA
hsa-miR-490-5p|MIMAT0004764	NA	NA	NA	NA	NA	NA	-1.24116129561978	-1.65677639958902	NA	NA	0.0140652964137654	NA	NA	-0.996887139392162	NA	-2.40152045085577	NA	NA	NA	NA	-1.60370457950021	NA	NA	NA	-2.38327344184067	NA	-0.864465130238811	NA	NA	NA	NA	NA	NA	NA	NA	NA	NA	NA	NA	NA	NA	NA	NA	NA	-1.77372823957451
hsa-miR-490-3p|MIMAT0002806	-3.08253005332081	-2.43912855827956	-2.86477510985516	-1.08786829552582	-1.20717462602775	NA	NA	1.665150330604	NA	-2.39184177250756	3.10152822170517	NA	NA	3.94171294185031	NA	1.92040459498065	NA	NA	1.20443310840911	NA	1.71822439232252	3.79868729659004	-2.78470161683252	NA	3.04298973748035	-2.48909477722073	2.779391269669	0.631091240995828	NA	2.54752386222768	NA	NA	-1.44606548214831	NA	-0.351560327831976	1.11307835280369	NA	NA	-2.74073112912161	-1.77174649499089	NA	NA	-1.84574863211822	NA	3.3347967891572
hsa-miR-491-5p|MIMAT0002807	NA	-1.43912855827956	0.305146388612056	-1.08786522894041	-2.20717462602775	0.0136666345715372	-0.826122943749047	0.343223600410985	-0.417682940558534	-2.39184177250756	-0.985933274888856	0.368164888670004	-0.393817432962541	-1.58185107969957	-0.384099746548338	-0.816560491009948	0.315599848373369	1.20754368968351	0.204432482366147	-1.29798438816427	1.39629651666892	0.21372552156308	-1.78470161683252	-0.428544525404814	-0.061346852317412	-0.904132276499571	-0.864465130238811	-0.105873732150083	0.236377504327805	-1.77440423265968	1.42309728213341	0.309831597344626	0.553933535145292	NA	-1.35156032783198	0.412639551742398	-0.383444687080682	0.388447463011398	NA	-0.186782352161127	-0.106288322672684	1.32594991132034	-1.26078440285988	0.241449718541156	-1.18876573885335
hsa-miR-491-3p|MIMAT0004765	NA	-1.43912855827956	-1.864780364321	NA	NA	-0.986330507245425	NA	1.34322189454285	0.167278275412797	-2.39184934417964	0.599028273367538	0.368164888670004	-1.97878182919197	-2.58184676094512	-1.96906224726949	-1.40152426217045	-1.38483986976772	-1.5998118570687	NA	-2.88294334151746	0.71822439232252	-0.52324090196795	-2.78470161683252	-0.428544525404814	-1.38327344184067	-0.904132276499571	-0.864465130238811	NA	-2.08555181522653	-0.189441731938525	-1.74682879530261	-1.27512973950308	0.553933535145292	-1.08300369677848	-2.35156032783198	-1.00239686371562	NA	-0.196515037709759	-2.74073112912161	-1.77174156867068	-1.10628987567015	-0.259012013929404	-2.84574344651288	-2.08047837634621	-0.773728239574511
hsa-miR-511-5p|MIMAT0002808	3.0873952875951	1.73079383518107	2.96811066386496	3.37156499579524	1.37778731953216	-0.66440469890404	0.874317758151296	3.86678417199547	4.07416861407121	0.856082951377254	4.33599360560582	0.368164888670004	2.02121959243947	3.97273988541271	3.38848906852567	3.74822355518133	-0.577484947710119	2.722116893748	4.01178767272791	-0.0755914600604377	0.718223515387154	4.56422206124783	1.12219229261573	2.79384720247171	3.99176426649902	2.03446612235865	3.99351622718716	2.9530197084954	1.0843745469568	4.4735232807839	1.95361166775729	-0.275131485313604	2.55393353514529	2.376427366174	3.0059902400696	1.8049551681513	1.93848416057749	0.540449895167064	0.959708589019483	-0.449818400103525	0.768180089335727	1.32595048679175	0.79810859477906	3.8502595613977	4.02068816008363
hsa-miR-146b-5p|MIMAT0002809	9.77194926764658	8.51942032774155	9.72018305661724	8.08456076501465	9.110237230699	6.77853549853003	8.59751844406775	9.35375031492222	10.8476374481841	9.54846821991094	9.02249400170948	10.0111188814696	7.70947001702629	10.1900531474096	9.3134461497029	10.2869451788936	6.5250526500526	8.44663095517326	9.55426702380679	8.01565380353812	8.78000079929714	9.97892803657062	8.57560138915961	8.91649042043759	10.6522112667001	8.14933927699743	9.65860711975235	9.34465012818216	8.14926734363643	9.15928646771046	7.48199083937779	8.46549241530705	6.97599809217059	9.45324323900917	9.91229440268504	8.72211472439723	7.84537510747892	7.72532495856119	7.16615921536441	7.66808724760601	6.60795704708899	9.22782262264931	10.0849896857168	9.56563107048854	9.14065753925144
hsa-miR-146b-3p|MIMAT0004766	6.23488303932528	4.86464837696071	6.51243112214472	5.81902383337622	6.25634901122224	3.61357691322886	5.70525875180602	6.9616077136677	7.95952595539621	5.68763944242147	6.63611721014971	7.06165163017839	4.99849962876722	7.55898082941317	6.51877692120772	9.69387332674581	3.81483196248397	5.72211708506066	6.73970829434839	4.80355294948747	5.89614239769594	7.85179866677378	5.04819297566143	5.71441277815501	8.28738107564715	5.4938970046626	7.46196478238658	7.09379852819374	5.10427446321983	7.01675870045888	5.13581519783341	5.51928420802814	4.04578647860947	6.15061564490884	6.67634437101415	6.02366317098271	5.60524108142894	5.22974887115703	4.57215158356893	4.71207214449498	3.84790783742419	6.44834672165445	5.62185797266568	6.96937099052065	7.67645264935154
hsa-miR-202-5p|MIMAT0002810	-0.0825300533208068	-2.43912855827956	0.305145220951799	-2.08786829552582	-1.20717462602775	NA	-1.82612038597639	NA	2.16727795422516	NA	-0.985933274888856	NA	-1.97878182919197	NA	1.49036885788166	-0.0795938804930711	NA	-1.01484935634755	NA	NA	NA	-2.10820132927794	NA	0.986491760318942	-0.383275323546045	-2.48909477722073	NA	0.309164543403753	NA	NA	NA	-1.27512973950308	-0.446065482148315	NA	-2.35156032783198	-2.58735936443677	NA	NA	NA	-1.77174156867068	NA	NA	-1.26078094579172	-2.08047837634621	0.0336266824830932
hsa-miR-202-3p|MIMAT0002811	-3.08253005332081	NA	NA	NA	NA	NA	NA	NA	NA	NA	NA	NA	NA	NA	NA	-2.40152045085577	NA	NA	NA	NA	NA	NA	NA	NA	NA	NA	NA	NA	NA	NA	NA	NA	NA	NA	NA	NA	NA	NA	NA	NA	NA	NA	-2.84574344651288	NA	NA
hsa-miR-492|MIMAT0002812	-3.08253005332081	NA	NA	NA	NA	NA	NA	NA	NA	NA	NA	NA	NA	NA	NA	NA	NA	NA	NA	NA	NA	NA	NA	NA	NA	NA	NA	NA	NA	NA	NA	NA	NA	NA	NA	NA	NA	NA	NA	NA	NA	NA	NA	NA	NA
hsa-miR-493-5p|MIMAT0002813	3.37690198194316	2.69015065846196	4.08941679356166	2.91213342942927	1.49326457965681	4.74837358447102	2.66573043677781	3.3876163412903	0.582316095879204	4.05109815508687	2.01406529641377	3.53808964172273	0.0212210140695062	3.41815094471819	2.27886437432962	2.50536709570181	1.47314060570504	2.44458305735558	1.78939540044931	5.94994242513987	3.44069046994119	3.02107973273658	3.72309761175763	2.7413796130651	3.74600785468805	5.99874342910153	2.59496696597363	4.00960336584289	4.32384084985248	2.31305860859066	3.2531722638787	3.42530809853428	2.80186078998182	2.3093132893908	2.73590121403512	3.85558183919223	3.72508083339525	2.12541239588822	3.75112175291687	1.62057374283005	2.55667660831308	2.49587523246902	4.43037681027857	4.66098940842653	2.7181252952529
hsa-miR-493-3p|MIMAT0003161	3.30978795141263	1.80879524908339	3.45714878146107	1.61257283796319	1.11475346885961	4.12218839885326	2.30316029243375	3.34322217885435	0.167278275412797	3.40257034211811	2.1839904566003	2.82759630407946	0.60618256703746	2.97273988541271	0.352864717948106	0.598475737829549	2.04142418400459	0.722117112391042	0.78939540044931	6.23599348201964	2.91985852038544	2.69915181557028	2.53723070319917	0.986491760318942	3.20168733398399	5.42379271053818	2.13553519809412	3.26335987718654	3.64237037235566	0.547523862227681	2.25317241519025	3.01027050972663	2.01336506444561	0.501957785187011	1.45579354234404	3.14055879978711	3.17114516562188	2.64478613975343	3.21346487019738	0.550184555690618	2.00918877528597	1.20041960470789	4.14860576052028	4.10934701840229	2.03362738721153
hsa-miR-432-5p|MIMAT0002814	4.05702181912261	2.02029950401791	4.25416165345174	2.86632979545983	0.792825373972252	4.62837385381978	2.12807361416441	3.665150330604	1.75224034788376	3.88427887136036	2.82142042257108	3.89172665033517	-0.97878182919197	3.54743403492774	1.3528652827831	2.76840137449167	2.3155995585659	1.85962015910156	3.01178776216262	6.23858593426488	3.20365128213098	3.47675935720861	3.75446168399203	1.98649212438558	3.97427691054844	6.7252225027473	2.89042256649233	3.76859531519558	4.46903879528101	2.22559576734032	3.92559749607514	4.27945725492925	2.87586163003265	1.50195829456493	2.6484385216725	3.69804052004114	3.99159576458803	3.24088930809757	4.8138575173836	1.03561124210889	2.43803170546639	2.91091279568913	5.02769646444736	5.07939372849597	3.65253697402056
hsa-miR-432-3p|MIMAT0002815	NA	NA	-2.86477510985516	NA	NA	-1.40136800652427	-2.82612038597639	NA	NA	NA	-0.985933274888856	-0.631835111329996	NA	NA	NA	NA	NA	NA	NA	NA	NA	NA	NA	NA	NA	-0.489094777220727	NA	-1.69083778542248	-1.08554875356105	NA	NA	NA	NA	NA	NA	-2.58735936443677	NA	-2.78147423198854	-2.74073112912161	NA	-2.6912523763913	NA	NA	NA	NA
hsa-miR-494-3p|MIMAT0002816	0.37690156531649	-0.854166057558406	1.83566056639083	-0.0878667622323014	-0.622212125306591	2.01366413365673	-0.826120385976391	1.15057722275972	-1.41768294055853	1.41550936371897	NA	0.368164888670004	NA	0.418149999990253	-0.384099746548338	-0.816560491009948	-0.214914868325411	-2.5998118570687	-1.7955687697206	1.76090901709948	-0.0187420787790525	1.06172159875321	0.800265026187113	-2.0135089678146	0.938653147682588	2.59836639645182	0.720497370482346	0.63109217252617	2.30676735707616	0.810558268061475	1.25317180994395	1.63175852835761	0.138895708297502	-1.08300675304763	-0.0296337055790493	0.582562746814851	1.5234470376839	-0.459548120965694	0.581196965765753	-0.771744031828681	-0.369322417907186	-0.674049513208248	1.73921473287178	2.16744977939636	0.0336266824830932
hsa-miR-495-3p|MIMAT0002817	3.046753312797	2.20472418895835	3.87668755511754	2.91213342942927	1.37778731953216	6.299066141819	2.78858716136358	4.09810967048776	0.582317059441466	3.56235099629571	3.10152838978727	3.69009276000674	1.34314797165295	3.81046839963054	2.61589954740816	2.76840137449167	2.22986935924585	2.75774078748044	3.06241395242289	7.46799158644582	3.3504925795338	3.79868740026066	3.76989167679877	2.79384699443367	3.90212713656062	6.43571585979579	2.65909705422372	4.09052345242523	5.1528546272775	3.26998988669877	3.57510014692986	4.38307987644134	3.25437287532221	2.82388649132786	3.14029129586326	3.80495578747836	4.58234066651584	3.6614651593099	3.98718914349623	1.98314392647547	3.30874907954387	2.49587523246902	4.3341614234936	4.95294541703308	3.27066647773537
hsa-miR-496|MIMAT0002818	0.917469946679193	-0.117202028180642	1.7201830121458	0.719488378867101	-0.622212125306591	1.26159279413697	0.343803478678634	1.80265397841711	0.904243612628901	1.65254844629751	0.599028273367538	0.95312738939116	-0.393817432962541	1.74007831081548	-0.969062247269494	0.183440779428279	0.702622971482616	-0.599811857068703	1.37435845765295	2.70201494670326	1.98125828661075	1.69915181557028	0.674734520675253	-0.428546467093445	0.424080404957019	4.45341795014352	0.457462964648552	1.30916337899111	2.43801173822198	1.03295068939792	2.34063518523515	0.532223187342324	NA	-1.08300675304763	-0.0296322329446139	2.27061953779467	0.938484536962746	-0.196513384487625	0.581196965765753	-0.771744031828681	0.116102545666302	0.5483429081282	1.10844884921342	2.7268774174028	1.31373460167583
hsa-miR-193b-5p|MIMAT0004767	0.824360542287712	0.560868507740718	1.6587831909233	0.497095227391195	2.31638675073057	0.183589412978683	2.66573043677781	2.43068510372571	1.75224077613395	2.13171656231994	4.9913453786579	3.61609216679714	1.34314797165295	3.72193180052248	2.78582462729977	4.65375877511794	-0.214914868325411	1.92375047923724	4.29189569187709	-0.0755914600604377	2.7886136784551	4.28411416819055	1.12219295538276	0.986492488452117	3.70418773908152	1.97033536875057	4.75024514271939	1.11651846739343	2.30676764866327	4.22559576734032	2.71260370369323	5.05578523014775	3.76338671485674	3.50195854925383	1.81836385548028	1.99760096864191	4.24591294049512	1.54044989516706	2.65158606405944	0.687687810732244	0.630676650294738	5.3848438305625	0.613684400776924	1.50448463286167	4.74983430630959
hsa-miR-193b-3p|MIMAT0002819	4.23939842347434	5.27511319644006	5.63506648076017	5.32152422802161	5.91694594558639	4.61357679536531	6.12516197273957	5.32050211589291	5.81113413115238	6.84177430708399	7.67584348237699	7.14295172369977	4.90386285866022	6.73556368667493	5.76564649786013	6.9068153330541	3.84397831839518	6.84727223368958	6.76285365727925	3.09433235892436	7.39347597400995	7.41731753019179	4.99008993687823	5.24388016933743	6.84313702945481	5.2590961887259	7.44387431420081	4.66671563921205	6.34907814676485	6.43016694504994	4.95361190054433	8.06916426682209	7.00926055106924	7.01239304106055	5.77772142685499	5.44054437313399	7.83935131974616	5.68612711498844	5.84798328103744	4.65452112385291	4.93810560844374	8.71683556319116	3.92903944566264	5.64744285533813	7.65881431046935
hsa-miR-497-5p|MIMAT0002820	3.89475025814892	3.56086777424486	4.68980938173516	3.23406133265506	3.34741351693336	2.65752042346813	5.13387928621247	3.73553972348088	5.80148397612179	4.05936583472721	4.99134533330241	4.12305222524042	6.61367674019698	5.26990014913919	4.67479309525299	4.89309704506727	6.13282896326415	4.02954555807673	5.35418004274618	3.40245464778967	3.48375916447771	5.52115337446721	3.9567700151362	5.3528145526584	5.57672679744839	3.53327129126476	4.57847878829137	5.28644354276673	3.43801187133786	4.51099798620257	3.64548954975652	3.27945718063939	3.01336506444561	3.84773329006532	4.69283250854959	4.04199497852338	3.28898157740401	4.74990304632372	3.63430806986136	2.84296596309224	5.58021203865652	5.71826755332633	3.46713533419757	2.37895379700386	4.93363150619336
hsa-miR-497-3p|MIMAT0004768	-2.08253005332081	0.145831334459915	-1.279812609134	-2.08786829552582	-2.20717462602775	-2.98633050724543	-0.826120385976391	-0.656778674080305	0.167278275412797	-1.39184555833863	0.0140667251111436	NA	0.60618256703746	-0.259920393557986	0.0309377527305064	-0.816560491009948	-0.577484947710119	-2.5998118570687	-0.795568769720598	-1.88294334151746	NA	-0.108202884336035	0.0226575658747713	1.30842029208625	0.786649050660598	-2.48909477722073	0.135534869761189	0.309163378991108	NA	NA	-1.74682879530261	NA	-1.44606548214831	-1.08300369677848	0.648438751771678	-1.58736369972498	-2.38344656900942	-1.19651173126739	-2.74073112912161	-2.77174649499089	-0.691252376391303	1.548342414867	-2.26078094579172	NA	-0.773728239574511
hsa-miR-181d-5p|MIMAT0002821	4.34373519874955	4.44351071171746	4.5275379342034	2.7194883788671	4.33198339710941	4.90240719411941	4.68957710418866	3.34322232101008	5.05804884477305	6.28234683492036	1.59902779713492	5.29890200634703	5.70772018863389	2.41815080975709	4.5700956528146	2.24233238496257	5.97051065146664	3.20754384585713	2.90487248945018	3.98741728494828	5.50482092578758	3.38364983186807	4.91574259410868	4.11577538057428	2.66111908091944	4.89460762371498	2.4574632273149	4.7354284315663	5.73462888123008	1.54752386222768	3.53857441678462	4.29472403113252	2.55393304379184	4.84773334016805	4.42979811387212	4.30745614015121	5.96528454088778	5.15515961782092	4.86659893736892	3.85761301121775	6.71389048856583	4.1503785159932	4.59719587701117	5.68770673215329	3.08425343598052
hsa-miR-512-5p|MIMAT0002822	NA	-2.43912855827956	-2.86477510985516	NA	NA	-1.40137181743624	NA	NA	NA	NA	NA	-0.631835111329996	NA	NA	NA	NA	NA	NA	NA	NA	NA	NA	-2.78470161683252	NA	NA	NA	NA	NA	NA	NA	NA	NA	NA	-1.08300369677848	NA	NA	NA	NA	NA	NA	NA	0.5483429081282	-2.84574344651288	NA	NA
hsa-miR-512-3p|MIMAT0002823	NA	-0.117202028180641	-0.864777737085683	NA	NA	-0.664406985453641	NA	NA	NA	-0.806881795672679	NA	1.69009298355737	-0.393819328470814	NA	NA	NA	NA	NA	NA	NA	NA	NA	-1.78470161683252	NA	-2.38327344184067	-0.489096802136869	NA	NA	NA	NA	NA	NA	NA	-0.0830052249122459	-0.351560327831976	NA	NA	NA	NA	NA	NA	0.5483429081282	-3.84574344651288	-2.08047837634621	NA
hsa-miR-498|MIMAT0002824	NA	NA	NA	NA	NA	-2.98633050724543	NA	NA	NA	-2.39184177250756	NA	-0.631835111329996	NA	NA	NA	NA	NA	NA	NA	NA	NA	NA	NA	NA	NA	NA	NA	NA	NA	NA	NA	NA	NA	-2.08300675304763	NA	NA	NA	NA	NA	NA	NA	NA	-3.84574344651288	NA	NA
hsa-miR-520e|MIMAT0002825	NA	NA	NA	NA	NA	NA	NA	NA	-1.41768294055853	NA	NA	NA	NA	NA	NA	NA	NA	NA	NA	NA	NA	NA	NA	NA	NA	NA	NA	NA	NA	NA	NA	NA	NA	NA	NA	NA	NA	NA	NA	NA	NA	NA	NA	NA	NA
hsa-miR-515-5p|MIMAT0002826	NA	-0.854166057558406	0.135222262914317	NA	NA	-2.98633050724543	NA	NA	NA	-0.584492258783098	NA	-0.631835111329996	NA	NA	NA	NA	NA	NA	NA	NA	NA	NA	-0.784701616832523	-0.428546467093445	NA	NA	NA	NA	NA	NA	NA	NA	NA	0.23892256434817	-0.76659782711082	NA	NA	NA	NA	NA	NA	0.910912987512908	-1.84574344651288	NA	NA
hsa-miR-515-3p|MIMAT0002827	NA	-2.43912855827956	-2.86477510985516	NA	NA	NA	NA	NA	NA	-3.39184934417964	NA	NA	NA	NA	NA	NA	NA	NA	NA	NA	NA	NA	NA	-2.0135089678146	NA	NA	NA	NA	NA	NA	NA	NA	NA	-2.08300675304763	NA	NA	NA	NA	NA	NA	NA	-1.2590120139294	-3.84574344651288	NA	NA
hsa-miR-519e-5p|MIMAT0002828	NA	NA	NA	NA	NA	NA	NA	NA	NA	NA	NA	NA	NA	NA	NA	NA	NA	NA	NA	NA	NA	NA	NA	NA	NA	NA	NA	NA	NA	NA	NA	NA	NA	NA	NA	NA	NA	NA	NA	NA	NA	NA	NA	NA	NA
hsa-miR-519e-3p|MIMAT0002829	NA	NA	NA	NA	NA	NA	NA	NA	NA	NA	NA	NA	NA	NA	NA	NA	NA	NA	NA	NA	NA	NA	-2.78470161683252	NA	NA	NA	NA	NA	NA	NA	NA	NA	NA	NA	NA	NA	NA	NA	NA	NA	NA	NA	NA	NA	NA
hsa-miR-520f-3p|MIMAT0002830	NA	NA	NA	NA	NA	-2.98633050724543	NA	NA	NA	-3.39184934417964	NA	NA	NA	NA	NA	NA	NA	NA	NA	NA	NA	NA	NA	NA	NA	-2.48909477722073	NA	NA	NA	NA	NA	NA	NA	-2.08300675304763	NA	NA	NA	NA	NA	NA	NA	NA	NA	-2.08047837634621	NA
hsa-miR-519c-5p|MIMAT0002831	NA	NA	NA	NA	NA	NA	NA	NA	NA	NA	NA	NA	NA	NA	NA	NA	NA	NA	NA	NA	NA	NA	NA	NA	NA	NA	NA	NA	NA	NA	NA	NA	NA	NA	NA	NA	NA	NA	NA	NA	NA	NA	NA	NA	NA
hsa-miR-519c-3p|MIMAT0002832	NA	-2.43912855827956	NA	NA	NA	-2.98633050724543	NA	NA	NA	-3.39184934417964	NA	-0.631835111329996	NA	NA	NA	NA	NA	NA	NA	NA	NA	NA	-2.78470161683252	-1.0135089678146	NA	-2.48909477722073	NA	NA	NA	NA	NA	NA	NA	NA	NA	NA	NA	NA	NA	NA	NA	-1.2590120139294	-2.84574344651288	NA	NA
hsa-miR-520a-5p|MIMAT0002833	NA	-0.854168665540085	-1.864780364321	NA	NA	-1.98633622361716	NA	NA	NA	-1.39184555833863	NA	NA	NA	NA	NA	NA	NA	NA	NA	NA	NA	NA	-2.78470161683252	-2.0135089678146	NA	NA	NA	NA	NA	NA	NA	NA	NA	-0.0830052249122459	-0.0296322329446139	NA	NA	NA	NA	NA	NA	0.325950486791752	-2.26078094579172	NA	NA
hsa-miR-520a-3p|MIMAT0002834	NA	-0.439132470253848	-0.864780364320996	NA	NA	-0.178980484933638	NA	NA	-1.41768294055853	-1.06991822061867	0.0140652964137654	0.95312738939116	NA	NA	NA	NA	NA	NA	NA	NA	NA	NA	-1.19973580227163	-1.0135089678146	NA	NA	NA	NA	NA	NA	NA	NA	NA	-0.498042214812989	0.455793542344042	NA	NA	NA	NA	NA	NA	1.44142717300731	-0.386315599223076	NA	NA
hsa-miR-526b-5p|MIMAT0002835	-3.08253005332081	2.84627004952988	2.26450370351867	NA	NA	2.89630711640819	NA	NA	-0.417682940558534	1.77807986375207	NA	3.06860443484908	NA	NA	NA	NA	NA	-2.5998118570687	NA	NA	NA	NA	2.25969702139641	2.51005400129768	NA	NA	NA	NA	NA	NA	NA	NA	NA	2.56085212624429	2.10787028673655	NA	NA	NA	NA	NA	NA	3.74098766236795	1.43965451749507	NA	NA
hsa-miR-526b-3p|MIMAT0002836	NA	NA	NA	NA	NA	NA	NA	NA	NA	NA	NA	NA	NA	NA	NA	NA	NA	NA	NA	NA	NA	NA	-2.78470161683252	NA	NA	-2.48909477722073	NA	NA	NA	NA	NA	NA	NA	NA	NA	NA	NA	NA	NA	NA	NA	NA	-3.84574344651288	NA	NA
hsa-miR-519b-5p|MIMAT0005454	NA	NA	NA	NA	NA	NA	NA	NA	NA	NA	NA	NA	NA	NA	NA	NA	NA	NA	NA	NA	NA	NA	NA	NA	NA	NA	NA	NA	NA	NA	NA	NA	NA	NA	NA	NA	NA	NA	NA	NA	NA	NA	NA	NA	NA
hsa-miR-519b-3p|MIMAT0002837	NA	NA	NA	NA	NA	NA	NA	NA	NA	NA	NA	-0.631835111329996	NA	NA	NA	NA	NA	NA	NA	NA	NA	NA	-2.78470161683252	NA	NA	NA	NA	NA	NA	NA	NA	NA	NA	-2.08300675304763	NA	NA	NA	NA	NA	NA	NA	-2.2590120139294	-3.84574344651288	NA	NA
hsa-miR-525-5p|MIMAT0002838	NA	-0.11720359297078	-1.279812609134	NA	NA	-0.986333365428463	NA	NA	NA	-1.39184555833863	NA	0.368164888670004	NA	NA	NA	NA	NA	NA	NA	NA	NA	NA	-0.199737459190548	NA	NA	-2.48909477722073	NA	NA	NA	NA	NA	NA	NA	0.238923786855569	-0.76659782711082	NA	NA	NA	NA	NA	NA	1.7409879860706	-0.845746039313223	NA	NA
hsa-miR-525-3p|MIMAT0002839	NA	NA	NA	NA	NA	-2.98633050724543	NA	NA	NA	-1.80688179567268	NA	NA	NA	NA	NA	NA	NA	NA	NA	NA	NA	NA	-2.78470161683252	NA	NA	NA	NA	NA	NA	NA	NA	NA	NA	NA	NA	NA	NA	NA	NA	NA	NA	-2.2590120139294	-3.84574344651288	-2.08047837634621	NA
hsa-miR-523-5p|MIMAT0005449	NA	NA	NA	NA	NA	NA	NA	NA	NA	NA	NA	NA	NA	NA	NA	NA	NA	NA	NA	NA	NA	NA	NA	NA	NA	NA	NA	NA	NA	NA	NA	NA	NA	NA	NA	NA	NA	NA	NA	NA	NA	NA	NA	NA	NA
hsa-miR-523-3p|MIMAT0002840	NA	NA	NA	NA	NA	-2.98633050724543	NA	NA	NA	NA	NA	-0.631835111329996	NA	NA	NA	NA	NA	NA	NA	NA	NA	NA	-2.78470161683252	-2.0135089678146	NA	NA	NA	NA	NA	NA	NA	NA	NA	-2.08300675304763	-2.35156032783198	NA	NA	NA	NA	NA	NA	-2.2590120139294	-3.84574344651288	NA	NA
hsa-miR-518f-5p|MIMAT0002841	NA	NA	NA	NA	NA	-2.98633050724543	NA	NA	-1.41768294055853	-2.39184177250756	NA	0.368164888670004	NA	NA	NA	NA	NA	NA	NA	NA	NA	NA	-0.462769545338392	NA	NA	NA	NA	NA	NA	NA	NA	NA	NA	-0.498042214812989	NA	NA	NA	NA	NA	NA	NA	-2.2590120139294	-2.26078785993632	NA	NA
hsa-miR-518f-3p|MIMAT0002842	NA	NA	NA	NA	NA	NA	NA	NA	NA	-3.39184934417964	NA	NA	NA	NA	NA	NA	NA	NA	NA	NA	NA	NA	-2.78470161683252	-2.0135089678146	NA	NA	NA	NA	NA	NA	NA	NA	NA	NA	NA	NA	NA	NA	NA	NA	NA	-0.259012013929404	NA	NA	NA
hsa-miR-520b|MIMAT0002843	NA	-2.43912855827956	NA	NA	NA	NA	NA	NA	NA	NA	NA	NA	NA	NA	NA	NA	NA	NA	NA	NA	NA	NA	NA	NA	NA	NA	NA	NA	NA	NA	NA	NA	NA	NA	NA	NA	NA	NA	NA	NA	NA	-1.2590120139294	NA	NA	NA
hsa-miR-518b|MIMAT0002844	-3.08253005332081	0.88279640702922	-0.2798161121091	NA	NA	-0.664406985453641	NA	NA	NA	-0.806884319563372	NA	1.36816488867	NA	NA	NA	NA	NA	NA	NA	NA	NA	NA	-1.78469664607577	0.308420292086253	NA	-2.48909477722073	NA	NA	NA	NA	NA	NA	NA	-0.0830036967784822	-0.76659782711082	NA	NA	NA	NA	NA	NA	1.44142717300731	-0.67582305449662	NA	NA
hsa-miR-526a|MIMAT0002845	NA	NA	NA	NA	NA	NA	NA	NA	NA	NA	NA	NA	NA	NA	NA	NA	NA	NA	NA	NA	NA	NA	NA	NA	NA	NA	NA	NA	NA	NA	NA	NA	NA	NA	NA	NA	NA	NA	NA	NA	NA	NA	NA	NA	NA
hsa-miR-520c-5p|MIMAT0005455	NA	NA	NA	NA	NA	NA	NA	NA	NA	NA	NA	NA	NA	NA	NA	NA	NA	NA	NA	NA	NA	NA	NA	NA	NA	NA	NA	NA	NA	NA	NA	NA	NA	NA	NA	NA	NA	NA	NA	NA	NA	NA	NA	NA	NA
hsa-miR-520c-3p|MIMAT0002846	NA	-2.43912855827956	NA	NA	NA	NA	NA	NA	NA	NA	NA	NA	NA	NA	NA	NA	NA	NA	NA	NA	NA	NA	NA	NA	NA	NA	NA	NA	NA	NA	NA	NA	NA	NA	NA	NA	NA	NA	NA	NA	NA	-1.2590120139294	NA	NA	NA
hsa-miR-518c-5p|MIMAT0002847	NA	0.730792965852797	-0.2798161121091	NA	NA	0.473095914691229	NA	NA	-1.41768294055853	-0.221922660140095	NA	1.69009298355737	NA	NA	NA	NA	NA	NA	NA	NA	NA	NA	-0.784696646075775	-0.0135089678146013	NA	NA	NA	NA	NA	NA	NA	NA	NA	1.08692028590817	-0.351560327831976	NA	NA	NA	NA	NA	NA	1.82845082732094	-1.26078440285988	NA	NA
hsa-miR-518c-3p|MIMAT0002848	NA	-0.43913051426538	-1.2798161121091	NA	NA	-0.401371817436244	NA	NA	NA	-2.39184934417964	NA	NA	NA	NA	NA	NA	NA	NA	NA	NA	NA	NA	-0.784699131452008	NA	NA	NA	NA	NA	NA	NA	NA	NA	NA	-2.08300675304763	-1.35156032783198	NA	NA	NA	NA	NA	NA	0.325950486791752	-1.84574344651288	NA	NA
hsa-miR-524-5p|MIMAT0002849	NA	NA	NA	NA	NA	NA	NA	NA	NA	NA	NA	NA	NA	NA	NA	NA	NA	NA	NA	NA	NA	NA	NA	NA	NA	NA	NA	NA	NA	NA	NA	NA	NA	NA	-0.76659782711082	NA	NA	NA	NA	NA	NA	NA	-3.84574344651288	NA	NA
hsa-miR-524-3p|MIMAT0002850	NA	NA	NA	NA	NA	NA	NA	NA	NA	NA	NA	NA	NA	NA	NA	NA	NA	NA	NA	NA	NA	NA	NA	NA	NA	NA	NA	NA	NA	NA	NA	NA	NA	NA	NA	NA	NA	NA	NA	NA	NA	-2.2590120139294	-3.84574344651288	NA	NA
hsa-miR-517-5p|MIMAT0002851	NA	0.145833942441594	NA	NA	NA	-1.40136800652427	NA	NA	0.167279560162622	-1.80688684345848	NA	0.95312738939116	NA	NA	NA	NA	NA	NA	NA	NA	NA	NA	0.385226698449525	-0.428546467093445	NA	-0.904132276499571	NA	NA	NA	NA	NA	NA	NA	-0.498044252326472	-0.76659782711082	NA	NA	NA	NA	NA	NA	0.910912987512908	-0.675818445070569	NA	NA
hsa-miR-517a-3p|MIMAT0002852	NA	1.80879566087059	0.720183012145796	NA	NA	1.40598147137029	NA	NA	-1.41768294055853	0.856081357341247	NA	2.36816460923171	NA	NA	NA	NA	NA	NA	NA	NA	NA	-2.10820132927794	0.674734520675253	1.98649248845212	NA	NA	NA	NA	NA	NA	NA	NA	NA	2.16492301238438	0.233400945693921	-2.58735936443677	NA	NA	NA	NA	NA	2.44142743860952	0.613684400776924	-1.08047837634621	NA
hsa-miR-519d-3p|MIMAT0002853	NA	-0.854168665540085	-0.2798161121091	NA	NA	0.0136652054778952	NA	NA	NA	-2.39184177250756	NA	0.368164888670004	NA	NA	NA	NA	NA	NA	NA	NA	NA	NA	-0.462771533640406	-1.0135089678146	NA	NA	NA	NA	NA	NA	NA	NA	NA	-1.08300675304763	-0.766600281502381	NA	NA	NA	NA	-2.77174649499089	NA	0.740987986070595	-1.84574344651288	NA	NA
hsa-miR-521|MIMAT0002854	NA	-2.43912855827956	-2.86477510985516	NA	NA	NA	NA	NA	NA	-2.39184177250756	NA	NA	NA	NA	NA	NA	NA	NA	NA	NA	NA	NA	-2.78470161683252	NA	NA	NA	NA	NA	NA	NA	NA	NA	NA	-2.08300675304763	-2.35156032783198	NA	NA	NA	NA	NA	NA	-2.2590120139294	-3.84574344651288	NA	NA
hsa-miR-520d-5p|MIMAT0002855	NA	NA	NA	NA	NA	NA	NA	NA	NA	NA	NA	NA	NA	NA	NA	NA	NA	NA	NA	NA	NA	NA	NA	-2.0135089678146	NA	NA	NA	NA	NA	NA	NA	NA	NA	NA	NA	NA	NA	NA	NA	NA	NA	-2.2590120139294	-2.26078094579172	NA	NA
hsa-miR-520d-3p|MIMAT0002856	NA	NA	-1.86477510985516	NA	NA	NA	NA	NA	NA	NA	NA	-0.631835111329996	NA	NA	NA	NA	NA	NA	NA	NA	NA	NA	-1.78470161683252	NA	NA	NA	NA	NA	NA	NA	NA	NA	NA	-1.08300675304763	-1.35156032783198	NA	NA	NA	NA	NA	NA	-0.259012013929404	-3.84574344651288	NA	NA
hsa-miR-517b-3p|MIMAT0002857	NA	1.80879566087059	0.720183012145796	NA	NA	1.40598147137029	NA	NA	-1.41768294055853	0.856081357341247	NA	2.36816460923171	NA	NA	NA	NA	NA	NA	NA	NA	NA	-2.10820132927794	0.674734520675253	1.98649248845212	NA	NA	NA	NA	NA	NA	NA	NA	NA	2.16492301238438	0.233400945693921	-2.58735936443677	NA	NA	NA	NA	NA	2.44142743860952	0.613684400776924	-1.08047837634621	NA
hsa-miR-520g-3p|MIMAT0002858	NA	-1.43912855827956	-1.86477510985516	NA	NA	-1.98633050724543	NA	NA	NA	-2.39184934417964	NA	-0.631835111329996	NA	NA	NA	NA	NA	NA	NA	NA	NA	NA	-1.19973911611137	-2.0135089678146	NA	NA	NA	NA	NA	NA	NA	NA	NA	-0.498044252326472	-1.35156032783198	NA	NA	NA	NA	NA	NA	-1.2590120139294	-3.84574344651288	NA	NA
hsa-miR-516b-5p|MIMAT0002859	NA	0.882797189424501	-0.279814360620486	NA	NA	0.714105693131124	NA	NA	NA	-0.39184555833863	NA	1.95312738939116	NA	NA	NA	NA	NA	NA	NA	NA	NA	NA	0.0226547254430428	-0.428546467093445	NA	NA	NA	NA	NA	NA	NA	NA	NA	0.501957785187011	0.81836303734976	NA	NA	NA	NA	NA	NA	1.20041960470789	-1.03839148765605	-2.08047837634621	NA
hsa-miR-516b-3p|MIMAT0002860	NA	NA	NA	NA	NA	NA	NA	NA	NA	NA	NA	NA	NA	NA	NA	NA	NA	NA	NA	NA	NA	NA	NA	NA	NA	NA	NA	NA	NA	NA	NA	NA	NA	NA	NA	NA	NA	NA	NA	NA	NA	NA	NA	NA	NA
hsa-miR-518e-5p|MIMAT0005450	NA	NA	NA	NA	NA	NA	NA	NA	NA	NA	NA	NA	NA	NA	NA	NA	NA	NA	NA	NA	NA	NA	NA	NA	NA	NA	NA	NA	NA	NA	NA	NA	NA	NA	NA	NA	NA	NA	NA	NA	NA	NA	NA	NA	NA
hsa-miR-518e-3p|MIMAT0002861	NA	-1.43913247025385	-2.86477510985516	NA	NA	-1.98633050724543	NA	NA	NA	-0.806881795672679	NA	NA	NA	NA	NA	NA	NA	NA	NA	NA	NA	NA	NA	-2.0135089678146	NA	NA	NA	NA	NA	NA	NA	NA	NA	-0.0830052249122459	-2.35156032783198	NA	NA	NA	NA	NA	NA	-2.2590120139294	-2.84574344651288	NA	NA
hsa-miR-518a-5p|MIMAT0005457	NA	NA	NA	NA	NA	NA	NA	NA	NA	NA	NA	NA	NA	NA	NA	NA	NA	NA	NA	NA	NA	NA	-1.19973911611137	NA	NA	NA	NA	NA	NA	NA	NA	NA	NA	NA	NA	NA	NA	NA	NA	NA	NA	-1.2590120139294	-2.26078094579172	NA	NA
hsa-miR-518a-3p|MIMAT0002863	NA	-1.43912855827956	-1.86477510985516	NA	NA	-2.98633050724543	NA	NA	NA	NA	NA	NA	NA	NA	NA	NA	NA	NA	NA	NA	NA	NA	NA	NA	NA	NA	NA	NA	NA	NA	NA	NA	NA	NA	-2.35156032783198	NA	NA	NA	NA	NA	NA	-0.674049513208248	-2.84574344651288	NA	NA
hsa-miR-518d-5p|MIMAT0005456	NA	NA	NA	NA	NA	NA	NA	NA	NA	NA	NA	NA	NA	NA	NA	NA	NA	NA	NA	NA	NA	NA	NA	NA	NA	NA	NA	NA	NA	NA	NA	NA	NA	NA	NA	NA	NA	NA	NA	NA	NA	NA	NA	NA	NA
hsa-miR-518d-3p|MIMAT0002864	NA	NA	NA	NA	NA	NA	NA	NA	NA	NA	NA	NA	NA	NA	NA	NA	NA	NA	NA	NA	NA	NA	NA	NA	NA	NA	NA	NA	NA	NA	NA	NA	NA	NA	NA	NA	NA	NA	NA	NA	NA	NA	NA	NA	NA
hsa-miR-517c-3p|MIMAT0002866	NA	NA	-1.86477510985516	NA	NA	NA	NA	NA	NA	-2.39184934417964	NA	0.368164888670004	NA	NA	NA	NA	NA	NA	NA	NA	NA	NA	NA	-2.0135089678146	NA	NA	NA	NA	NA	NA	NA	NA	NA	NA	NA	NA	NA	NA	NA	NA	NA	-1.2590120139294	-2.84574344651288	NA	NA
hsa-miR-520h|MIMAT0002867	NA	-2.43912855827956	-2.86477510985516	NA	NA	-2.98633050724543	NA	NA	NA	-3.39184934417964	NA	NA	NA	NA	NA	NA	NA	NA	NA	NA	NA	NA	-1.78470161683252	NA	NA	NA	NA	NA	NA	NA	NA	NA	NA	-2.08300675304763	-2.35156032783198	NA	NA	NA	NA	NA	NA	NA	NA	NA	NA
hsa-miR-522-5p|MIMAT0005451	NA	NA	NA	NA	NA	NA	NA	NA	NA	NA	NA	NA	NA	NA	NA	NA	NA	NA	NA	NA	NA	NA	NA	NA	NA	NA	NA	NA	NA	NA	NA	NA	NA	NA	NA	NA	NA	NA	NA	NA	NA	NA	NA	NA	NA
hsa-miR-522-3p|MIMAT0002868	-3.08253005332081	NA	NA	NA	NA	-1.40137181743624	NA	NA	NA	NA	NA	NA	-0.39381743296254	NA	NA	NA	NA	NA	NA	NA	NA	NA	NA	NA	NA	NA	NA	NA	NA	NA	NA	NA	NA	NA	-2.35156032783198	NA	NA	NA	NA	NA	NA	-2.2590120139294	NA	NA	NA
hsa-miR-519a-5p|MIMAT0005452	-3.08253005332081	0.145831334459915	-0.057424691624243	NA	NA	-1.98633622361716	NA	NA	-1.41768294055853	-1.39184555833863	NA	-0.631835111329996	2.66507595280987	NA	NA	NA	NA	NA	-1.7955687697206	NA	NA	NA	-1.19973580227163	-0.428546467093445	NA	-2.48909477722073	NA	NA	NA	NA	NA	NA	-1.44606548214831	-0.498042214812989	-0.0296337055790494	NA	NA	NA	NA	NA	NA	1.44142770421169	-1.5238195001083	-2.08047837634621	NA
hsa-miR-519a-3p|MIMAT0002869	NA	-1.43913247025385	-2.86477510985516	NA	NA	-2.98633050724543	NA	NA	NA	NA	NA	NA	NA	NA	NA	NA	NA	NA	NA	NA	NA	NA	-1.78469664607577	NA	NA	NA	NA	NA	NA	NA	NA	NA	NA	-0.498042214812989	-1.35156032783198	NA	NA	NA	NA	NA	NA	-0.259012013929404	-1.84574863211822	NA	NA
hsa-miR-527|MIMAT0002862	NA	NA	NA	NA	NA	NA	NA	NA	NA	NA	NA	NA	NA	NA	NA	NA	NA	NA	NA	NA	NA	NA	-1.19973580227163	NA	NA	NA	NA	NA	NA	NA	NA	NA	NA	NA	NA	NA	NA	NA	NA	NA	NA	-1.2590120139294	-2.26078094579172	NA	NA
hsa-miR-516a-5p|MIMAT0004770	0.502432447400349	2.02029950401791	0.457148781461065	NA	NA	0.920556277451118	NA	NA	NA	0.0675850277975595	NA	2.53808989011232	0.0212210140695062	-2.58184676094512	NA	NA	NA	NA	NA	NA	NA	NA	0.67473361690229	1.15641797531634	NA	NA	NA	NA	NA	NA	NA	NA	NA	1.37642653264637	1.23340155929168	NA	NA	NA	NA	NA	NA	2.64787835149058	0.854692282702678	NA	NA
hsa-miR-516a-3p|MIMAT0006778	NA	NA	NA	NA	NA	NA	NA	NA	NA	NA	NA	NA	NA	NA	NA	NA	NA	NA	NA	NA	NA	NA	NA	NA	NA	NA	NA	NA	NA	NA	NA	NA	NA	NA	NA	NA	NA	NA	NA	NA	NA	NA	NA	NA	NA
hsa-miR-499a-5p|MIMAT0002870	-3.08253005332081	-2.43912855827956	NA	-2.08786829552582	NA	-2.98633050724543	-1.82612038597639	NA	-0.4176848676837	-2.39184177250756	NA	-0.631835111329996	NA	-2.58184676094512	NA	-0.401524262170451	-0.214914868325411	NA	NA	-1.88294334151746	-0.0187420787790525	-2.10820132927794	-2.78470161683252	NA	-2.38327344184067	NA	NA	-1.69083778542248	NA	-1.77440423265968	-1.74682879530261	NA	-1.44606548214831	-2.08300675304763	NA	NA	NA	NA	-2.74073112912161	-2.77174649499089	-2.6912523763913	NA	-1.26078440285988	-2.08047837634621	-0.773728239574511
hsa-miR-499a-3p|MIMAT0004772	NA	-0.439132470253848	NA	NA	NA	NA	NA	NA	-0.417682940558534	NA	-0.985933274888856	NA	-1.97878182919197	NA	NA	-2.40152045085577	-0.577484947710119	NA	-1.7955687697206	NA	-1.60370457950021	-2.10820132927794	NA	-2.0135089678146	-0.383275323546045	NA	NA	NA	NA	-0.189441731938525	NA	NA	NA	NA	NA	NA	-0.798481559050491	NA	-2.74073112912161	NA	-2.6912523763913	NA	-3.84574344651288	NA	-1.18876573885335
hsa-miR-500a-5p|MIMAT0004773	2.046753312797	0.730792965852797	1.99320153675033	3.26968535457793	1.60017982017737	1.40598201578752	1.17387769569454	1.92818458480501	2.58231561409783	2.25201078286953	1.59902827336754	2.17551949136956	1.82857471758716	1.00311358040043	0.838291867881227	1.29891633550569	1.74444271660613	1.85962055663442	2.37435762292914	1.20451574369594	1.7182239538549	2.74977773543243	1.97018956737463	2.94068865791002	1.3171645393417	1.09586637355665	2.22299802003076	2.11651880008282	1.49941221632818	2.03295068939792	1.42309674413666	2.42530782994784	2.01336506444561	2.23892378685557	-0.0296337055790493	0.99760096864191	0.616556253882768	1.21852142830429	1.34673171212873	1.31571866452988	1.30874878835695	2.06291573567514	1.43965451749507	1.37895379700386	2.18046870734129
hsa-miR-500a-3p|MIMAT0002871	7.58901149294173	6.76788196245101	7.17687970460575	8.29583755778593	7.28467773008688	5.49747971332259	6.96991687511172	7.59825077798834	8.4199433582424	6.68095718360048	7.50591848005276	7.07552379613064	7.19863927038198	7.17637426947092	6.93180365083087	7.13569470775765	7.62148564463995	7.12980975178564	7.76476576931962	5.66394693551023	7.65839135846851	7.44446583010774	6.62893087479306	8.85916724523136	7.68550310511605	6.90107230796911	7.54704628205074	7.27783046735688	6.86864621117526	7.71142512422616	6.56151119712142	7.21872381138057	7.82772891051196	6.7687450535646	7.81334530323336	6.00882812884565	6.12830905459507	6.16103601932893	7.83102126728531	6.27810489871452	6.27741581171188	8.38032831372109	6.20273919673202	7.10687449229141	7.45147984027916
hsa-miR-501-5p|MIMAT0002872	2.046753312797	1.02029950401791	1.99320189912767	3.16006067051167	1.37778731953216	0.714104813688649	1.26134004795863	-0.0718138988678591	2.28275559165968	2.13171623311681	0.5990292258323	0.95312738939116	0.606181619283634	0.877582502009534	1.20086275417282	0.598476690659164	1.20012263095343	1.72211711239104	0.78939540044931	-0.0755929803631302	0.981258652000456	0.47675909803205	0.385226698449525	1.44592370992591	0.201686549939442	0.318258987742286	-0.279502629517654	0.894126267849917	0.49941170605051	0.225595767340318	NA	1.81233145863153	1.72385864577724	-0.0830052249122459	1.34887825751353	1.1130776858362	0.423910503823685	1.74208341131605	1.50719638432198	0.398180695929149	0.478673660382837	2.49587523246902	1.67781445124588	1.61996181116725	1.22627237706289
hsa-miR-501-3p|MIMAT0004774	4.67902157335106	3.77032110683344	4.28496779127706	5.76388231237191	4.47932531904464	2.10112762640631	3.69743934593074	5.22586526194806	5.99170634051889	3.68497017892834	4.56865436087621	4.17551957120908	3.97541604040351	4.62760438694667	4.53873158602232	4.58716099479904	4.78508466073743	4.48765182016995	5.08707589249854	3.24633526655457	4.82256114390953	4.90302404560973	3.25969702139641	5.24388020740975	4.99176426649902	4.71057580442351	5.36435394550103	4.59456592627753	3.91444981128407	5.07108586120132	3.67943697283544	5.09990784086394	5.68321629939422	3.6449163541269	4.5553289178617	3.98249405343439	3.59383622219045	3.84787817989037	1.58119696576575	3.73605106852073	3.2860288782494	5.41341295567826	3.18767527987037	4.59194768348884	5.04005356553932
hsa-miR-502-5p|MIMAT0002873	-0.497567552599651	0.368223010657875	1.13522160610594	0.719488378867101	0.377787874693409	0.013668063663764	-0.504192291089029	0.665150785502262	1.389670880285	0.308593868584276	0.0140652964137654	-0.631835111329996	0.828574717587164	0.225505693254381	0.0309377527305064	-1.40152426217045	-0.384839869767723	0.207543064988901	0.204432482366147	-0.561015246630101	-0.0187406172204049	0.21372552156308	-0.784699131452008	1.57145498917327	-0.383273441840673	-0.167168302266051	NA	1.11651913277213	0.236378728993734	0.547523862227681	-0.16186629458145	0.532224184948767	0.55393255243823	-1.08300369677848	1.45579301640296	-0.587359364436773	-0.798481559050491	-0.459548120965694	-0.418803034234247	NA	-2.6912523763913	0.5483429081282	0.061143000612854	0.241449718541156	-0.451800144687149
hsa-miR-502-3p|MIMAT0004775	2.20287247890168	1.95318588394832	2.04211128218222	3.52684330092471	1.96275000530709	1.92055513417556	2.45927973420094	2.51314708552617	3.83024295004298	2.63052219644619	2.33599367704072	2.8275965073073	2.72165941993677	2.58807608112158	2.55449872646604	2.40583093212425	2.95500957496914	2.722116893748	2.90487268207877	1.81749228350597	2.48375929343874	3.13972421988146	1.91574230733462	2.74137982880825	2.78665009605323	2.03446506588025	2.72049758937097	2.30916367009436	1.91445009831516	2.68502738597762	1.57509978378202	3.55775843696631	3.25437302650789	1.91699553915484	2.17200066781144	2.77019073688565	2.37144372119575	2.57607365973666	2.58119696576575	1.75181845969782	1.76818008933573	2.87027060840662	2.08498947053515	2.44308411030564	3.00763201210644
hsa-miR-503-5p|MIMAT0002874	2.00493314737216	2.56086801874352	2.30514551286695	1.37156499579524	0.962749635199518	2.26159159068866	1.08076816341437	2.665150330604	1.58231561409783	3.40257034211811	0.599028273367538	4.2261456525383	-1.97878182919197	3.0328607915877	2.20086181278141	0.920404594980654	1.56935595449047	1.98515137246281	1.66386467013342	0.817492283505972	2.39629651666892	2.79868740026066	1.80026544041631	3.23441992525012	2.20168749079284	1.31825840919464	2.04242581559149	2.11651880008282	0.236377504327805	1.54752386222768	2.25317211256713	0.894793710107759	1.36128831681621	2.16492333409672	4.64843834909809	2.58256346936307	1.42391104151706	-1.78147423198854	1.71870048951569	0.687687810732244	0.630677582092814	4.53540347914197	0.677814000323151	2.50448488710496	2.58382424632157
hsa-miR-504-5p|MIMAT0002875	-2.08253005332081	-1.43913247025385	-1.279812609134	NA	-1.20717462602775	-0.401371817436244	-0.241159590436501	-0.071815415194987	2.28275529517881	-1.80688179567268	NA	-0.631835111329996	1.92811028282337	-2.58184676094512	-0.969062247269494	0.183439508990052	-3.38483986976772	0.570113144373609	0.78939540044931	NA	2.30318689304368	0.47675909803205	1.02265685576736	0.986491760318942	-0.061346852317412	0.0958663735566498	NA	-0.105875284701321	0.236378728993734	-0.189441731938525	NA	-1.27513323112624	1.13889636343532	-2.08300675304763	NA	-0.265433003663129	-1.38344656900942	0.388446360862256	-1.74073112912161	-2.77174649499089	2.83231099761998	0.062916080957958	-2.26078094579172	0.241449718541156	0.0336266824830932
hsa-miR-505-5p|MIMAT0004776	2.20287247890168	2.88279582023248	2.38314825532751	2.7194881598253	2.11475280266609	1.18358941297868	2.53142962233172	2.51314733824747	3.83024284861529	1.36304264490542	4.79542513982006	3.27505533524477	1.48065082335924	2.87758269831657	2.83829186788123	3.70700080220928	1.07459174886957	2.15507596901052	3.06241395242289	1.20451511768883	2.5662213963147	3.13972438357191	2.25969672013882	3.34404431547678	3.72524926958767	1.41779419845511	4.28528243320897	2.21605405222717	2.0843745469568	4.86945200646917	2.5010994826629	2.11718602059904	1.8758614334913	2.91699611220489	3.14029145948939	0.58256371021239	1.07598778697796	1.67795332874115	2.75112175291687	1.39818124329806	2.21563977221468	1.91091260386532	0.739214732871784	2.08944730307836	3.70200585652885
hsa-miR-505-3p|MIMAT0002876	3.6988299935052	4.58323558351179	4.67437952028161	5.62637877003661	5.33971915697876	3.71410393424564	5.10461451960604	5.12458190788691	6.67507256265804	4.05936566166044	7.62877522071101	5.55798926380978	4.51307284672811	6.07636256243107	5.09702610015123	6.75582324055161	3.99019901688078	4.61935748513934	6.23785591400948	3.11705266769296	5.61546500034689	7.36550248690753	4.06079292940565	5.65891771620667	6.46847388893424	4.90322076527885	7.20162448166121	5.67548589669001	4.27200198158677	7.67474444801913	5.40291927895709	4.43911384945796	4.46082380318486	4.77497692948936	5.63712308343014	4.33150157979444	4.43673532455035	4.45692617173506	5.3091172383836	4.13514689220115	4.59415127600712	3.98891531778639	3.0849896405552	5.06926951663116	7.22203954907909
hsa-miR-513a-5p|MIMAT0002877	NA	NA	NA	NA	-1.20717462602775	NA	NA	NA	-0.417682940558534	NA	NA	NA	NA	-2.58184676094512	NA	NA	NA	NA	NA	NA	NA	NA	NA	NA	NA	NA	NA	-1.69083778542248	-2.08555181522653	NA	NA	NA	NA	NA	NA	NA	NA	NA	-2.74073112912161	NA	-2.6912523763913	NA	NA	NA	-2.77372823957451
hsa-miR-513a-3p|MIMAT0004777	NA	NA	NA	NA	NA	NA	NA	NA	NA	NA	NA	NA	NA	NA	NA	NA	NA	NA	NA	NA	NA	NA	NA	NA	NA	NA	NA	NA	NA	NA	NA	NA	NA	NA	NA	NA	NA	NA	NA	NA	NA	NA	NA	NA	NA
hsa-miR-506-3p|MIMAT0002878	-3.08253005332081	NA	-2.86477510985516	-0.502905794804667	NA	NA	NA	NA	-0.417682940558534	-3.39184934417964	NA	NA	-1.97878182919197	NA	NA	NA	NA	NA	NA	NA	-1.60370457950021	NA	NA	NA	-2.38327344184067	NA	NA	NA	NA	NA	NA	NA	-1.44606548214831	NA	NA	NA	NA	NA	NA	NA	NA	NA	NA	NA	NA
hsa-miR-507|MIMAT0002879	NA	-2.43912855827956	NA	NA	NA	NA	NA	-1.65677639958902	-1.41768294055853	NA	NA	NA	NA	NA	NA	NA	NA	NA	NA	NA	NA	NA	NA	NA	NA	NA	NA	NA	NA	NA	NA	NA	NA	NA	NA	NA	NA	NA	NA	NA	NA	NA	NA	NA	NA
hsa-miR-508-5p|MIMAT0004778	-3.08253005332081	NA	-0.2798161121091	-0.502903750413667	NA	NA	NA	-1.65677639958902	1.16727763303746	NA	NA	NA	NA	NA	NA	NA	NA	NA	NA	NA	NA	NA	-2.78470161683252	NA	-0.383275323546045	NA	NA	NA	NA	NA	NA	NA	0.138895708297502	-2.08300675304763	NA	NA	NA	NA	NA	NA	NA	NA	NA	NA	-2.77372823957451
hsa-miR-508-3p|MIMAT0002880	1.00493278792953	1.02029950401791	3.73513350709291	3.5845584895455	1.88028743146547	-2.98633050724543	-0.0187669255026062	2.34322217885435	7.04583979492938	-0.806881795672679	NA	0.95312738939116	1.02121959243947	0.0031128606078385	0.615900253451662	0.598475737829549	0.200122630953433	-1.01484935634755	-1.7955687697206	-1.29798084079631	1.20365096893985	-1.10820443939581	-1.78470161683252	0.308419127072761	3.93865286542664	-0.904132276499571	-1.86446513023881	-0.105875284701321	NA	-0.189441731938525	NA	NA	3.46082406524003	0.501958803942674	-0.351562168625255	NA	NA	-1.78147919165494	0.259268870878391	-1.18678071005439	0.478674695713921	-0.674049513208248	-1.5238195001083	0.726876545711397	-0.773728239574511
hsa-miR-509-5p|MIMAT0004779	NA	NA	NA	NA	NA	NA	NA	NA	NA	NA	NA	NA	NA	NA	NA	NA	NA	NA	NA	NA	NA	NA	NA	NA	NA	NA	NA	NA	NA	NA	NA	NA	NA	NA	NA	NA	NA	NA	NA	NA	NA	NA	NA	NA	NA
hsa-miR-509-3p|MIMAT0002881	-3.08253005332081	-0.117202028180642	1.30514697244183	3.12158705924035	0.962750375414565	NA	-1.82612038597639	-0.0718138988678591	4.81113415684739	-3.39184934417964	NA	-0.631835111329996	-0.393819328470814	NA	NA	-0.816557950134613	-2.38483986976772	-2.5998118570687	NA	-2.88294334151746	1.2036503425574	-1.10820132927794	-2.78470161683252	NA	1.20168780441051	-2.48909477722073	NA	-0.105875284701321	NA	-0.774404232659682	NA	-2.27512973950309	2.13889603586645	-2.08300675304763	-2.35156032783198	NA	-2.38344656900942	-2.78147423198854	-1.74073112912161	-2.77174649499089	-2.6912523763913	NA	NA	-1.08047837634621	-0.451800144687148
hsa-miR-510-5p|MIMAT0002882	NA	NA	NA	NA	NA	NA	NA	NA	NA	NA	NA	NA	NA	NA	NA	NA	NA	NA	NA	NA	NA	NA	NA	NA	NA	NA	NA	NA	NA	NA	NA	NA	NA	NA	NA	NA	NA	NA	NA	NA	NA	NA	NA	NA	NA
hsa-miR-514a-3p|MIMAT0002883	0.724824868736797	-2.43912855827956	1.94257643433375	0.234059799361539	0.377787874693409	-2.98633050724543	-1.24115788525523	NA	4.79176881045221	-1.80688684345848	-0.985933274888856	NA	-0.97878182919197	NA	-0.969062247269494	-2.40152045085577	-0.0629117748803609	NA	NA	-0.0755914600604377	-0.603704579500209	-0.52324090196795	-0.462771533640406	-1.0135089678146	2.61672514688053	-0.904132276499571	NA	-0.690837785422477	-2.08555181522653	-0.189441731938525	NA	NA	2.80186078998182	-0.498044252326472	-0.76659782711082	NA	NA	-2.78147423198854	-1.15576862840045	-2.77174649499089	1.1161025456663	-1.2590120139294	-2.26078094579172	-1.08047837634621	0.396196761867801
hsa-miR-532-5p|MIMAT0002888	8.7586416222382	8.5713957133792	8.69937004537117	10.9768760261401	9.45816053225468	7.28862437309352	9.39667214319323	9.26580661804073	10.3644946150523	9.0409574780955	9.66601397906048	9.47014032772868	9.78443208685708	10.0599770365166	9.56621221777487	9.39248593775109	9.93990266789083	9.4591954051212	9.82098177434408	8.62732208275338	9.81520324392328	9.79002020758687	8.37895264857484	9.45103810995856	9.83043661321169	9.72825525876551	9.82945778755893	9.83957001132674	9.74258639515491	10.0036729418453	8.68780039792966	10.1568882092222	10.9208019051243	8.50383581297966	8.71587274282549	8.90749395777468	8.36558778737374	9.11409679887863	10.0381671026533	8.45466857217208	9.3115640582559	9.70821385685146	9.23823021521788	9.13869095035739	10.0271723101655
hsa-miR-532-3p|MIMAT0004780	2.93983813573993	3.49160493143985	3.96811057168124	6.02587544256436	4.94257174283632	3.12218831600714	4.96829317607423	4.71826160677583	5.70125649618838	4.14731337489314	5.22351870065618	4.76048209854341	6.11397687396016	4.50561392092961	5.0533046098846	4.39289218789517	5.63475030689497	4.64811651943974	4.87685829080105	3.40245451135221	5.24178657714519	5.41535873366465	3.99666270593988	5.87523560831414	5.18658042343696	4.73007194935614	5.31544435830436	4.71855468500116	5.51436276295729	5.25901884422757	4.62821156943649	5.75277438416654	6.21926923448906	3.4405578606351	4.73590121403512	4.04199506610497	4.39791608716637	4.31655365154753	5.74710866295231	3.87211255205161	4.56613686704423	5.25668740926053	3.44887307462547	4.48937800274348	4.92671209520398
hsa-miR-455-5p|MIMAT0003150	3.18425680480395	5.57767598357855	4.44810354932648	4.08205832439294	5.05961122251803	4.79502385367728	6.06262051020288	4.98707838000153	5.33720295566747	5.71929026935399	6.48167095142939	6.53808967277143	6.69010470594487	6.85486260000459	6.06435982724894	6.83209599704995	6.11101459356028	5.41141621191027	6.69227295215229	6.61090790106552	5.44069053637566	6.19100475392568	5.15781737431234	4.78090810553145	6.57962084394228	6.53327119780704	6.63538116317905	6.05063068098082	7.6166225902592	6.87305423071852	5.81541452557994	5.52576834414794	5.36128824662287	5.29203543998857	5.66524668053903	5.83470312665931	5.11640227093325	5.43769009439442	5.3036628076023	4.50438077072939	6.30592849039149	5.39919909277179	4.80171073835103	5.11919475716336	6.76930422872861
hsa-miR-455-3p|MIMAT0004784	2.69883032680647	8.10583205679995	6.23061760946405	7.64005372126095	9.349809579805	6.56441072944664	8.57475668550135	9.1505771313739	8.60329536984162	7.26279065807201	10.8704908990172	9.35826862831743	10.7689931231825	10.4271048442735	9.65436113134548	10.7402641361437	9.32596599071454	8.51393116539839	10.7917416603438	8.83430041631758	8.78431379546976	10.3973602120178	7.1868465018975	8.2497615501892	10.966973411941	9.53535047647021	10.4475673572436	8.93213061839213	10.7296330403942	11.4683233476249	9.66309341042658	8.50294548912687	8.91148532105119	8.23440863914401	8.24369585423381	8.26126130490503	8.25951064390003	7.40834609758798	9.5098631366468	7.2726504980564	9.65359972262442	7.66282855294494	6.09383152215483	8.14954285701878	10.0923922065416
hsa-miR-539-5p|MIMAT0003163	1.50243244740035	2.02029950401791	3.57816403747148	3.04141629852103	2.31638646108113	4.89018089322307	1.63330890741322	3.66515044432858	1.75224077613395	1.77807944310368	2.92095598726882	3.06860443484908	1.19114506775862	2.27613214926812	1.49036885788166	1.84640385306033	2.31559926875838	2.20754400203072	1.78939540044931	5.934036034334	2.7886136784551	2.59223647494526	3.25969702139641	2.23441977195895	2.70418762839291	5.35010717165119	1.59496648839849	3.47908863919187	3.55830621154826	2.39552076878263	3.77673410809673	4.57035842900203	2.46082380318486	2.3093135804638	1.81836303734976	2.62209165779477	3.52344691222216	2.38844636086226	4.45894095331736	1.4761836112549	2.92345898902756	2.38484362339277	2.10844884921342	4.48937800274348	1.74983414544768
hsa-miR-544a|MIMAT0003164	NA	NA	NA	NA	NA	NA	NA	NA	NA	NA	NA	NA	NA	NA	NA	NA	NA	NA	NA	NA	NA	NA	NA	NA	NA	NA	NA	NA	NA	NA	NA	NA	NA	NA	NA	NA	NA	NA	NA	NA	NA	NA	-3.84574344651288	NA	NA
hsa-miR-545-5p|MIMAT0004785	-3.08253005332081	-2.43912855827956	-1.2798161121091	-0.502905794804667	-0.207174626027748	-1.98633050724543	NA	-1.65677639958902	-1.41768294055853	NA	NA	NA	-1.97878182919197	-2.58184676094512	-0.969062247269494	-1.40152045085577	-3.38483986976772	NA	NA	NA	-0.0187420787790525	NA	-1.78470161683252	-0.428546467093445	-0.798310941119517	-1.48909477722073	-1.86446513023881	-1.69083778542248	NA	0.225595767340318	-1.74682879530261	-1.27512973950308	NA	-2.08300675304763	-0.76659782711082	NA	-2.38344656900942	-0.781476711819611	-0.740731129121609	NA	NA	-2.2590120139294	-3.84574344651288	-1.08047837634621	-1.77372823957451
hsa-miR-545-3p|MIMAT0003165	NA	NA	NA	NA	NA	NA	-2.82612038597639	-1.65677639958902	-1.41768294055853	-3.39184934417964	NA	NA	NA	-1.58184676094512	NA	NA	-3.38483986976772	NA	NA	-2.88294334151746	NA	NA	NA	NA	-2.38327344184067	-1.48909477722073	NA	NA	-2.08555181522653	NA	-1.74682879530261	NA	NA	NA	NA	-2.58735936443677	NA	NA	NA	NA	NA	NA	NA	NA	NA
hsa-miR-487b-3p|MIMAT0003180	3.12692364260677	2.08443033623326	3.83566036429578	2.71948794078347	1.25225699260955	4.84021243994987	2.30316058475081	3.29741829664312	1.1672782754128	3.37633900956536	2.71450578385362	2.17551981072761	1.02121959243947	2.97273951785908	1.61589978275604	2.18343887377052	2.52205022350782	1.57011363024722	2.52636082767073	5.31180926332643	2.98125883469528	3.06172194432194	3.09794581353616	1.68693209457274	3.26058124256995	4.96211443697599	2.52785254269838	3.51861709079689	4.27200183223725	2.13248636294884	3.06052681846533	3.08242005091593	2.94625044317282	2.61743508097279	1.81836344641508	3.47872749661403	3.57075265533059	2.89094722004996	3.71870027035423	1.22825535238116	2.06363616110399	2.54834266149762	3.13153252605132	4.14834104637049	2.7181252952529
hsa-miR-551a|MIMAT0003214	NA	-2.43912855827956	NA	0.912133237767699	-2.20717462602775	NA	-2.82612038597639	-1.65677639958902	0.5823151323163	-2.39184177250756	NA	NA	-1.97878182919197	-2.58184676094512	NA	-2.40152045085577	-3.38483986976772	-2.5998118570687	-1.7955687697206	NA	NA	-2.10820132927794	-1.19973580227163	-2.0135089678146	NA	-2.48909477722073	-1.86446513023881	NA	-2.08555181522653	-1.77440423265968	NA	-2.27512973950309	0.138895708297502	NA	-2.35156032783198	NA	-2.38344656900942	-2.78147423198854	-2.74073112912161	-2.77174649499089	-2.6912523763913	NA	-2.84574344651288	-2.08047837634621	-1.18876573885335
hsa-miR-552-3p|MIMAT0003215	-2.08253005332081	NA	NA	6.53051876733686	NA	-0.178978851683183	-2.82612038597639	NA	NA	-3.39184934417964	NA	NA	NA	0.225505693254381	NA	-0.816560491009948	1.86308764367586	NA	-0.210606268999442	NA	6.11739568979076	-2.10820132927794	-2.78470161683252	0.308419127072761	-1.38327344184067	-2.48909477722073	-0.864465130238811	-0.690837785422477	-2.08555181522653	NA	-0.746828795302606	NA	0.55393255243823	-2.08300675304763	NA	-2.58735936443677	NA	-2.78147423198854	-2.74073112912161	-1.77174649499089	-2.6912523763913	NA	NA	NA	-1.77372823957451
hsa-miR-553|MIMAT0003216	NA	NA	NA	NA	NA	NA	NA	NA	NA	NA	NA	NA	NA	NA	NA	NA	NA	NA	NA	NA	NA	NA	NA	NA	NA	NA	NA	NA	NA	NA	NA	NA	NA	NA	NA	NA	NA	NA	NA	NA	NA	NA	NA	NA	NA
hsa-miR-554|MIMAT0003217	NA	NA	NA	NA	NA	NA	NA	NA	NA	NA	NA	NA	NA	NA	NA	NA	NA	NA	NA	NA	NA	NA	NA	NA	NA	NA	NA	NA	NA	NA	NA	NA	NA	NA	NA	NA	NA	NA	NA	NA	NA	NA	NA	NA	NA
hsa-miR-92b-5p|MIMAT0004792	NA	NA	-2.86477510985516	NA	NA	-2.98633050724543	-1.24115788525523	NA	NA	-1.80688684345848	NA	-0.631835111329996	-0.97878182919197	NA	NA	NA	NA	NA	NA	-1.88294334151746	NA	NA	-1.19973580227163	0.308420292086253	NA	NA	NA	NA	NA	NA	NA	NA	NA	-1.08300675304763	-2.35156032783198	NA	NA	NA	NA	-2.77174649499089	-2.6912523763913	NA	-1.84574344651288	0.241449718541156	NA
hsa-miR-92b-3p|MIMAT0003218	4.92869767578651	4.02029932620069	5.56567311639641	5.99959605646962	4.96274963519952	4.15321541257367	5.1795018542556	3.92818467957551	5.47713320331667	5.28058000632909	2.92095617776187	5.3681646441615	7.36329438091578	3.74007917456663	5.3255576022036	2.59847669065916	5.78508460841107	5.9889036190117	3.01178776216262	6.23599348201964	8.02747355993214	3.82253417280636	5.81149271189495	7.4232039024043	4.05966841021959	5.16195506030373	2.13553519809412	5.07734803493136	6.45360870778128	2.22559576734032	4.7609667494403	3.11718585433127	6.03774908732028	6.82087786183457	6.30664987912275	5.09913888987853	5.97850013344061	6.74012197008931	4.66014807892143	5.64188432337269	6.62163198538139	3.62363068429736	5.97123599146602	6.08442935823861	2.74983414544768
hsa-miR-555|MIMAT0003219	NA	NA	NA	NA	NA	NA	NA	NA	NA	NA	NA	NA	NA	NA	NA	NA	NA	NA	NA	NA	NA	NA	NA	NA	NA	NA	NA	NA	NA	NA	NA	NA	NA	NA	NA	NA	NA	NA	NA	NA	NA	NA	NA	NA	NA
hsa-miR-556-5p|MIMAT0003220	NA	NA	-2.86477510985516	NA	NA	NA	-2.82612038597639	NA	NA	-3.39184934417964	-0.985933274888856	NA	-0.978778985930494	-0.259920393557986	NA	0.183438238550705	-3.38483986976772	NA	-0.21060459955069	NA	-0.0187420787790525	0.47675909803205	NA	-2.0135089678146	-0.383275323546045	-2.48909477722073	-1.86446513023881	NA	-2.08555181522653	-1.77440423265968	NA	NA	0.875861826573987	-2.08300675304763	NA	NA	NA	-2.78147423198854	-2.74073112912161	-1.77174156867068	-2.6912523763913	-2.2590120139294	-2.84574344651288	-2.08047837634621	0.548200841932569
hsa-miR-556-3p|MIMAT0004793	NA	-0.854168665540085	-2.86477510985516	-0.502903750413667	NA	NA	NA	NA	NA	-2.39184934417964	-0.985933274888856	-0.631835111329996	-1.97878182919197	-1.58184676094512	NA	-0.401522356511851	NA	NA	-0.795566265548194	-2.88294334151746	0.981258652000456	-0.108201329277939	NA	-2.0135089678146	-0.798313450060558	-2.48909477722073	-0.864465130238811	-1.69083778542248	-0.0855502843929778	NA	NA	-2.27512973950309	1.1388957082975	-0.498042214812989	-0.351562168625255	NA	-1.38344656900942	-1.78147423198854	-1.15576862840045	-2.77174649499089	NA	-2.2590120139294	-3.84574344651288	-2.08047837634621	-0.773728239574511
hsa-miR-557|MIMAT0003221	NA	NA	NA	NA	NA	NA	NA	NA	NA	NA	NA	NA	NA	NA	NA	NA	NA	NA	NA	NA	NA	NA	NA	NA	NA	NA	NA	NA	NA	NA	NA	NA	NA	NA	NA	NA	NA	NA	NA	NA	NA	NA	NA	NA	NA
hsa-miR-558|MIMAT0003222	NA	NA	NA	NA	NA	NA	NA	NA	NA	NA	NA	NA	NA	NA	NA	NA	NA	NA	NA	NA	NA	NA	NA	NA	NA	NA	NA	NA	NA	NA	NA	NA	NA	NA	NA	NA	NA	NA	NA	NA	NA	NA	NA	NA	NA
hsa-miR-559|MIMAT0003223	NA	NA	NA	NA	NA	NA	NA	NA	NA	NA	NA	NA	NA	NA	NA	NA	NA	NA	NA	NA	NA	NA	NA	NA	NA	NA	NA	NA	NA	NA	NA	NA	NA	NA	NA	NA	NA	NA	NA	NA	NA	NA	NA	NA	NA
hsa-miR-561-3p|MIMAT0003225	NA	NA	NA	NA	NA	NA	NA	NA	NA	NA	NA	NA	NA	NA	NA	NA	-1.38483986976772	NA	NA	NA	NA	NA	NA	NA	NA	NA	NA	NA	NA	NA	NA	-1.27513323112624	NA	NA	NA	NA	NA	NA	NA	-2.77174649499089	NA	NA	NA	NA	NA
hsa-miR-562|MIMAT0003226	NA	NA	NA	NA	NA	NA	NA	NA	NA	NA	NA	NA	NA	NA	NA	NA	NA	NA	NA	NA	NA	NA	NA	NA	NA	NA	NA	NA	NA	NA	NA	NA	NA	NA	NA	NA	NA	NA	NA	NA	NA	NA	NA	NA	NA
hsa-miR-563|MIMAT0003227	NA	NA	NA	NA	NA	NA	NA	NA	NA	NA	NA	NA	NA	NA	NA	NA	NA	NA	NA	NA	NA	NA	NA	NA	NA	NA	NA	NA	NA	NA	NA	NA	NA	NA	NA	NA	NA	NA	NA	NA	NA	NA	NA	NA	NA
hsa-miR-564|MIMAT0003228	NA	NA	NA	NA	NA	NA	NA	NA	NA	NA	NA	NA	NA	NA	NA	NA	NA	NA	NA	-2.88294334151746	NA	NA	NA	NA	NA	NA	NA	NA	NA	NA	NA	NA	NA	NA	NA	NA	NA	NA	NA	NA	NA	NA	NA	NA	NA
hsa-miR-566|MIMAT0003230	NA	NA	NA	NA	NA	NA	NA	NA	NA	NA	NA	NA	NA	NA	NA	NA	NA	NA	NA	NA	NA	NA	NA	NA	NA	NA	NA	NA	NA	NA	NA	NA	NA	NA	NA	NA	NA	NA	NA	NA	NA	NA	NA	NA	NA
hsa-miR-567|MIMAT0003231	NA	NA	NA	NA	NA	NA	NA	NA	NA	NA	NA	NA	NA	NA	NA	NA	NA	NA	NA	NA	NA	NA	NA	NA	NA	NA	NA	NA	NA	NA	NA	NA	NA	NA	NA	NA	NA	NA	NA	NA	NA	NA	NA	NA	NA
hsa-miR-568|MIMAT0003232	NA	NA	NA	NA	NA	NA	NA	NA	NA	NA	NA	NA	NA	NA	NA	NA	NA	NA	NA	NA	NA	NA	NA	NA	NA	NA	NA	NA	NA	NA	NA	NA	NA	NA	NA	NA	NA	NA	NA	NA	NA	NA	NA	NA	NA
hsa-miR-551b-5p|MIMAT0004794	NA	NA	NA	NA	NA	NA	NA	NA	NA	NA	NA	NA	NA	NA	NA	NA	NA	NA	NA	NA	NA	NA	NA	NA	NA	NA	NA	NA	NA	NA	NA	NA	NA	NA	NA	NA	NA	NA	NA	NA	NA	NA	NA	NA	NA
hsa-miR-551b-3p|MIMAT0003233	-2.08253005332081	-0.854168665540085	1.04211198277826	0.912133237767699	0.792824541230298	-2.98633050724543	-1.24115788525523	1.80265397841711	2.16727795422516	-0.069916706284258	1.82142042257108	-0.631835111329996	-0.978778985930494	-0.581848920320729	0.0309377527305064	2.99079370508245	NA	-1.01484935634755	2.20443279538766	-1.29798438816427	-0.603704579500209	1.89179672689918	-0.462769545338392	NA	3.90212704006286	0.970334632417002	2.65909728262921	0.631091240995828	-1.08554875356105	1.03295068939792	0.838134512413899	-2.27512973950309	-1.44606548214831	-1.08300369677848	-0.0296337055790493	NA	-1.3834428051544	-0.781479191654943	NA	-2.77174649499089	-0.691250046895736	-1.2590120139294	-3.84574344651288	NA	0.22627299370003
hsa-miR-569|MIMAT0003234	NA	NA	NA	NA	NA	NA	NA	NA	NA	NA	NA	NA	NA	NA	NA	NA	NA	NA	NA	NA	NA	NA	NA	NA	NA	NA	NA	NA	NA	NA	NA	NA	NA	NA	NA	NA	NA	NA	NA	NA	NA	NA	NA	NA	NA
hsa-miR-570-3p|MIMAT0003235	-1.08253005332081	0.730793835181071	NA	0.719488378867101	-2.20717462602775	-1.98633622361716	-0.826122943749046	0.343222463165788	-0.417682940558534	-1.80688179567268	-0.985933274888856	0.368164888670004	-0.39381743296254	-2.58184676094512	NA	-0.0795954050193465	-0.799877369046567	-1.01484935634755	1.0117875832932	0.117052667692963	1.39629651666892	-2.10820132927794	-1.19973580227163	-0.428544525404814	0.424079329696305	-0.904132276499571	NA	0.309163378991108	-0.500587273394333	0.225595767340318	-1.74682879530261	-0.275131485313604	NA	-0.498044252326472	0.233400945693921	-2.58735936443677	-0.383442805154396	-1.19651503770976	-0.418803034234247	-2.77174649499089	-1.6912523763913	-0.259012013929404	NA	-2.08047837634621	-1.18876573885335
hsa-miR-571|MIMAT0003236	NA	NA	NA	NA	NA	NA	NA	NA	NA	NA	NA	NA	NA	NA	NA	NA	NA	NA	NA	NA	NA	NA	NA	NA	NA	NA	NA	NA	NA	NA	NA	NA	NA	NA	NA	NA	NA	NA	NA	NA	NA	NA	NA	NA	NA
hsa-miR-572|MIMAT0003237	NA	NA	NA	NA	NA	NA	NA	NA	NA	NA	NA	NA	NA	NA	NA	NA	NA	NA	NA	NA	NA	NA	NA	NA	NA	NA	NA	NA	NA	NA	NA	NA	NA	NA	NA	NA	NA	NA	NA	NA	NA	NA	NA	NA	NA
hsa-miR-573|MIMAT0003238	NA	NA	NA	NA	-2.20717462602775	NA	NA	NA	NA	NA	NA	NA	NA	NA	NA	NA	NA	NA	NA	NA	NA	NA	NA	NA	NA	NA	NA	NA	NA	NA	NA	NA	NA	NA	-1.35156032783198	NA	-2.38344656900942	NA	NA	NA	NA	NA	NA	NA	NA
hsa-miR-574-5p|MIMAT0004795	NA	NA	NA	NA	NA	NA	NA	NA	NA	NA	NA	NA	NA	NA	NA	NA	NA	NA	NA	NA	NA	NA	NA	NA	NA	NA	NA	NA	NA	NA	NA	NA	NA	NA	NA	NA	NA	NA	NA	NA	NA	NA	NA	NA	NA
hsa-miR-574-3p|MIMAT0003239	5.1653979425326	5.2819667740739	6.29761187227692	6.30445067879994	6.37402522534555	5.03603172132782	5.88468367918901	6.73123948711414	6.48920603305314	5.76802596376039	7.81172690253146	6.09608513233638	7.48065134839336	7.18467997588217	6.23060919459961	7.52625426339231	6.52054656953651	6.40581354287653	8.28124852924047	5.07124876352095	6.53072283298889	8.24934874099933	6.12219355601513	7.15391049498884	7.6881871859096	6.28239282027512	7.71673587689013	6.2864436166977	6.41827564337541	7.56321770747357	6.49634613099655	5.71355305024653	7.91587709680703	6.39677626761667	6.2520647300188	5.77896059020591	6.70136478551758	6.28729981596589	6.00746147378379	5.44257547876505	6.75169253857586	4.76335542725601	4.49410245910487	6.44308437560298	7.8556290282858
hsa-miR-575|MIMAT0003240	NA	NA	NA	NA	NA	NA	NA	NA	NA	NA	NA	NA	NA	NA	NA	NA	NA	NA	NA	NA	NA	NA	NA	NA	NA	NA	NA	NA	NA	NA	NA	-2.27512973950309	NA	NA	NA	NA	NA	NA	NA	NA	NA	NA	NA	NA	NA
hsa-miR-576-5p|MIMAT0003241	3.00493314737216	4.00381116049072	3.1575883379261	3.95652740358957	3.31638675073057	3.43992866402407	3.88812269571588	3.62862441958671	4.28275514693835	2.7579018277742	4.406382855259	3.36816474895087	2.77610714725593	4.22550600173687	3.24039035506917	4.58716093477828	3.63752747956876	3.20754400203072	5.01178785159733	1.97503361694933	3.75384849455118	4.5356529322245	3.40512743615708	4.83198245075421	4.47470580135439	2.68082842429627	4.28528243320897	3.70148118990752	3.4690387301392	4.68502738597762	3.80776108658178	1.97279593624516	3.13889587208198	3.79963898997549	4.34887804511426	2.16752588980111	2.66095028769911	2.71037489660938	2.95970840357518	2.87211265057798	2.35314315478309	3.67172498401104	2.72410823167678	4.08944747257387	4.31373525458601
hsa-miR-576-3p|MIMAT0004796	NA	NA	NA	NA	NA	NA	NA	NA	NA	NA	NA	NA	NA	NA	NA	NA	NA	NA	NA	NA	NA	NA	NA	NA	NA	NA	NA	NA	NA	NA	NA	NA	NA	NA	NA	NA	NA	NA	NA	NA	NA	NA	NA	NA	NA
hsa-miR-577|MIMAT0003242	-0.0825300533208068	0.145830030467308	2.13522062089281	5.16952111052491	2.11475280266609	-2.98633050724543	-1.82612038597639	2.86678417199547	3.66977831364774	0.60815538812007	NA	3.53808964172273	NA	0.00311430019265659	-1.96906224726949	NA	NA	-0.0148493563475472	NA	-1.88294334151746	3.09673615048934	NA	-0.462769545338392	7.02541133931609	0.786650723288443	-2.48909477722073	-1.86446513023881	2.00960300756196	5.08437484461872	-0.189441731938525	-0.16186629458145	2.89479351612871	-1.44606548214831	NA	0.233400945693921	-1.58736369972498	NA	0.218522048263256	-0.418803034234247	-1.77174649499089	NA	NA	0.241715734312092	4.24145048127116	-0.451800144687148
hsa-miR-578|MIMAT0003243	NA	NA	NA	NA	NA	NA	NA	-0.656778674080305	NA	NA	NA	NA	NA	NA	NA	NA	NA	NA	NA	NA	-1.60370457950021	-2.10820132927794	NA	NA	NA	NA	NA	NA	NA	NA	NA	NA	NA	NA	NA	NA	NA	NA	NA	NA	-2.6912523763913	NA	-3.84574344651288	NA	NA
hsa-miR-579-3p|MIMAT0003244	-2.08253005332081	NA	-2.86477510985516	NA	NA	-1.98633622361716	NA	NA	NA	-2.39184177250756	NA	NA	-1.97878182919197	-2.58184676094512	NA	NA	-3.38483986976772	NA	NA	-1.88294334151746	NA	NA	NA	NA	NA	NA	NA	NA	-1.08555181522653	NA	NA	-2.27512973950309	-1.44606548214831	NA	-0.351562168625255	NA	-0.798481559050491	NA	-2.74073112912161	-2.77174649499089	NA	NA	-2.84574344651288	-2.08047837634621	NA
hsa-miR-580-3p|MIMAT0003245	-1.08253005332081	NA	-1.2798161121091	0.234061025996487	-2.20717462602775	-1.98633622361716	0.343803478678634	-0.071815415194987	-1.41768294055853	-1.06991822061867	0.0140667251111436	-0.631835111329996	-0.97878182919197	-0.581848920320729	-0.969062247269494	0.768402009711208	-1.06291177488036	-1.01484935634755	-0.21060459955069	-1.29798438816427	0.981258652000456	-1.10820132927794	-0.199734145354618	-1.0135089678146	0.424080404957019	-1.48909477722073	-0.864465130238811	-0.105875284701321	-0.0855502843929776	-0.774404232659682	-1.74682879530261	-0.690169566529757	1.55393353514529	-1.08300675304763	-0.0296337055790493	-1.58735936443677	-2.38344656900942	-2.78147423198854	0.0666237929359952	-1.77174649499089	-2.6912523763913	0.062916080957958	-0.145306919511333	-0.495515875625051	-0.451800144687149
hsa-miR-581|MIMAT0003246	-1.49756755259965	-1.43912855827956	NA	-0.502905794804667	-2.20717462602775	NA	-0.826120385976391	-0.656776399589015	0.582317059441466	-1.39184177250756	NA	-0.631835111329996	-1.97878182919197	NA	-0.969062247269494	-0.816557950134613	-1.38483986976772	-1.01484935634755	-0.795568769720598	NA	-0.0187406172204049	-1.10820132927794	-1.78470161683252	-2.0135089678146	-1.38327344184067	-1.48909477722073	NA	-0.690835456596247	-1.08555181522653	-0.774404232659682	0.83813370541855	-2.27512973950309	NA	-2.08300675304763	-1.35156032783198	NA	-2.38344656900942	NA	-1.74073112912161	-1.77174649499089	NA	-0.259012013929404	-2.84574344651288	-1.08047837634621	-0.773728239574511
hsa-miR-582-5p|MIMAT0003247	2.9398379477238	2.14583068246376	2.42062306711199	3.64005377912105	2.11475346885961	1.10112695389097	2.38333104404124	3.04366209382644	3.44029659261225	2.79797915612368	3.40638319542514	3.61609228445537	-0.393819328470814	3.82754193960366	2.61589954740816	3.12203835672462	0.937088225119639	1.79250598217316	4.45236032530606	0.817492283505972	5.06872170818587	4.15858327264297	2.67473429473207	3.30842029208625	3.786649991514	2.5109034509778	3.08973151907237	3.70148096811459	2.49941272660567	3.03295068939792	2.34063490041338	0.894794486023702	0.553934517851685	3.64491623879607	3.57917568194583	2.41263846792075	3.92033703779265	1.61083988434785	2.4291938723207	1.39818069592915	0.893710900828794	1.64787858167911	1.82667782831875	3.64744288412039	3.35555534115323
hsa-miR-582-3p|MIMAT0004797	7.20055878030623	5.64301670101816	5.80055648469203	7.9455562627142	6.02164330944878	4.42305498152678	6.44534029109503	7.05058135038515	7.52482993534171	5.45990366335532	7.77893697582767	7.18834362357792	4.87920063658879	7.59557059902104	6.25975557714631	7.1472982212937	4.58094393265471	5.95093579122596	8.30509526610135	3.96254263766468	8.96235054616321	7.78509826552686	6.34715986264675	6.53338680037689	8.11058027445659	6.0383803850137	7.42093750114428	7.62657628112158	6.19057432828439	7.49705882718911	6.03453188661642	4.36872463462866	5.56516064582879	6.74671874947363	6.94305916650652	6.11307810269092	8.20151891633195	5.05772544110255	6.35202579986189	5.63339778733961	4.36403153037068	4.64787823639629	5.16827281112602	7.29673294315248	6.79612800486659
hsa-miR-583|MIMAT0003248	NA	NA	NA	NA	NA	NA	NA	NA	NA	NA	NA	NA	NA	NA	NA	NA	NA	NA	NA	NA	NA	NA	NA	NA	NA	NA	NA	NA	NA	NA	NA	NA	NA	NA	NA	NA	NA	NA	NA	NA	NA	NA	NA	NA	NA
hsa-miR-584-5p|MIMAT0003249	5.17485826862866	4.70041902086762	3.96811075604867	5.40398640224371	5.84810705812734	2.4399289299023	4.50479414089397	5.8189556257933	5.50117864034417	3.46613556733501	5.48979883974967	7.72571666155878	5.23067307333577	5.26990011174737	4.29772348651852	5.39289215355897	6.13675999586116	6.04764741996784	5.37435793595063	5.20980955035621	8.10020008222747	5.70557795440093	4.1341660571514	4.80667128333227	5.52961420788168	6.0921039436848	5.65123510993908	6.44359000999842	4.88023413498238	5.70941159974885	4.5930221640209	4.43911391596508	4.91148527611033	4.54635264545875	4.68186138093487	4.9440198464181	6.46204644392604	5.60653875991503	7.07944759861627	7.04203755349392	5.5471537513753	5.46890808232143	5.67585281650705	7.75557278650468	5.08425339345382
hsa-miR-585-3p|MIMAT0003250	NA	-2.43912855827956	-2.86477510985516	-0.502905794804667	NA	-0.66440469890404	-1.24115788525523	NA	-1.41768294055853	-3.39184934417964	NA	NA	NA	NA	-1.96906224726949	NA	-3.38483986976772	-0.599811857068703	NA	1.20451574369594	-0.603704579500209	NA	NA	-2.0135089678146	NA	NA	NA	0.309163378991108	NA	NA	-1.74682879530261	NA	NA	NA	NA	-2.58735936443677	NA	-2.78147423198854	NA	-2.77174649499089	NA	NA	-1.84574344651288	NA	NA
hsa-miR-548a-3p|MIMAT0003251	NA	NA	NA	NA	NA	NA	NA	NA	NA	-3.39184934417964	NA	NA	NA	NA	NA	NA	NA	NA	NA	NA	NA	NA	NA	NA	NA	NA	NA	NA	NA	NA	NA	NA	NA	NA	NA	NA	NA	NA	NA	NA	NA	NA	NA	NA	NA
hsa-miR-586|MIMAT0003252	NA	NA	NA	NA	NA	NA	NA	NA	NA	NA	NA	NA	NA	NA	NA	NA	NA	NA	NA	NA	NA	NA	NA	NA	NA	NA	NA	NA	NA	NA	NA	NA	NA	NA	NA	NA	NA	NA	NA	NA	NA	NA	NA	NA	NA
hsa-miR-587|MIMAT0003253	NA	NA	NA	NA	NA	NA	NA	NA	NA	NA	NA	NA	NA	NA	NA	NA	NA	NA	NA	NA	NA	NA	NA	NA	NA	NA	NA	NA	NA	NA	NA	NA	NA	NA	NA	NA	NA	NA	NA	NA	NA	NA	NA	NA	NA
hsa-miR-548b-5p|MIMAT0004798	NA	NA	NA	NA	NA	NA	NA	-1.65677639958902	NA	NA	-0.985933274888856	NA	NA	-1.58185107969957	NA	-2.40152045085577	-3.38483986976772	NA	NA	NA	NA	NA	NA	NA	NA	NA	NA	NA	NA	NA	NA	NA	NA	NA	NA	NA	NA	NA	NA	NA	NA	NA	NA	NA	NA
hsa-miR-548b-3p|MIMAT0003254	-2.08253005332081	-2.43912855827956	-2.86477510985516	-1.08786522894041	-1.20717462602775	NA	NA	-1.65677639958902	0.167278275412797	-3.39184934417964	-0.985933274888856	-0.631835111329996	-0.393819328470814	2.37234732040881	-0.384099746548338	2.45645739008106	-1.06291177488036	-2.5998118570687	0.78939540044931	NA	0.396296516668916	-2.10820132927794	-2.78470161683252	NA	-0.798310941119517	-1.48909477722073	0.942889791818794	-1.69083778542248	-2.08555181522653	1.54752386222768	NA	-1.27512973950308	2.8758614334913	NA	-0.766600281502381	-2.58735936443677	-2.38344656900942	-1.19651503770976	NA	NA	-2.6912523763913	-2.2590120139294	-2.84574344651288	-2.08047837634621	1.61859012284209
hsa-miR-588|MIMAT0003255	NA	NA	NA	NA	NA	NA	NA	NA	NA	NA	NA	NA	NA	NA	NA	NA	NA	NA	NA	NA	-1.60370457950021	NA	NA	-2.0135089678146	NA	NA	NA	NA	NA	NA	NA	NA	-1.44606548214831	NA	NA	NA	NA	-2.78147423198854	NA	NA	NA	NA	NA	NA	NA
hsa-miR-589-5p|MIMAT0004799	4.62482954655142	5.66415543773583	4.42062273028689	5.94555625100967	5.95773155785375	3.50551699974324	4.94206159222029	6.59588764579484	6.75724110155203	5.09197036697507	5.26199288505198	6.5873331840812	5.07650218827494	5.16634391922512	5.60836569359112	5.57575626630072	6.32251870349775	6.11786543849271	5.46182074242081	5.07705435935168	6.39629649954128	5.41535869985901	4.23767070811431	5.09501679749315	5.42407976652107	4.85963148874508	5.23356737452167	6.07071490656331	5.90880337458669	5.24796361833348	5.90422388354221	6.51277093978462	6.89378333178281	5.66518888272234	5.12417177941814	5.39563198264072	5.41097231520721	4.38844663639962	5.91032029819129	5.85030820023821	5.26875094027701	4.83901971618736	4.34900923110925	5.67440991679652	5.24864021855153
hsa-miR-589-3p|MIMAT0003256	-0.497567552599651	0.56086948573462	0.135220949297258	0.912133237767699	1.11475280266609	-1.40137181743624	0.173878335137848	1.51314708552617	1.38967032967766	0.415509904552593	0.0140667251111436	0.95312738939116	0.606181619283634	-0.259920393557986	0.352865847617869	0.598476690659164	0.0745917488695738	0.207543064988901	0.204433734451806	-2.88294334151746	0.981258652000456	-2.10820132927794	0.0226575658747713	0.986491760318942	1.07615612402701	-0.489094777220727	0.942889791818794	-0.105873732150083	0.236378728993734	0.225595767340318	1.25317180994395	-0.690169566529757	0.138897018572841	0.501957785187011	0.970366294420951	0.219993080314881	-0.0615154630372535	-0.196515037709759	0.581196965765753	0.0356112421088946	-1.10628987567015	-0.674049513208248	-0.260784402859882	0.504485141348205	-0.773728239574511
hsa-miR-550a-5p|MIMAT0004800	-1.49756755259965	0.145833942441594	0.305147556271368	2.08205806884414	-2.20717462602775	-0.986333365428463	0.758841262154384	0.665151695298347	1.38967143089214	-0.391849344179638	0.0140652964137654	0.368164888670004	-0.393817432962541	0.418152159367481	0.0309377527305064	-0.0795954050193465	1.259016320007	0.400188142931297	0.526360326836247	0.117053997957381	2.56622115272161	1.06172159875321	0.0226547254430428	0.793846786395593	1.20168843164563	-0.489094777220727	1.3054598712035	2.11651813470397	1.08437522732682	0.810558268061475	2.77673358179551	1.72486807823344	0.138895708297502	2.16492269067196	0.818364673610336	0.219994318968388	1.52344603398967	-0.196515037709759	0.959708589019483	0.813218468892475	0.63067571849606	1.44142770421169	-0.145308515083751	0.504484124374949	-0.188765738853355
hsa-miR-550a-3p|MIMAT0003257	-1.08253005332081	-1.43912855827956	0.305146388612056	1.99959634959908	0.377787874693409	-0.986333365428463	0.49580566269321	1.34322246316579	-0.417682940558534	0.695617951000268	1.01406601076263	2.69009298355737	0.828574717587164	-0.581848920320729	0.352865847617869	-0.401520450855769	1.90056196268456	1.48765149863604	0.789393731000558	0.438981560739123	2.64422339548837	1.06172159875321	0.215300868547992	0.571454503751197	0.616725617306948	0.318258987742286	0.135534869761189	1.30916396119755	2.00191282700429	1.22559576734032	2.42309674413666	1.81233145863153	0.553933535145292	1.82388588007437	1.55532928602042	-0.26543126954941	1.20151844094951	0.918962434052167	1.50719638432198	1.55018406305868	-0.691252376391303	1.06291608095796	-0.523817425865419	-0.0804783763462067	0.926711478566581
hsa-miR-590-5p|MIMAT0003258	2.40932358616658	3.5832355233275	2.56148549015461	4.88941318560559	3.52074507435408	2.56825299293594	3.78858716136358	3.86678417199547	4.97463287628277	3.34962146344416	4.01406538570739	3.95312720309897	3.90386285866022	3.98800666527993	3.49036847276693	3.66456555402624	3.37004707424798	2.52947190950977	4.61382387514698	2.57648392353066	5.2164754693835	4.30118763102095	2.80026523330172	4.47834542297445	4.02611581183116	2.2113430717671	3.56179999097446	3.76859531519558	4.12390320535754	3.81055826806147	3.29756620441439	3.30983072443893	3.8758614334913	3.44055799351625	3.798185547193	2.80495599392066	3.1401183326741	2.77311060974737	3.79842747460784	3.13514689220115	2.7681807246527	3.38484376150592	2.86849812021753	4.0069852725006	3.65253708874378
hsa-miR-590-3p|MIMAT0004801	0.724824868736797	1.80879566087059	1.38314853187861	2.61257307385438	2.0407525367877	1.18358941297868	1.81773334833667	2.04366156894371	4.71159847962576	1.69561750560793	2.18399077408869	0.95312738939116	1.34314797165295	2.81046839963054	2.42325436860238	2.99079370508245	2.10701289167332	2.04404503236397	3.59675032250691	2.07124884934451	3.20365128213098	3.10125018709255	0.915741924969127	2.74137982880825	2.52361539750957	0.680828424296266	2.99351640833632	3.21605436273728	1.82134041327105	2.39552076878263	1.95361204021654	2.47975595219017	3.36128831681621	1.50195829456493	2.81836324188243	1.58256371021239	1.42391157921023	0.677953779620337	2.50719638432198	2.43770953351594	1.55667660831308	1.44142770421169	1.67781445124588	2.00698518276768	2.39619758405095
hsa-miR-591|MIMAT0003259	NA	NA	NA	NA	NA	NA	NA	NA	NA	NA	NA	NA	NA	NA	NA	NA	NA	NA	NA	NA	NA	NA	NA	NA	NA	NA	NA	NA	NA	NA	NA	NA	NA	NA	NA	NA	NA	NA	NA	NA	NA	NA	NA	NA	NA
hsa-miR-592|MIMAT0003260	-1.08253005332081	2.14583035646557	-0.542851218538935	4.04141629852103	5.25225623557143	3.299066141819	6.96666753222035	3.43068510372571	-0.417682940558534	7.13563165291612	1.01406529641377	7.60656939852258	3.0656136687182	0.418149999990253	0.352865847617869	1.29891574914905	3.024550534488	0.207543064988901	0.204432482366147	2.07124884934451	1.39629651666892	2.1397238925005	0.800265854645382	5.70759154602634	2.47470599601366	1.09586569858429	3.08973151907237	0.631091240995828	2.77243086909659	4.1563331049032	4.40291934715385	3.7692624753347	0.138895708297502	-0.0830036967784822	0.81836303734976	0.73456612927923	4.18641197116734	3.02587661605863	2.65158606405944	3.1108993932694	1.00918805851806	-0.259012013929404	-0.386315599223076	3.20492446834582	2.58382424632157
hsa-miR-593-5p|MIMAT0003261	NA	NA	NA	NA	NA	NA	NA	NA	NA	NA	NA	NA	NA	NA	NA	NA	NA	NA	NA	NA	NA	NA	NA	NA	NA	NA	NA	NA	NA	NA	NA	NA	NA	NA	NA	NA	NA	NA	NA	NA	NA	NA	NA	NA	NA
hsa-miR-593-3p|MIMAT0004802	NA	NA	NA	NA	NA	NA	NA	NA	NA	NA	NA	NA	NA	NA	NA	NA	NA	NA	NA	NA	NA	NA	NA	NA	NA	NA	NA	NA	NA	NA	NA	NA	NA	NA	NA	NA	NA	NA	NA	NA	NA	NA	NA	NA	NA
hsa-miR-595|MIMAT0003263	NA	NA	NA	NA	NA	NA	NA	NA	NA	NA	NA	NA	NA	NA	NA	NA	NA	NA	NA	NA	NA	NA	NA	NA	NA	NA	NA	NA	NA	NA	NA	NA	NA	NA	NA	NA	NA	NA	NA	NA	NA	NA	NA	NA	NA
hsa-miR-596|MIMAT0003264	NA	NA	NA	NA	NA	NA	NA	NA	NA	NA	NA	NA	NA	NA	NA	NA	NA	NA	NA	NA	NA	NA	NA	NA	NA	NA	NA	NA	NA	NA	NA	NA	NA	NA	NA	NA	NA	NA	NA	NA	NA	NA	NA	NA	NA
hsa-miR-597-5p|MIMAT0003265	NA	NA	NA	NA	-2.20717462602775	-2.98633050724543	NA	NA	NA	-3.39184934417964	NA	NA	NA	NA	NA	NA	-3.38483986976772	NA	NA	-2.88294334151746	NA	NA	-2.78470161683252	NA	NA	NA	NA	NA	NA	NA	NA	NA	NA	NA	NA	NA	NA	NA	NA	NA	NA	NA	NA	NA	NA
hsa-miR-598-3p|MIMAT0003266	4.0155024756634	5.78968632456148	4.40200713173275	3.55598961153754	6.10116364755117	4.45660746934821	5.69743917911936	3.25011267969238	5.10587738163166	5.25201082072789	4.18399037722819	4.69009276000674	5.04358751482413	3.79319058907597	5.29772341316333	3.6208440785791	7.07254044123265	5.08668951921392	4.15862923704161	5.07705431661223	2.5662213963147	4.7246867751661	4.62469388070614	5.74137985577614	4.28915020290648	3.85075342573858	3.59496684657986	4.41768808890254	6.20446875328236	3.74915772339733	5.49157690600363	3.83339279435323	5.97178583739873	5.18378252638226	5.14828429815553	4.38991828819952	5.07598800083321	5.4759093641934	5.92460455054869	3.94250193155206	5.28602898917774	6.27626297180518	3.62185800196291	5.2141431887151	3.99445671881149
hsa-miR-599|MIMAT0003267	NA	NA	NA	NA	NA	NA	NA	NA	NA	NA	NA	NA	NA	NA	NA	NA	NA	NA	NA	NA	NA	NA	-2.78470161683252	NA	NA	NA	NA	NA	NA	NA	NA	NA	NA	NA	NA	NA	NA	NA	NA	NA	NA	NA	NA	NA	NA
hsa-miR-548a-5p|MIMAT0004803	NA	NA	NA	NA	-2.20717462602775	NA	-2.82612038597639	NA	NA	NA	NA	NA	NA	NA	NA	NA	NA	NA	-1.7955687697206	NA	-1.60370457950021	NA	NA	NA	NA	NA	NA	NA	NA	NA	NA	NA	NA	NA	NA	NA	NA	NA	NA	NA	NA	NA	NA	NA	-2.77372823957451
hsa-miR-600|MIMAT0003268	NA	NA	NA	NA	NA	NA	NA	NA	NA	NA	NA	NA	NA	NA	NA	NA	NA	NA	NA	NA	NA	NA	NA	NA	NA	NA	NA	NA	NA	NA	NA	NA	NA	NA	NA	NA	NA	NA	NA	NA	NA	NA	NA	NA	-2.77372823957451
hsa-miR-601|MIMAT0003269	NA	NA	NA	NA	NA	NA	NA	NA	NA	NA	NA	NA	NA	NA	NA	NA	NA	NA	NA	NA	NA	NA	NA	NA	NA	NA	NA	NA	NA	NA	NA	NA	NA	NA	NA	NA	NA	NA	NA	NA	NA	NA	NA	NA	NA
hsa-miR-602|MIMAT0003270	NA	NA	NA	NA	NA	NA	NA	NA	NA	NA	NA	NA	NA	NA	NA	NA	NA	NA	NA	NA	NA	NA	NA	NA	NA	NA	NA	NA	NA	NA	NA	NA	NA	NA	NA	NA	NA	NA	NA	NA	NA	NA	NA	NA	NA
hsa-miR-603|MIMAT0003271	NA	NA	NA	NA	NA	NA	NA	NA	NA	NA	NA	NA	NA	-2.58184676094512	NA	NA	NA	NA	NA	NA	NA	-2.10820132927794	-2.78470161683252	NA	-2.38327344184067	NA	NA	NA	NA	NA	NA	NA	NA	NA	NA	-2.58735936443677	NA	NA	NA	NA	NA	NA	NA	NA	-1.77372823957451
hsa-miR-604|MIMAT0003272	NA	NA	NA	NA	NA	NA	NA	NA	NA	NA	NA	NA	NA	NA	NA	NA	NA	NA	NA	NA	NA	NA	NA	NA	NA	NA	NA	NA	NA	NA	NA	NA	NA	NA	NA	NA	NA	NA	NA	NA	NA	NA	NA	NA	NA
hsa-miR-605-5p|MIMAT0003273	-3.08253005332081	-2.43912855827956	NA	-2.08786829552582	-2.20717462602775	-2.98633050724543	-1.82612038597639	NA	-1.41768294055853	NA	NA	NA	-0.393817432962541	-2.58184676094512	-0.969062247269494	NA	-1.79987736904657	-1.01484935634755	-1.7955687697206	-2.88294334151746	NA	NA	-1.78469664607577	NA	-1.38327344184067	-1.48909477722073	-0.864465130238811	-1.69083778542248	NA	NA	-1.74682879530261	-2.27512973950309	NA	NA	-2.35156032783198	NA	-2.38344656900942	-1.78147423198854	-2.74073112912161	NA	-2.6912523763913	NA	NA	-0.0804783763462067	NA
hsa-miR-606|MIMAT0003274	NA	NA	NA	NA	NA	NA	NA	NA	NA	NA	NA	NA	NA	-2.58184676094512	NA	NA	NA	NA	NA	NA	NA	NA	NA	NA	NA	NA	NA	NA	NA	NA	NA	NA	NA	NA	NA	NA	NA	NA	NA	NA	NA	NA	NA	NA	NA
hsa-miR-607|MIMAT0003275	NA	NA	NA	NA	NA	-2.98633050724543	NA	NA	NA	NA	NA	-0.631835111329996	NA	-1.58185107969957	NA	NA	NA	NA	NA	-2.88294334151746	-1.60370457950021	NA	NA	NA	-2.38327344184067	NA	NA	NA	NA	0.225595767340318	NA	NA	NA	-2.08300675304763	NA	NA	NA	NA	NA	NA	NA	-2.2590120139294	-3.84574344651288	NA	-2.77372823957451
hsa-miR-608|MIMAT0003276	NA	NA	NA	NA	NA	NA	NA	NA	NA	NA	NA	NA	NA	NA	NA	NA	NA	NA	NA	NA	NA	NA	NA	NA	NA	NA	NA	NA	NA	NA	NA	NA	NA	NA	NA	NA	NA	NA	NA	NA	NA	NA	NA	NA	NA
hsa-miR-609|MIMAT0003277	NA	NA	NA	NA	NA	NA	NA	NA	NA	NA	NA	NA	-0.978778985930494	NA	NA	NA	NA	NA	NA	NA	-1.60370457950021	NA	NA	NA	NA	NA	NA	NA	NA	NA	NA	NA	NA	NA	NA	NA	NA	NA	NA	NA	NA	NA	NA	NA	NA
hsa-miR-610|MIMAT0003278	NA	NA	NA	NA	NA	NA	NA	NA	NA	NA	NA	NA	NA	NA	NA	NA	NA	NA	NA	NA	NA	NA	NA	NA	NA	NA	NA	NA	NA	NA	NA	NA	NA	NA	NA	NA	NA	NA	NA	NA	NA	NA	NA	NA	NA
hsa-miR-611|MIMAT0003279	NA	NA	NA	NA	NA	NA	NA	NA	NA	NA	NA	NA	NA	NA	NA	NA	NA	NA	NA	NA	NA	NA	NA	NA	NA	NA	NA	NA	NA	NA	NA	NA	NA	NA	NA	NA	NA	NA	NA	NA	NA	NA	NA	NA	NA
hsa-miR-612|MIMAT0003280	NA	NA	NA	NA	NA	NA	-2.82612038597639	NA	NA	NA	NA	NA	NA	NA	NA	NA	NA	NA	NA	NA	NA	NA	NA	NA	NA	NA	NA	NA	NA	NA	NA	NA	NA	NA	NA	NA	NA	NA	NA	NA	NA	NA	NA	NA	-2.77372823957451
hsa-miR-613|MIMAT0003281	NA	NA	NA	NA	NA	NA	NA	NA	NA	NA	NA	NA	NA	NA	NA	NA	NA	NA	NA	NA	NA	NA	NA	NA	NA	NA	NA	NA	NA	NA	NA	NA	NA	NA	NA	NA	NA	NA	NA	NA	NA	NA	NA	NA	NA
hsa-miR-614|MIMAT0003282	NA	NA	NA	NA	NA	NA	NA	NA	NA	NA	NA	NA	NA	NA	NA	NA	NA	NA	NA	NA	NA	NA	NA	NA	NA	NA	NA	NA	NA	NA	NA	NA	NA	NA	NA	NA	NA	NA	NA	NA	NA	NA	NA	NA	NA
hsa-miR-615-5p|MIMAT0004804	NA	NA	NA	-2.08786829552582	NA	NA	NA	NA	NA	NA	NA	NA	NA	NA	NA	NA	NA	NA	NA	NA	NA	NA	NA	NA	NA	NA	NA	NA	NA	NA	NA	NA	NA	NA	NA	NA	-2.38344656900942	NA	NA	NA	NA	NA	NA	NA	NA
hsa-miR-615-3p|MIMAT0003283	-1.49756755259965	NA	-0.542851218538935	3.46672212206858	NA	-0.986336223617162	-1.24115788525523	NA	0.167278275412797	-3.39184934417964	NA	NA	NA	NA	NA	NA	3.43533869255927	-1.5998118570687	NA	-1.88294334151746	3.04015248720988	NA	-2.78470161683252	2.57145498917327	NA	-2.48909477722073	NA	NA	NA	NA	NA	NA	NA	NA	-0.0296337055790493	NA	1.20151844094951	0.388446360862256	2.4291936044567	-2.77174649499089	-1.10628987567015	NA	NA	-2.08047837634621	NA
hsa-miR-616-5p|MIMAT0003284	-2.08253005332081	2.02029950401791	0.835660566390835	1.9121332377677	1.79282495760134	0.183589412978684	0.343802341890451	2.04366226878731	1.38967032967766	-0.806881795672679	2.92095598726882	1.95312738939116	0.343147403000655	1.66607847947142	1.73137660189494	2.55267241705377	1.20012200303718	1.30707932158813	2.01178794103202	0.438981560739124	1.20365096893985	2.28411402008965	0.537230454661608	2.89338298697623	2.42407986732676	-0.904132276499571	2.59496696597363	-0.690835456596247	1.49941272660567	3.03295068939792	1.95361166775729	2.72486829645993	3.98019808416457	1.91699592118823	1.81836344641508	-0.265434737778932	1.52344653583687	0.388447463011398	1.90312506065312	1.03561124210889	-0.691252376391303	2.26454994212761	-1.03839148765605	0.241449718541156	1.61858965302325
hsa-miR-616-3p|MIMAT0004805	-2.08253005332081	-0.43913051426538	-1.279812609134	0.497096249586333	0.600180296029857	-1.40136800652427	-0.50419433730679	1.34322246316579	0.582316095879204	-1.39184555833863	1.59902827336754	NA	-0.97878182919197	1.50561353986299	-0.969062247269494	1.9907940680651	-0.0629117748803609	0.207543064988901	0.204432482366147	0.117052667692963	-0.603704579500209	1.69915181557028	-0.784699131452008	-0.0135089678146013	1.31716511832817	-2.48909477722073	2.22299802003076	-0.105873732150083	0.721805731116166	1.81055826806147	1.06052681846533	0.0467969587360309	2.55393328946859	-1.08300369677848	-0.351560327831976	-0.265433003663129	1.20151844094951	-0.459548120965694	-0.418803034234247	0.687687810732244	-1.6912523763913	0.062916080957958	-1.03839148765605	0.919521623653793	1.68570382752638
hsa-miR-548c-5p|MIMAT0004806	NA	NA	NA	NA	NA	NA	NA	NA	NA	NA	NA	NA	NA	NA	NA	NA	NA	NA	NA	NA	NA	NA	NA	NA	NA	NA	NA	NA	NA	NA	NA	NA	NA	NA	NA	NA	NA	NA	NA	NA	NA	NA	NA	NA	NA
hsa-miR-548c-3p|MIMAT0003285	NA	NA	NA	NA	NA	NA	NA	NA	NA	NA	NA	NA	NA	NA	NA	NA	NA	NA	NA	NA	NA	NA	NA	NA	NA	NA	NA	NA	NA	NA	NA	NA	NA	NA	NA	NA	NA	NA	NA	NA	NA	NA	NA	NA	NA
hsa-miR-617|MIMAT0003286	NA	NA	NA	NA	NA	NA	NA	NA	NA	NA	NA	NA	NA	NA	NA	NA	NA	NA	NA	NA	NA	NA	NA	NA	NA	NA	NA	NA	NA	NA	NA	NA	NA	NA	NA	NA	NA	NA	NA	NA	NA	NA	NA	NA	NA
hsa-miR-618|MIMAT0003287	-1.49756755259965	-1.43913247025385	NA	-0.0878667622323014	-2.20717462602775	-2.98633050724543	-0.826120385976391	0.343221325919695	0.904243612628901	2.00047204471803	1.59902779713492	1.95312701680676	-0.978778985930494	2.37234732040881	0.0309377527305064	2.50536684161394	-1.38483986976772	-1.5998118570687	2.90487248945018	-1.88294334151746	1.71822439232252	1.79868760760188	-0.784696646075775	-0.428546467093445	2.47470599601366	-0.489094777220727	1.94289016705642	0.894126267849917	2.23637842282735	1.81055826806147	2.25317211256713	NA	-1.44606548214831	-0.498042214812989	1.10786995204681	-2.58735936443677	-2.38344656900942	-0.781476711819611	0.844231371599547	-1.18678071005439	-1.6912523763913	-1.2590120139294	-0.523819500108302	0.919522386383802	1.98115999341844
hsa-miR-619-3p|MIMAT0003288	NA	NA	NA	NA	NA	NA	NA	NA	NA	NA	NA	NA	NA	NA	NA	NA	NA	NA	NA	NA	NA	NA	NA	NA	NA	NA	NA	NA	NA	NA	NA	NA	NA	NA	NA	NA	NA	NA	NA	NA	NA	NA	NA	NA	NA
hsa-miR-620|MIMAT0003289	NA	NA	NA	NA	NA	NA	NA	NA	NA	NA	NA	NA	NA	NA	NA	NA	NA	NA	NA	NA	NA	NA	NA	NA	NA	NA	NA	NA	NA	NA	NA	NA	NA	NA	NA	NA	NA	NA	NA	NA	NA	NA	NA	NA	NA
hsa-miR-621|MIMAT0003290	NA	NA	NA	NA	NA	NA	NA	NA	NA	NA	NA	NA	NA	NA	NA	NA	NA	NA	NA	NA	NA	NA	NA	NA	NA	NA	NA	NA	NA	NA	NA	NA	NA	NA	NA	NA	NA	NA	NA	NA	NA	NA	NA	NA	NA
hsa-miR-622|MIMAT0003291	NA	-2.43912855827956	NA	NA	NA	NA	NA	NA	NA	NA	NA	NA	NA	NA	NA	NA	NA	NA	NA	NA	NA	NA	NA	NA	NA	NA	NA	NA	NA	NA	NA	NA	NA	NA	NA	NA	NA	NA	NA	NA	NA	NA	NA	NA	NA
hsa-miR-623|MIMAT0003292	NA	NA	NA	NA	NA	NA	NA	NA	NA	NA	NA	NA	NA	NA	NA	NA	NA	NA	NA	NA	NA	NA	NA	NA	NA	NA	NA	NA	NA	NA	NA	NA	NA	NA	NA	NA	NA	NA	NA	NA	NA	NA	NA	NA	NA
hsa-miR-624-5p|MIMAT0003293	-1.08253005332081	-0.439128558279562	-0.864777737085683	1.23406225263039	-1.20717462602775	-0.986336223617162	-0.241161295619783	0.343223600410985	1.1672782754128	-0.069916706284258	2.01406565358824	1.36816488867	-0.393819328470814	2.70355302169826	-0.969062247269494	2.12203819101514	-1.06291177488036	0.722117112391042	2.11132349533667	0.438981560739124	1.71822439232252	2.06172228989059	0.0226575658747713	-0.428546467093445	1.78664988697476	0.832831697733949	1.45746296464855	1.30916279678443	0.914450481023187	0.547523862227681	-0.16186629458145	0.532223187342324	-0.446065482148315	0.501957785187011	0.455793542344042	0.219993080314881	0.938484536962746	0.918960907999555	-0.418803034234247	0.550184555690618	-0.106289875670146	0.910912987512908	-1.26078440285988	0.241449718541156	2.03362738721153
hsa-miR-624-3p|MIMAT0004807	-3.08253005332081	NA	NA	NA	NA	NA	NA	NA	NA	NA	NA	NA	NA	NA	NA	-2.40152045085577	NA	NA	NA	-2.88294334151746	NA	NA	NA	NA	NA	NA	NA	NA	NA	NA	NA	-2.27512973950309	NA	NA	NA	NA	NA	NA	NA	NA	NA	NA	NA	NA	NA
hsa-miR-625-5p|MIMAT0003294	-0.0825300533208068	-0.439132470253848	0.720183012145796	2.77011460300036	1.11475280266609	-0.986333365428463	0.173877056250953	0.928185342968776	3.48920598487499	-0.39184555833863	-0.985933274888856	0.368164888670004	-0.393817432962541	-0.259922121060285	1.83829186788123	0.183439508990052	0.522050725840795	1.30707932158813	-0.21060459955069	-0.561017375049833	2.39629651666892	1.21372489953951	-1.19973580227163	-1.0135089678146	0.616725617306948	0.0958677235004287	-0.279502629517654	1.63109170676107	0.721804856355001	-0.774404232659682	0.83813370541855	1.63175899390747	1.72385820901866	0.72435078866964	0.233400945693921	-0.587361532079246	-0.0615154630372535	0.918961671026063	0.259268870878391	-0.186780710054391	-0.36932428150394	0.740987986070595	-0.845746039313223	1.82641343963013	-0.188765738853355
hsa-miR-625-3p|MIMAT0004808	7.17956527969708	5.66415549463735	7.42984131330723	8.30122678597026	6.2022155655407	4.10112678576208	5.53582105544354	5.69195035924906	8.96709917500997	5.29815262391428	4.50591848798998	5.57761804283214	4.63592958161903	4.87758264923981	7.12104927073185	4.48111943317764	4.72890169783421	5.74003900959112	4.84828912289183	5.77526387385497	8.66775953393087	5.4767592600174	5.28676532842982	5.65891768765243	5.12451946139931	4.92875589037337	5.11281525188485	6.82486350360622	5.4301497630212	3.35487878428528	5.23045208890601	5.43911394921863	4.57630112139525	5.4168419032521	6.60263473556616	4.95953282348327	6.27119246686752	6.04507006034336	5.23654856478059	4.87211255205161	4.22761217002176	5.93081219020799	4.93888725996886	6.98561161099366	4.20355223204755
hsa-miR-626|MIMAT0003295	NA	NA	NA	NA	NA	NA	NA	NA	NA	NA	NA	NA	NA	NA	NA	NA	NA	NA	NA	NA	NA	NA	NA	NA	NA	NA	NA	NA	NA	NA	NA	NA	NA	NA	NA	NA	NA	NA	NA	NA	NA	NA	NA	NA	NA
hsa-miR-627-5p|MIMAT0003296	0.376901565316491	0.730793835181071	0.594653642712238	1.08205806884414	0.377786764370696	-0.986336223617162	0.633309372463061	-0.071815415194987	0.582316095879204	0.193115680436628	0.599028273367538	0.95312738939116	-0.97878182919197	-0.259922121060285	-1.96906224726949	1.29891633550569	-0.799877369046567	1.20754368968351	0.526361328505035	-0.882946002042619	1.85572783635108	0.699151815570275	-0.784699131452008	0.986492488452117	-0.383275323546045	NA	-0.279502629517654	0.631091240995828	NA	-1.77440423265968	-0.746828795302606	-2.27512973950309	0.138895708297502	-0.498042214812989	0.233400945693921	-1.00239975390631	0.201518440949509	-1.19651503770976	-1.15576862840045	-0.771744031828681	-2.6912523763913	0.5483429081282	-0.386313713548097	0.726877417402803	-0.188765738853355
hsa-miR-628-5p|MIMAT0004809	1.91747032858698	2.36822273123084	2.38314797877636	2.43569526048961	2.83721868582336	1.82101910675346	2.03185884517052	1.92818496388694	3.28275514693835	2.25201078286953	2.47349730469594	2.82759630407946	1.72165920122435	3.00311340045231	2.42325436860238	2.50536684161394	2.2298696667967	1.98515137246281	3.01178794103202	1.87194021912551	2.91985813910933	2.69915181557028	2.42475604783029	3.57145486781777	2.93865295951196	0.510904210321557	3.08973151907237	2.00960336584289	1.61488978701716	3.51099798620257	3.86788203697011	2.85415148175103	3.59832744605079	2.50195829456493	3.17200050774245	2.05649474440124	2.26041233074191	1.02587573040266	4.15408647211736	2.18245267584203	1.11610321123685	3.647878121302	1.15425266428486	2.37895379700386	2.89869768276161
hsa-miR-628-3p|MIMAT0003297	-0.0825300533208068	0.88279640702922	1.30514638861206	-1.08786829552582	-0.622212125306591	1.10112829892133	-0.50419433730679	-0.656776399589015	-0.417682940558534	-0.069916706284258	-0.985933274888856	-0.631835111329996	NA	0.588075361328995	0.0309377527305064	-0.401522356511851	-0.384839869767723	-0.599811857068703	0.204432482366147	-0.561019503472705	-0.0187420787790525	0.21372552156308	1.53723045466161	1.68693209457274	-2.38327344184067	-1.48909477722073	-1.86446513023881	-1.69083778542248	-0.500587273394333	NA	0.253171204697394	-2.27512973950309	0.553933535145292	0.238923786855569	1.89636641054104	-1.58735936443677	-0.383444687080682	-0.196513384487625	0.0666237929359952	0.228257199750845	-0.691252376391303	-0.674049513208248	-0.523819500108302	-1.08047837634621	-1.18876573885335
hsa-miR-629-5p|MIMAT0004810	6.15826172324293	5.14583019346645	5.51892487207049	7.64345230126249	4.75860896579307	4.27105188060933	5.77750359191958	6.37664523030908	7.74218677231385	5.41550960033371	5.37161744041702	6.12305214244388	5.59107533545122	5.50030011306496	6.47388033964961	6.23147150139019	5.83432809441965	5.83064155649425	6.44760689973029	5.72067879039835	8.23234686453113	5.96861235562714	5.1341662214737	5.69385144633849	6.17896725001681	5.54432636943182	5.46645213942811	5.57595017676421	5.78481460528294	5.55651267610967	5.73698795576604	6.37950438292892	5.98019808416457	5.50945300794249	5.83826297023098	5.18742539884898	6.26041257539233	5.73422137838423	5.31996458586698	5.93215993737546	4.05021609043737	6.07190447815472	4.96482403050609	6.79910565057104	5.76543118154041
hsa-miR-629-3p|MIMAT0003298	0.617909664820285	0.88279640702922	0.942576059014515	3.86632949869352	2.96274963519952	0.335593014546359	1.49580566269321	1.34322189454285	4.25474088994246	0.930081779381326	1.01406601076263	2.17551949136956	0.606181619283634	0.225505693254381	2.49036860113852	1.68593925166556	0.785085131674589	2.48765149863604	2.0117875832932	2.64061421888665	3.60574985267168	1.47675909803205	1.12219295538276	2.63034838697362	1.31716511832817	1.21134369481846	0.942889791818794	1.768595526907	0.49941170605051	1.03295068939792	2.16006276870028	1.97279593624516	1.36128831681621	1.08692028590817	3.00599041965924	1.1130776858362	2.26041263185011	-0.459550104832936	1.34673171212873	2.47618387053487	1.47867366038284	1.44142770421169	-0.0383914876560477	3.00698518276768	1.13316301378056
hsa-miR-630|MIMAT0003299	NA	NA	NA	NA	-2.20717462602775	NA	NA	NA	NA	NA	NA	NA	NA	NA	NA	NA	NA	NA	NA	NA	NA	NA	NA	-2.0135089678146	NA	NA	NA	NA	NA	NA	NA	NA	NA	NA	NA	NA	NA	NA	NA	NA	NA	NA	NA	NA	NA
hsa-miR-631|MIMAT0003300	NA	NA	NA	NA	NA	NA	NA	NA	NA	NA	NA	NA	NA	NA	NA	NA	NA	NA	NA	NA	NA	NA	NA	NA	-2.38327344184067	NA	NA	NA	NA	NA	NA	NA	NA	NA	NA	NA	NA	NA	NA	NA	NA	NA	NA	NA	NA
hsa-miR-33b-5p|MIMAT0003301	NA	0.368223010657875	0.135220949297258	2.66702079671979	0.377787874693409	0.335593014546359	1.17387769569454	0.343222463165788	1.58231561409783	1.96570709264156	3.59902803525125	1.95312738939116	2.54478185754661	3.22550600173687	0.352865847617869	3.82729498731888	2.25901571720741	1.64811657697738	3.819142709773	2.02394299724845	2.98125883469528	3.41535859844209	-0.199735802271632	1.89338279280741	3.70418773908152	1.2113430717671	2.59496672718608	2.11651846739343	0.499412726605667	3.74915772339733	3.11115320161223	2.58284932921276	4.07749527757039	-2.08300675304763	2.29229468383532	2.05649439757816	2.93848453696275	2.466449104895	0.718700489515688	0.0356112421088946	1.76818051288041	1.5483429081282	-0.675820749781753	0.504485141348205	2.43572592601642
hsa-miR-33b-3p|MIMAT0004811	NA	NA	NA	NA	NA	NA	NA	NA	-1.41768294055853	-2.39184177250756	-0.985933274888856	NA	-1.97878182919197	-1.58184676094512	0.352865847617869	-2.40152045085577	-1.79987736904657	-1.5998118570687	NA	-2.88294334151746	-1.60370457950021	-0.52324090196795	NA	NA	-2.38327344184067	NA	-1.86446513023881	NA	NA	-0.774404232659682	-1.74682879530261	-1.27513323112624	-0.446065482148315	NA	NA	-1.58736369972498	-0.383442805154396	-0.781479191654943	NA	-2.77174649499089	NA	-2.2590120139294	-2.84574344651288	-1.08047837634621	-0.773728239574511
hsa-miR-632|MIMAT0003302	NA	NA	-1.86477510985516	-2.08786829552582	-0.207174626027748	NA	-1.82612038597639	NA	NA	-3.39184934417964	NA	-0.631835111329996	0.343148540305022	NA	-1.96906224726949	-2.40152045085577	-3.38483986976772	NA	0.789393731000558	-1.88294334151746	NA	-2.10820132927794	-2.78470161683252	NA	-2.38327344184067	-2.48909477722073	-1.86446513023881	NA	-1.08555181522653	NA	NA	NA	NA	-2.08300675304763	NA	-2.58735936443677	-1.38344656900942	NA	-0.740731129121609	-2.77174649499089	-1.6912523763913	-2.2590120139294	-2.84574344651288	NA	-1.18876573885335
hsa-miR-633|MIMAT0003303	NA	NA	NA	NA	NA	NA	NA	NA	NA	NA	NA	NA	NA	NA	NA	NA	NA	NA	NA	NA	NA	NA	NA	NA	NA	NA	NA	NA	NA	NA	NA	NA	NA	NA	NA	NA	NA	NA	NA	NA	NA	NA	NA	NA	NA
hsa-miR-634|MIMAT0003304	NA	NA	NA	NA	NA	NA	NA	NA	NA	NA	NA	NA	NA	NA	NA	NA	NA	NA	NA	NA	NA	NA	NA	NA	NA	NA	NA	NA	NA	NA	NA	NA	NA	NA	NA	NA	NA	NA	NA	NA	NA	NA	NA	NA	NA
hsa-miR-635|MIMAT0003305	NA	NA	NA	NA	NA	NA	NA	NA	NA	NA	NA	NA	NA	NA	NA	NA	NA	NA	NA	NA	NA	NA	NA	NA	NA	NA	NA	NA	NA	NA	NA	NA	NA	NA	NA	NA	NA	NA	NA	NA	NA	NA	NA	NA	NA
hsa-miR-636|MIMAT0003306	-3.08253005332081	-2.43912855827956	NA	NA	-2.20717462602775	NA	NA	-0.656778674080305	0.167278275412797	NA	NA	NA	NA	NA	NA	NA	-3.38483986976772	NA	-1.7955687697206	NA	NA	NA	NA	NA	-2.38327344184067	NA	NA	NA	NA	-1.77440423265968	NA	NA	NA	-2.08300675304763	NA	NA	NA	NA	-1.74073112912161	-1.77174649499089	-2.6912523763913	-2.2590120139294	NA	NA	NA
hsa-miR-637|MIMAT0003307	NA	NA	NA	NA	NA	NA	NA	NA	NA	NA	NA	NA	NA	NA	NA	NA	NA	NA	NA	NA	NA	NA	NA	NA	NA	NA	NA	NA	NA	NA	NA	NA	NA	NA	NA	NA	NA	NA	NA	NA	NA	NA	NA	NA	NA
hsa-miR-638|MIMAT0003308	NA	NA	NA	NA	NA	NA	NA	NA	NA	NA	NA	NA	NA	NA	NA	NA	NA	NA	NA	NA	NA	NA	NA	NA	NA	NA	NA	NA	NA	NA	NA	NA	NA	NA	NA	NA	NA	NA	NA	NA	NA	NA	NA	NA	NA
hsa-miR-639|MIMAT0003309	-1.49756755259965	NA	NA	-0.502905794804667	-1.20717462602775	NA	-1.82612038597639	-0.656778674080305	1.16727891778785	-2.39184934417964	0.5990292258323	NA	-0.97878182919197	NA	-0.969062247269494	-0.401520450855769	NA	-1.5998118570687	-0.795568769720598	NA	-1.60370457950021	-1.10820132927794	NA	NA	-0.798310941119517	-2.48909477722073	NA	0.894125491574507	0.914449715607022	NA	-1.74682879530261	NA	NA	-2.08300675304763	-1.35156032783198	NA	-0.798484068288266	-2.78147423198854	-1.74073112912161	-0.771744031828681	-2.6912523763913	NA	NA	NA	-2.77372823957451
hsa-miR-640|MIMAT0003310	NA	NA	NA	NA	NA	NA	NA	NA	NA	NA	NA	NA	NA	NA	NA	NA	NA	NA	NA	NA	NA	NA	NA	NA	NA	NA	NA	NA	NA	NA	NA	NA	NA	NA	NA	NA	NA	NA	NA	NA	NA	NA	NA	NA	NA
hsa-miR-641|MIMAT0003311	NA	NA	-2.86477510985516	-2.08786829552582	NA	NA	-2.82612038597639	-1.65677639958902	NA	-3.39184934417964	NA	NA	NA	NA	NA	NA	-3.38483986976772	NA	NA	NA	NA	NA	NA	NA	NA	NA	NA	NA	NA	NA	NA	NA	NA	-2.08300675304763	NA	NA	NA	NA	NA	NA	NA	NA	-3.84574344651288	-2.08047837634621	-2.77372823957451
hsa-miR-642a-5p|MIMAT0003312	0.617909664820285	2.69015065846196	2.91658020902666	-0.502903750413667	1.11475280266609	0.714104813688649	0.49580566269321	0.928184584805013	3.48920611335006	-0.39184555833863	1.01406529641377	4.06860434886806	0.343147403000655	0.588075361328995	1.73137703638333	0.183438238550706	1.65955379292439	3.10062870200738	0.204432482366147	2.60890549796961	-0.603704579500209	0.21372552156308	1.80026544041631	0.571454503751197	1.42407986732676	-0.489096802136869	-0.864465130238811	0.631091240995828	1.82134041327105	0.810558268061475	2.8381345124139	-0.690169566529757	2.25437302650789	4.27454800966729	1.45579354234404	0.734566996336871	2.66095051581139	0.0258764389274767	-0.740731129121609	1.75181845969782	1.70106637752824	-1.2590120139294	1.61368392935779	1.7268774174028	0.81123508332979
hsa-miR-643|MIMAT0003313	-3.08253005332081	-2.43912855827956	-1.864780364321	NA	NA	-1.98633622361716	-1.24115788525523	-1.65677639958902	-1.41768294055853	-0.0699182206186743	-0.985933274888856	0.368164888670004	-1.97878182919197	-1.58184676094512	NA	-1.40152045085577	-2.38483986976772	NA	-1.7955687697206	NA	-0.0187420787790525	-0.52324090196795	NA	NA	NA	-0.904132276499571	NA	-0.105873732150083	-2.08555181522653	NA	-1.74682879530261	-2.27512973950309	-0.44606744756177	-2.08300675304763	NA	-1.00239975390631	-1.38344656900942	-2.78147423198854	-1.74073112912161	-1.77174156867068	-1.6912523763913	NA	-0.845748632118224	-2.08047837634621	-1.77372823957451
hsa-miR-644a|MIMAT0003314	NA	NA	NA	NA	NA	NA	NA	NA	NA	NA	NA	NA	NA	NA	NA	NA	NA	NA	NA	NA	NA	NA	NA	NA	NA	NA	NA	NA	NA	NA	NA	NA	NA	NA	NA	NA	NA	NA	NA	NA	NA	NA	NA	NA	NA
hsa-miR-645|MIMAT0003315	NA	NA	NA	NA	NA	NA	NA	NA	NA	NA	NA	NA	NA	NA	NA	NA	NA	NA	NA	NA	NA	NA	NA	NA	NA	NA	NA	NA	NA	NA	NA	NA	NA	NA	NA	NA	NA	NA	NA	NA	NA	NA	NA	NA	NA
hsa-miR-646|MIMAT0003316	NA	NA	NA	NA	NA	NA	NA	NA	NA	NA	NA	NA	NA	NA	NA	NA	NA	NA	NA	NA	NA	NA	NA	NA	NA	NA	NA	NA	NA	NA	NA	NA	NA	NA	NA	NA	NA	NA	NA	NA	NA	NA	NA	NA	NA
hsa-miR-647|MIMAT0003317	NA	NA	NA	NA	NA	NA	NA	NA	NA	NA	NA	NA	NA	NA	NA	NA	NA	NA	NA	NA	NA	NA	NA	NA	NA	NA	NA	NA	NA	NA	NA	NA	NA	NA	NA	NA	NA	NA	NA	NA	NA	NA	NA	NA	NA
hsa-miR-648|MIMAT0003318	NA	NA	NA	NA	NA	NA	NA	NA	NA	NA	NA	NA	NA	NA	NA	NA	NA	NA	NA	NA	NA	NA	NA	NA	NA	NA	NA	NA	NA	NA	NA	NA	NA	NA	NA	NA	NA	NA	NA	NA	NA	NA	NA	NA	NA
hsa-miR-649|MIMAT0003319	NA	NA	NA	NA	NA	NA	NA	NA	NA	NA	NA	NA	NA	NA	NA	NA	NA	NA	NA	NA	NA	NA	NA	NA	NA	NA	NA	NA	NA	NA	NA	NA	NA	NA	NA	NA	NA	NA	NA	NA	NA	NA	NA	NA	NA
hsa-miR-650|MIMAT0003320	NA	NA	NA	NA	NA	NA	NA	NA	NA	NA	NA	NA	NA	NA	NA	NA	NA	NA	NA	NA	NA	NA	NA	NA	NA	NA	NA	NA	NA	NA	NA	NA	NA	NA	NA	NA	NA	NA	NA	NA	NA	NA	NA	NA	NA
hsa-miR-651-5p|MIMAT0003321	1.23939865261896	2.64833060111292	1.77907729670609	1.49709573848885	0.600179344324727	0.821019515066362	1.75883955697211	1.92818496388694	2.66977831364774	1.85608175585041	1.59902779713492	1.69009298355737	0.60618256703746	2.77570313696509	1.73137660189494	1.92040421384883	1.70262252824764	1.10062853382042	2.20443279538766	2.36497997109469	2.78861388724917	2.21372489953951	1.38522780306108	1.57145498917327	2.14028687795094	0.0958663735566501	1.94289016705642	2.21605405222717	3.12390320535754	2.22559576734032	1.57510026797912	1.7248685146864	1.87586182657399	2.91699573017155	2.73590121403512	0.412638467920753	0.423910503823685	1.97340922896655	1.4291938723207	2.18245267584203	-0.106288322672684	3.49587510458648	1.15425266428486	0.919522386383802	2.58382448696051
hsa-miR-652-3p|MIMAT0003322	3.06721741043878	2.36822301065787	3.43900138154097	5.78865024305455	4.11475271939188	2.56825299293594	3.60014210836871	3.665150330604	5.40249445286999	2.98319428352058	2.71450534425438	3.69009276000674	3.0212197701433	3.6079756681398	3.93782750108679	3.15306531933418	3.96388772973981	3.72211711239104	3.56198482290976	3.85851946760835	5.09673619264967	3.67315657472441	2.30276531798344	3.07395524403975	3.70418773908152	3.64018650408201	3.38346279794109	4.47908870388147	4.10427450516045	2.61791319011908	3.86788193815439	4.59523307013366	4.53121331825853	3.67188346579985	3.57917580265361	3.7524882834781	3.39791615560004	3.932767034536	3.23654864131317	3.27265061001818	3.06363633365923	3.82845042110584	2.82667782831875	3.98561154268949	3.51167461173635
hsa-miR-548d-5p|MIMAT0004812	NA	NA	NA	NA	NA	NA	NA	NA	NA	NA	NA	NA	NA	NA	NA	NA	NA	NA	NA	NA	NA	NA	NA	NA	NA	NA	NA	NA	NA	NA	NA	NA	NA	NA	NA	NA	NA	NA	NA	NA	NA	NA	NA	NA	NA
hsa-miR-548d-3p|MIMAT0003323	NA	NA	NA	0.234061025996487	NA	NA	NA	NA	-1.41768294055853	-2.39184934417964	NA	NA	-1.97878182919197	-2.58184676094512	NA	NA	-1.38483986976772	NA	-1.7955687697206	NA	-0.603704579500209	-2.10820132927794	-1.78469664607577	NA	NA	-2.48909477722073	-1.86446513023881	NA	NA	NA	NA	NA	-1.44606548214831	NA	NA	NA	NA	-2.78147423198854	NA	NA	NA	NA	NA	-0.495515875625051	NA
hsa-miR-661|MIMAT0003324	NA	NA	NA	NA	NA	NA	NA	NA	NA	NA	NA	NA	NA	NA	NA	NA	NA	NA	NA	NA	NA	NA	NA	NA	NA	NA	NA	NA	NA	NA	NA	NA	NA	NA	NA	NA	NA	NA	NA	NA	NA	NA	NA	NA	NA
hsa-miR-662|MIMAT0003325	NA	NA	NA	NA	NA	NA	NA	NA	NA	NA	NA	NA	NA	NA	NA	NA	NA	NA	NA	NA	-0.603704579500209	NA	NA	NA	NA	NA	NA	NA	NA	NA	NA	NA	NA	NA	NA	NA	NA	-1.78147919165494	NA	NA	NA	NA	NA	NA	NA
hsa-miR-663a|MIMAT0003326	NA	NA	NA	NA	NA	NA	NA	NA	-0.417682940558534	-2.39184934417964	NA	-0.631835111329996	NA	-2.58184676094512	NA	-2.40152045085577	-3.38483986976772	NA	-1.7955687697206	NA	NA	-1.10820132927794	NA	NA	-2.38327344184067	NA	-1.86446513023881	NA	NA	NA	0.83813370541855	NA	NA	-1.08300675304763	NA	NA	NA	NA	-2.74073112912161	-2.77174649499089	NA	-2.2590120139294	NA	NA	NA
hsa-miR-449b-5p|MIMAT0003327	NA	NA	NA	NA	NA	NA	NA	NA	NA	NA	NA	NA	NA	NA	NA	NA	-2.38483986976772	NA	NA	NA	NA	NA	NA	NA	NA	NA	NA	NA	NA	NA	NA	NA	NA	NA	NA	NA	NA	NA	NA	NA	NA	NA	NA	NA	NA
hsa-miR-449b-3p|MIMAT0009203	NA	NA	NA	NA	NA	-2.98633050724543	NA	NA	NA	-3.39184934417964	NA	NA	NA	NA	NA	NA	-1.79987736904657	NA	NA	NA	NA	NA	NA	NA	NA	NA	NA	NA	NA	NA	NA	-2.27512973950309	NA	-2.08300675304763	NA	-2.58735936443677	NA	NA	NA	NA	NA	NA	-3.84574344651288	NA	NA
hsa-miR-653-5p|MIMAT0003328	2.64539086241404	2.31575517679775	4.25416172905565	6.37973879651337	2.96274963519952	1.65752019481287	0.633308442363239	3.34322217885435	2.9042436126289	2.41550936371897	3.18399029785608	2.53808964172273	3.0212197701433	1.87758289462358	3.64564667466638	2.12203852243409	0.422515052289881	2.85962075540081	2.66386467013342	1.36497969103882	4.01100633841333	2.93619090516139	2.53723120027416	3.89338288989183	2.86465248700908	1.2113430717671	2.4574634899812	2.76859531519558	1.91444971560702	2.54752386222768	2.64548978032651	2.85415128222969	1.36128831681621	2.87119231784069	3.23340094569392	2.83890317221252	2.66095074392362	0.918961671026063	2.78283040766998	1.1351467279905	2.98117442722491	3.93081216655848	2.34407713437018	3.50448488710496	1.54820034862279
hsa-miR-411-5p|MIMAT0003329	1.44103190273621	1.88279601583142	2.59465220967515	1.37156499579524	0.792825373972252	3.85915407586559	1.98123270910121	2.73553972348088	1.75224077613395	3.13171639771838	3.10152838978727	2.82759630407946	1.48065134031592	3.82754193960366	1.35286471794811	2.84640385306033	1.86308724709721	1.79250639863615	3.3337158212761	5.60890549796961	3.35049272097494	3.74977773543243	2.70715611887065	1.15641732808709	3.28915012911407	5.25909622639878	3.22299802003076	3.80101675995507	4.48430540450811	2.4735232807839	1.8381345124139	3.18430013332369	1.55393353514529	1.08692028590817	1.81836344641508	3.24552821588356	4.09228982229321	1.30598452483188	2.87397851819556	1.92869587578625	2.21563946161532	1.548342414867	4.4163472774005	4.5342322149331	3.22627222290357
hsa-miR-411-3p|MIMAT0004813	-3.08253005332081	-2.43912855827956	0.135220949297258	0.234061025996487	-1.20717462602775	1.82101910675346	-1.82612038597639	0.665149875705602	-1.41768294055853	0.60815538812007	0.0140652964137654	0.368164888670004	-1.97878182919197	1.11859096392629	-1.96906224726949	-2.40152045085577	-0.214914868325411	-0.599811857068703	0.526361328505035	2.70201494670326	0.981258652000456	0.891797115663965	0.385227803061078	-0.0135075115478827	1.20168717717511	3.57699259987944	-0.279502629517654	1.76859510348414	2.23637781049438	-0.774404232659682	0.253172415190249	1.0467962604114	-0.44606744756177	0.72435078866964	-2.35156032783198	0.412638467920753	1.07598778697796	0.388447463011398	0.718700489515688	-0.449816429573424	0.478673660382837	-1.2590120139294	1.61368392935779	3.00698518276768	0.68570427598983
hsa-miR-654-5p|MIMAT0003330	0.239398041566556	0.145831334459915	0.594653642712238	0.719487502699707	-1.20717462602775	1.96786100876669	-0.0187683870879063	0.343222463165788	0.167279560162622	1.13171853753717	0.5990292258323	1.36816488867	-1.97878182919197	0.877582502009534	-0.384099746548338	0.405832293308964	0.702622971482616	-0.599811857068703	0.526360326836247	3.93723138289073	2.09673615048934	0.891797115663965	1.12219229261573	NA	1.86465248700908	4.22514888909361	-0.279502629517654	0.63109217252617	2.91444971560702	NA	1.06052681846533	2.63175876113256	1.1388957082975	0.501956766430629	-0.351560327831976	2.05649474440124	0.616555312919318	0.918962434052167	1.95970858901948	-1.18678399426973	0.478673660382837	0.740987986070595	2.45803310066892	3.00698536223351	1.61858918320425
hsa-miR-654-3p|MIMAT0004814	4.73764939577331	4.08442982597526	5.1796146705897	4.48198886223857	4.0216433538617	4.97366586915244	4.41228191414837	5.78616573679409	3.16727795422516	4.36304208404098	5.78224971294194	4.92275355009179	3.87920073463228	5.434959325679	3.98513324319587	4.64287055015506	4.15431845521162	4.25816989200061	5.2918957655292	5.5723796643917	5.35049272097494	6.4348285565348	4.66651409650093	4.05258152676269	6.3849091738645	7.89676575892406	5.57016352252261	5.89412619507412	6.48050393553925	5.88380729895758	5.47234060256387	4.7692624753347	3.94625081753737	4.74988594205531	4.65966572893546	5.64145704280894	6.03440891734179	4.24088946070287	5.43917776138083	3.294345342447	4.9598007055317	3.98891522692249	5.59719587701117	6.24145048127116	5.41114771361409
hsa-miR-655-3p|MIMAT0003331	1.77545136322225	0.368223010657875	2.04211128218222	0.912133237767699	0.377786764370696	3.53722585670904	0.981232343704929	0.343222463165788	0.167278275412797	1.85608255286842	0.0140652964137654	-0.631835111329996	-1.97878182919197	1.87758250200953	1.03093704668701	0.183438238550705	1.31559926875838	1.30707932158813	1.0117875832932	4.66394696396511	1.71822483079	2.41535873366465	1.67473452067525	0.571454503751197	2.26058094149694	3.64018650408201	0.942889791818794	2.63109170676107	3.43801187133786	0.547523862227681	1.95361166775729	2.04679660957376	0.875861040408498	-0.0830036967784822	1.45579354234404	2.31952920803887	2.42391131036367	1.54044939919983	2.34673142850802	-0.186780710054391	0.308748788356951	0.062916080957958	2.66204686285187	3.12897564894115	1.22627237706289
hsa-miR-656-3p|MIMAT0003332	0.376901565316491	-0.11720359297078	1.22268340418941	-0.0878667622323014	-1.20717462602775	1.26159159068866	0.49580566269321	NA	0.167278275412797	1.06758640446554	0.0140652964137654	-0.631835111329996	NA	-0.259920393557986	0.0309363406431648	-0.816560491009948	-0.0629117748803609	-0.0148478987272028	-0.795566265548194	1.97503361694933	-0.603704579500209	0.47675909803205	0.537231448811588	NA	-1.38327344184067	2.0344654180398	NA	0.63109217252617	1.49941272660567	-0.774404232659682	0.575100267979121	-0.690169566529757	NA	0.72435078866964	0.233400945693921	1.50010143667956	0.423911579210234	0.218522048263256	0.259268870878391	-0.771744031828681	-0.369322417907186	-0.259012013929404	1.01223397233714	0.726877417402804	0.548200841932569
hsa-miR-549a|MIMAT0003333	NA	NA	NA	NA	NA	NA	NA	NA	-1.41768294055853	-3.39184934417964	NA	NA	-1.97878182919197	NA	-1.96906224726949	NA	-3.38483986976772	-2.5998118570687	NA	NA	NA	NA	NA	-2.0135089678146	NA	NA	NA	NA	NA	NA	NA	NA	NA	NA	NA	-0.587361532079246	NA	NA	NA	NA	NA	NA	-2.84574344651288	NA	NA
hsa-miR-657|MIMAT0003335	NA	NA	NA	NA	NA	NA	NA	NA	NA	NA	NA	NA	NA	NA	NA	NA	NA	NA	NA	NA	NA	NA	NA	NA	NA	NA	NA	NA	NA	NA	NA	NA	NA	NA	NA	NA	NA	NA	NA	NA	NA	NA	NA	NA	NA
hsa-miR-658|MIMAT0003336	NA	NA	NA	-2.08786829552582	-1.20717462602775	NA	-2.82612038597639	-1.65677639958902	-1.41768294055853	-2.39184934417964	NA	-0.631835111329996	-1.97878182919197	NA	-1.96906224726949	-0.401520450855769	-2.38483986976772	NA	NA	-0.561017375049833	-0.603704579500209	NA	NA	-2.0135089678146	-2.38327344184067	NA	NA	NA	-0.0855518152265255	-1.77440423265968	NA	NA	NA	-2.08300675304763	-1.35156032783198	NA	-1.38344656900942	NA	-2.74073112912161	NA	-1.10628987567015	-2.2590120139294	-2.84574344651288	-2.08047837634621	-2.77372823957451
hsa-miR-659-3p|MIMAT0003337	NA	NA	NA	NA	NA	NA	NA	NA	NA	NA	NA	NA	NA	NA	NA	NA	NA	NA	NA	NA	NA	NA	NA	NA	NA	NA	NA	NA	NA	NA	NA	NA	NA	NA	NA	NA	NA	NA	NA	NA	NA	NA	NA	NA	NA
hsa-miR-660-5p|MIMAT0003338	5.95364404807462	5.34877014224138	5.81470068355287	6.44740863505282	4.92210762955316	4.69314407108184	5.82492896375909	5.0981097547282	6.81113413115238	6.55798133233381	5.38910484825329	5.98287450467233	5.74231889568562	6.59057857709749	5.70336218099859	5.53511425241906	5.96830640270322	5.56006030535496	6.01178782923865	4.83129791930605	5.77133593480899	6.03645497934715	5.55069332388527	6.22966630370952	5.92050559136454	5.5052568173616	5.87024490926662	6.35355781591674	5.68923694996078	5.95351626846401	4.36169664390462	6.01488723333253	6.13136217281376	5.32638691575456	6.0407558239231	5.37842263119477	4.44944635058813	5.48061638070323	5.57668124280993	4.66288463718349	4.84013054478213	6.50585919580495	6.41517187780921	5.25937241751768	6.63778338590118
hsa-miR-421|MIMAT0003339	0.617909664820285	0.368223010657875	0.594652687354337	1.81902393559573	0.114753468859615	-0.986333365428463	-0.504192291089029	1.1505778726143	0.582316095879204	1.06758640446554	-0.985933274888856	0.368164888670004	-0.97878182919197	0.0031128606078385	0.352865847617869	-0.816560491009948	0.615160130232277	-0.277883762181341	-1.7955687697206	0.117052667692963	2.0967358132066	-0.52324090196795	-2.78470161683252	0.986492488452117	0.616725617306948	0.832832507700519	-0.864465130238811	-0.105873732150083	0.499412726605667	-0.774404232659682	0.838134512413899	0.532224184948767	-1.44606548214831	0.916995539154838	1.34887882391143	0.734566996336871	0.616556253882768	0.540449895167064	2.066623792936	-0.186782352161127	-0.369322417907186	0.062916080957958	-0.523819500108302	-1.08047837634621	0.548199855312851
hsa-miR-542-5p|MIMAT0003340	0.239398041566556	-1.43913247025385	0.835660566390835	0.912132471121141	0.600179344324727	-0.664406985453641	0.874317758151296	1.51314759096872	0.582316095879204	1.6525489051867	1.01406601076263	1.36816488867	-0.393817432962541	1.94171294185031	0.352865847617869	0.183439508990052	0.0745917488695741	1.20754368968351	1.90487248945018	-0.0755914600604377	-1.60370457950021	1.47675961638512	-0.784699131452008	-0.0135089678146013	1.52361564840374	0.0958677235004287	0.720497370482346	1.89412626784992	-0.0855502843929776	2.4735232807839	-0.16186629458145	-1.27513323112624	0.553934517851685	-2.08300675304763	1.10787062142622	1.87207028361659	-0.383444687080682	-0.196515037709759	0.0666237929359952	-0.186780710054391	-0.106288322672684	-1.2590120139294	-0.675820749781753	-0.495515875625051	2.03362738721153
hsa-miR-542-3p|MIMAT0003389	8.52711090995795	6.44961084466938	8.22599460822645	7.3959490407296	6.9451094552493	7.13130699611289	8.79363870079621	8.27838726998668	7.7746082399738	8.80352682503686	8.88443009231651	6.66278540973933	6.59107532048668	9.15582092957798	8.11574523034982	8.63533674141594	7.13479581846416	7.62780495435314	8.83196682113563	7.58771127270059	7.95471722121475	9.1480054265523	7.15341230011679	7.3061644840554	8.97537601922722	7.69825542041431	8.74194051377765	9.32457872951252	7.45554650972492	9.0329507334641	8.5705847860977	7.00563912202427	7.68579028730113	6.38867123350994	8.05038450636504	9.20013286644035	7.67319414305205	6.63848168851171	7.89770454288382	7.17370020924688	6.84790784994835	7.95165895106493	6.45002129652082	7.9391131573605	9.20748290270192
hsa-miR-758-3p|MIMAT0003879	3.87166665129346	2.69015065846196	3.91658030456251	3.3044507335604	1.49326457965681	3.53722585670904	3.26134019841596	3.80265387503113	2.75224034788376	3.59683927748219	4.01406538570739	4.17551965104859	1.48065134031592	4.53709213686769	2.49036860113852	3.57575620580361	3.10701272422897	2.85962055663442	3.66386455630745	5.3506720571861	4.27893951029336	4.31806147256023	3.76989188832003	1.79384720247171	4.44961485568067	6.27908768983508	4.08973160380344	4.78489711087322	4.77243092188392	4.00695548086498	3.83813461328829	3.42530809853428	2.13889603586645	3.30931343492731	2.69283267589447	4.50010118166261	4.60524108142894	2.80348413567846	3.88862529614782	2.3157192440969	3.45849605550571	2.49587497670393	3.84075295232585	5.10934693481547	4.30308801522287
hsa-miR-1264|MIMAT0005791	NA	NA	NA	NA	NA	NA	NA	NA	NA	NA	NA	NA	NA	NA	NA	NA	NA	NA	NA	NA	NA	NA	NA	NA	NA	NA	NA	NA	NA	NA	NA	NA	NA	NA	NA	NA	NA	NA	NA	NA	NA	NA	NA	NA	NA
hsa-miR-671-5p|MIMAT0003880	1.44103243408614	1.64833106134567	1.8356601622007	1.99959598882435	1.69971508132267	1.01366449093054	0.981232343704929	1.665150330604	2.38967032967766	2.03441928440616	1.01406529641377	2.82759610085159	0.828574717587164	0.225505693254381	1.35286471794811	0.920403832716912	1.37004707424798	1.10062853382042	1.20443310840911	1.92440739971269	2.5662213963147	1.97925968249211	1.60762054000067	2.23441977195895	0.938653147682588	0.832831697733949	2.04242581559149	0.63109217252617	0.721803981593305	1.54752386222768	2.42309701313506	2.47975595219017	3.01336488577164	1.61743578626521	2.29229468383532	1.80495599392066	1.70401892908078	-0.196515037709759	0.959708589019483	2.03561089022892	1.39621210920924	2.06291573567514	0.739215597140118	2.16744977939636	1.31373518204045
hsa-miR-671-3p|MIMAT0004819	-1.08253005332081	-0.854168665540085	-0.2798161121091	1.08205738738048	0.114753468859615	0.0136652054778952	0.981233074497394	0.665150785502262	0.904243612628901	-0.806884319563372	0.599028273367538	NA	0.60618256703746	0.740079606442014	1.3528652827831	-0.401524262170451	0.200122630953433	0.400189236146693	0.526361328505035	0.286978112556884	1.39629596858446	-0.523238828556783	-0.784699131452008	0.986491760318942	0.201689058880483	0.970335368750567	0.720497370482346	1.11651913277213	-1.08555181522653	1.03295068939792	-0.746828795302606	-0.690167238781929	1.55393353514529	-0.498042214812989	-0.766600281502381	0.58256371021239	-0.0615154630372537	0.918962434052167	-0.155768628400453	0.550182585161862	-0.36932428150394	0.740987986070595	-1.03838852445528	1.08944730307836	0.926711478566581
hsa-miR-668-3p|MIMAT0003881	-2.08253005332081	NA	-1.86477510985516	-2.08786829552582	NA	-1.98633050724543	NA	NA	NA	-2.39184934417964	NA	NA	NA	NA	NA	NA	NA	NA	-1.7955687697206	-1.88294334151746	-1.60370457950021	-2.10820132927794	NA	NA	NA	-0.489094777220727	NA	NA	NA	NA	NA	NA	-1.44606548214831	NA	NA	NA	NA	-2.78147423198854	-1.15576862840045	NA	NA	NA	-1.03839148765605	-2.08047837634621	NA
hsa-miR-767-5p|MIMAT0003882	-1.49756755259965	NA	NA	NA	NA	NA	-2.82612038597639	NA	0.167279560162622	NA	0.0140652964137654	NA	NA	NA	NA	NA	-2.38483986976772	-2.5998118570687	NA	NA	7.40192105306705	NA	NA	NA	NA	NA	NA	NA	-2.08555181522653	-1.77440423265968	-0.746828795302606	NA	-1.44606548214831	NA	NA	NA	-2.38344656900942	NA	7.642972925162	-2.77174649499089	-1.6912523763913	NA	-3.84574344651288	NA	-2.77372823957451
hsa-miR-767-3p|MIMAT0003883	-3.08253005332081	NA	NA	NA	NA	NA	NA	NA	NA	NA	NA	NA	NA	NA	NA	NA	NA	NA	NA	NA	1.98125865200046	NA	NA	NA	NA	NA	NA	NA	NA	NA	NA	NA	NA	NA	NA	NA	NA	NA	2.21346518126527	NA	NA	NA	NA	NA	NA
hsa-miR-1224-5p|MIMAT0005458	-1.49756755259965	NA	2.45714825601381	3.9782225426503	-2.20717462602775	-2.98633050724543	-1.82612038597639	-0.0718138988678591	NA	-3.39184934417964	NA	3.17551965104859	2.48065159879419	NA	NA	NA	0.863087643675862	-1.01484935634755	NA	-1.88294334151746	NA	NA	NA	-2.0135089678146	NA	0.832831697733949	-1.86446513023881	0.631091240995828	1.0843745469568	NA	2.8381345124139	-2.27512973950309	NA	-2.08300675304763	NA	-2.58735936443677	NA	1.38844691193693	-0.740731129121609	-2.77174649499089	2.55667636310305	-0.674049513208248	-1.03839148765605	NA	-2.77372823957451
hsa-miR-1224-3p|MIMAT0005459	NA	NA	NA	-2.08786829552582	NA	NA	NA	NA	NA	NA	NA	NA	-1.97878182919197	NA	NA	NA	NA	NA	NA	NA	NA	NA	NA	NA	NA	NA	NA	NA	NA	NA	NA	-2.27512973950309	NA	NA	NA	NA	NA	NA	NA	NA	-2.6912523763913	NA	NA	NA	NA
hsa-miR-320b|MIMAT0005792	-0.497567552599651	-0.439128558279562	0.135222262914317	-0.0878682955258233	1.11475346885961	2.8465542919846	2.30316087706781	-0.656776399589015	3.38967046732951	1.30859386858428	NA	-0.631835111329996	3.34314768732683	1.00311358040043	1.83829186788123	-0.816560491009948	3.07459140636983	1.85962015910156	-0.795566265548194	1.64061537563871	1.98125865200046	0.699151815570275	0.537229460510944	1.5714545037512	1.42407986732676	1.2113430717671	0.720497370482346	1.89412626784992	1.49941221632818	0.225595767340318	2.34063490041338	1.30983043347024	1.1388957082975	0.501957785187011	0.81836385548028	2.05649439757816	2.47453728145734	2.07650300063505	1.4291938723207	0.228257199750845	3.00918859609402	3.26454964188168	-1.26078094579172	0.919522386383802	-0.451800144687149
hsa-miR-320c|MIMAT0005793	-0.275175131263203	-1.43912855827956	-1.86477510985516	0.497095227391195	-0.622212125306591	0.335594157821613	0.633311232660906	NA	0.167278275412797	-0.391847451257892	NA	NA	1.48065185727241	-0.996884260223962	0.615900253451662	-1.40152045085577	0.863087643675862	0.722116237818659	-0.210606268999442	0.438980496527295	0.718223515387154	-0.52324090196795	-0.462771533640406	-1.0135089678146	-1.38327344184067	-2.48909477722073	-0.864465130238811	-0.105875284701321	0.721803106831079	-0.774404232659682	-0.16186629458145	-1.27512973950308	-1.44606548214831	0.23892256434817	-1.35156032783198	0.219994318968388	-0.383446569009422	1.21852204826326	0.581196965765753	0.0356112421088946	1.30874820598294	0.325950486791752	-0.145306919511333	-2.08047837634621	0.0336266824830932
hsa-miR-1296-5p|MIMAT0005794	1.87166665129346	0.560868507740718	1.99320189912767	1.37156555335606	-0.622212125306591	0.714103934245637	1.63330890741322	2.15057754768705	1.58231561409783	2.16274369608747	0.0140667251111436	NA	1.60618209316062	0.740079606442014	1.03093704668701	0.920404594980653	2.20012231699534	1.72211667510492	0.78939540044931	-1.29798438816427	3.64422397241941	1.47676013473801	1.53723095173668	0.986491760318942	1.52361564840374	0.510904210321557	0.942890542293943	2.21605436273728	2.49941272660567	1.81055826806147	1.42309674413666	1.42530782994784	1.13889636343532	2.00445860513071	0.648438751771678	0.412638467920753	1.61655625388277	1.91896167102606	0.259268870878391	-0.186780710054391	1.83231079505517	1.20041897692088	0.854691484916248	2.2414503287252	1.81123467223828
hsa-miR-1468-5p|MIMAT0006789	2.27502224937165	1.36822301065787	2.86314098251134	2.55598936621071	2.92210781989422	0.473095914691229	2.84630294989929	3.43068510372571	4.1369043530181	0.515044280102482	5.05845950235998	2.69009276000674	1.72165920122435	4.99557989640938	3.70336231943853	4.68593913956797	3.53402286932541	3.74003890161925	5.5881372021989	0.57648440726344	4.01100633841333	4.61971718879756	1.60762054000067	3.94068856395736	4.81639721330118	1.51090370409243	4.99351627247445	2.9530197084954	2.08437522732682	4.91209634244016	0.838134512413899	-2.27512973950309	3.46082393421245	1.91699553915484	3.50641939778324	1.6605658672778	1.07598778697796	1.54044939919983	1.65158629365715	2.39818124329806	2.30874878835695	2.49587523246902	0.677814000323151	2.7268774174028	4.49305894178262
hsa-miR-1323|MIMAT0005795	NA	-0.854168665540085	-1.86477510985516	NA	NA	-1.40137181743624	NA	NA	NA	-1.80688684345848	NA	NA	NA	NA	NA	NA	NA	NA	NA	NA	NA	NA	-2.78470161683252	NA	-2.38327344184067	NA	NA	NA	NA	NA	NA	NA	NA	-0.0830052249122459	-1.35156032783198	NA	NA	NA	NA	NA	NA	0.062916080957958	-1.84574344651288	NA	NA
hsa-miR-1271-5p|MIMAT0005796	-0.275175131263203	1.02029950401791	0.720183012145796	-2.08786829552582	2.185142162281	-0.178980484933638	-0.0187669255026064	1.665150330604	2.75224056200887	1.06758571613171	-0.985933274888856	-0.631835111329996	2.34314797165295	1.41815107967927	1.93782721866926	1.29891633550569	1.259016320007	-2.5998118570687	0.204432482366147	0.702015611835728	-0.0187420787790525	2.06172159875321	1.02265685576736	1.98649248845212	2.20168749079284	0.0958663735566498	0.942889791818794	1.768595526907	0.721804856355001	-1.77440423265968	0.575100267979121	-0.690169566529757	NA	0.501957785187011	0.970366294420951	0.872069101264941	2.1401183326741	0.803484135678464	1.50719638432198	-0.186782352161127	1.00918805851806	1.06291608095796	-0.523819500108302	1.9195223863838	0.926711478566581
hsa-miR-1301-3p|MIMAT0005797	1.91747032858698	3.20472403247921	1.89010811089315	3.95652740358957	3.1147529692145	2.71410415410644	2.12807394419979	2.86678436977734	4.07416869972125	2.67424368862416	1.33599367704072	3.89172665033517	1.1911444359228	0.225506927183961	2.49036911462475	0.768401162751768	2.99019919844695	3.42255662870779	1.52636132850504	2.99969555922674	2.98125865200046	2.47675883885544	1.53723095173668	3.89338288989183	1.93865352402376	1.97033536875057	1.3054598712035	2.30916367009436	2.30676764866327	1.22559576734032	3.71260370369323	4.08242030640061	3.91148537198417	2.37642764401643	2.45579327937353	2.16752588980111	2.82600964494315	3.34780481722467	2.8739787149936	2.65452078015621	2.35314287242002	4.35569747785639	0.961607771542809	2.96391648262923	1.87012795020021
hsa-miR-454-5p|MIMAT0003884	-2.08253005332081	NA	-1.2798161121091	-0.0878667622323014	0.114753468859615	NA	-1.82612038597639	-0.0718154151949872	1.1672782754128	0.60815444166137	NA	NA	0.343147403000655	-2.58184676094512	0.0309377527305064	-2.40152045085577	0.863087643675862	-1.5998118570687	-1.7955687697206	-2.88294334151746	0.396296516668916	NA	-0.784699131452008	0.986491760318942	NA	-0.489094777220727	NA	-1.69083778542248	-1.08554875356105	NA	-1.74682879530261	-0.275131485313604	-1.44606548214831	-2.08300675304763	-0.766600281502381	-1.58736369972498	-0.383444687080682	-0.196516690933787	-1.15576862840045	-1.77174649499089	-2.6912523763913	-0.259012013929404	-1.5238195001083	0.241449718541156	NA
hsa-miR-454-3p|MIMAT0003885	1.87166665129346	3.26130739834799	2.45714904418462	2.9121332377677	3.31638660590585	1.53722647805484	2.30316029243375	2.43068510372571	3.9042436126289	3.78806371444079	0.0140667251111436	4.53808970382013	2.34314740300066	1.87758250200953	2.61589954740816	0.598476690659164	2.70262274986515	2.95477792500507	1.90487248945018	2.40245451135221	3.09673598184798	1.59223647494526	2.46323034413106	3.57145474646226	1.42407986732676	1.90322110276504	1.3054598712035	3.00960318670244	2.82134041327105	1.81055826806147	2.83813471416267	2.7248685146864	2.8758614334913	3.6174356687165	3.5553289178617	2.11307801931998	2.82600964494315	2.38844663639962	2.68553362558049	2.3157192440969	2.43803197169445	3.16725258017604	2.58051720794467	2.2414503287252	1.03362668248309
hsa-miR-1185-5p|MIMAT0005798	NA	-2.43912855827956	-2.86477510985516	NA	-2.20717462602775	-2.98633050724543	-2.82612038597639	-1.65677639958902	NA	-1.80688684345848	NA	0.368164888670004	-1.97878182919197	NA	NA	NA	-2.38483986976772	NA	NA	0.57648343979772	NA	-0.108201329277939	NA	-2.0135089678146	-1.38327344184067	-0.904132276499571	NA	-1.69083778542248	-1.08554875356105	-1.77440423265968	-1.74682879530261	-0.690167238781929	NA	-2.08300675304763	NA	-2.58735936443677	NA	-2.78147423198854	NA	-1.77174156867068	-2.6912523763913	-2.2590120139294	-1.26078440285988	-2.08047837634621	-2.77372823957451
hsa-miR-449c-5p|MIMAT0010251	NA	NA	NA	NA	NA	NA	NA	NA	-1.41768294055853	NA	NA	NA	NA	NA	NA	NA	-1.06291177488036	-2.5998118570687	NA	NA	NA	NA	NA	-2.0135089678146	NA	NA	NA	NA	NA	NA	NA	NA	NA	NA	NA	NA	NA	NA	NA	NA	NA	-2.2590120139294	NA	NA	NA
hsa-miR-449c-3p|MIMAT0013771	NA	NA	NA	NA	NA	NA	NA	NA	NA	NA	NA	NA	NA	NA	NA	NA	NA	NA	NA	NA	NA	NA	NA	NA	NA	NA	NA	NA	NA	NA	NA	NA	NA	NA	NA	NA	NA	NA	NA	NA	NA	NA	NA	NA	NA
hsa-miR-1283|MIMAT0005799	NA	-1.43912855827956	-1.86477510985516	NA	NA	-1.98633050724543	NA	NA	NA	-1.80688179567268	NA	0.368164888670004	-1.97878182919197	NA	NA	NA	NA	NA	NA	NA	NA	NA	NA	-2.0135089678146	NA	NA	NA	NA	NA	NA	NA	NA	NA	NA	NA	NA	NA	NA	NA	NA	NA	-0.674049513208248	-2.26078094579172	NA	NA
hsa-miR-769-5p|MIMAT0003886	3.22125100424995	3.93590719675448	3.04211128218222	3.88941318560559	3.07822690955909	1.33559301454636	4.16256212568231	2.80265377164515	4.38967032967766	4.49689780237757	3.01406547500101	3.8917267475311	3.85410968142688	3.44051892592891	3.35286514157437	3.18343903257543	4.46690864974394	3.70396966604598	2.95932021639741	3.68690800997088	4.75384844107953	3.53565299442687	2.99666261556262	3.51005425456138	3.47470586624082	2.68082864928705	2.83597499200433	3.98158901777376	3.64237037235566	3.35487878428528	3.67943674762751	3.74723635457349	4.10852211501041	5.20239820862056	3.34887811591402	3.96722708899794	3.6165566067439	3.81843462201458	3.73500197679633	2.8132186741558	3.06363633365923	3.16725258017604	2.89571946894733	3.64744288412039	3.51167461173635
hsa-miR-769-3p|MIMAT0003887	-2.08253005332081	-2.43912855827956	-1.279812609134	0.234061025996487	1.25225638697909	-2.98633050724543	-0.504192291089029	1.51314708552617	1.1672782754128	0.930083293715742	0.0140652964137654	0.368164888670004	0.0212181708080297	-0.996887139392162	-1.96906224726949	-0.401520450855769	0.937088225119639	0.400188142931297	-1.7955687697206	-0.297982614479199	0.981258652000456	0.47675909803205	-1.78470161683252	0.308419127072761	-2.38327344184067	-1.48909477722073	-0.279502629517654	-0.105873732150083	-2.08555181522653	-0.774404232659682	0.253171204697394	1.0467962604114	1.72385820901866	-0.498042214812989	-0.351560327831976	0.872070677733594	0.616556253882768	-1.19651503770976	0.844231371599547	0.550183570426576	0.308747623608697	-0.674049513208248	-1.84574344651288	-1.08047837634621	-0.773728239574511
hsa-miR-766-3p|MIMAT0003888	2.12692364260677	2.80879566087059	2.72018323108212	2.95652731066274	1.79282495760134	2.299066141819	1.69743934593074	3.25011267969238	4.84910199837018	2.06758606029867	3.10152838978727	3.06860443484908	3.51307278354452	2.77570292629413	3.58552564298713	3.55267253999953	2.42251478318295	2.57011387318397	2.8482892230587	1.87194021912551	2.71822439232252	3.82253407083526	2.42475604783029	2.57145474646226	3.59400492850578	3.44164070140286	3.69012416853045	3.1671444945752	2.3738817517441	3.35487878428528	2.71260370369323	3.08242039156216	4.50812956023019	2.67188323940971	2.89636582923784	1.73456656280812	2.86448391589947	2.38844691193693	2.01415637304186	1.55018406305868	1.63067711619385	4.09853965382739	1.58051744913585	3.27707452122404	3.22627237706289
hsa-miR-762|MIMAT0010313	NA	NA	NA	NA	NA	NA	NA	NA	NA	NA	NA	NA	NA	NA	NA	NA	NA	NA	NA	NA	NA	NA	NA	NA	NA	NA	NA	NA	NA	NA	NA	NA	NA	NA	NA	NA	NA	NA	NA	NA	NA	NA	NA	NA	NA
hsa-miR-802|MIMAT0004185	NA	NA	0.594651731995805	2.49709573848885	NA	NA	-0.826120385976391	0.343222463165788	0.582316095879204	-2.39184934417964	1.33599367704072	NA	NA	-0.581851079699572	NA	-2.40152045085577	-0.799877369046567	-2.5998118570687	-0.21060459955069	NA	NA	-2.10820132927794	NA	3.91722961115607	-2.38327344184067	NA	-1.86446513023881	NA	NA	2.31305860859066	NA	NA	NA	NA	-2.35156032783198	NA	NA	-1.19651503770976	-0.740731129121609	NA	NA	NA	NA	NA	0.396196761867801
hsa-miR-670-5p|MIMAT0010357	NA	NA	NA	NA	NA	NA	NA	NA	-1.41768294055853	NA	NA	NA	NA	NA	NA	NA	NA	NA	NA	NA	NA	NA	NA	NA	NA	NA	NA	NA	NA	NA	NA	NA	NA	NA	NA	NA	NA	NA	NA	NA	NA	NA	NA	NA	NA
hsa-miR-1298-5p|MIMAT0005800	NA	NA	NA	-2.08786829552582	NA	NA	NA	NA	NA	NA	NA	NA	NA	NA	NA	NA	-3.38483986976772	NA	NA	-2.88294334151746	NA	NA	NA	-0.428544525404814	NA	NA	NA	NA	NA	NA	NA	-2.27512973950309	NA	NA	NA	NA	NA	NA	NA	NA	-2.6912523763913	NA	NA	NA	NA
hsa-miR-2113|MIMAT0009206	NA	NA	NA	NA	NA	NA	NA	NA	NA	NA	NA	NA	NA	NA	NA	NA	NA	NA	NA	NA	NA	NA	NA	NA	NA	NA	NA	NA	NA	NA	NA	-1.27512973950308	NA	NA	NA	NA	NA	NA	NA	NA	NA	NA	NA	NA	NA
hsa-miR-761|MIMAT0010364	NA	NA	NA	NA	NA	NA	NA	NA	NA	NA	NA	NA	NA	NA	NA	NA	NA	NA	NA	NA	NA	NA	NA	NA	NA	NA	NA	NA	NA	NA	NA	NA	NA	NA	NA	NA	NA	NA	NA	NA	NA	NA	NA	NA	NA
hsa-miR-764|MIMAT0010367	NA	NA	NA	NA	NA	NA	NA	NA	NA	NA	NA	NA	NA	NA	NA	NA	NA	NA	NA	NA	NA	NA	NA	NA	NA	NA	NA	NA	NA	NA	NA	NA	NA	NA	NA	NA	NA	NA	NA	NA	NA	NA	NA	NA	NA
hsa-miR-759|MIMAT0010497	NA	NA	NA	NA	NA	NA	NA	NA	NA	NA	NA	NA	NA	NA	NA	NA	NA	NA	NA	NA	NA	NA	NA	NA	NA	NA	NA	NA	NA	NA	NA	NA	NA	NA	NA	NA	NA	NA	NA	NA	NA	NA	NA	NA	NA
hsa-miR-765|MIMAT0003945	NA	NA	NA	-2.08786829552582	-2.20717462602775	-1.40137181743624	NA	NA	NA	-3.39184934417964	NA	NA	NA	NA	NA	NA	NA	-2.5998118570687	NA	-2.88294334151746	-1.60370457950021	-1.10820443939581	NA	NA	-2.38327344184067	NA	NA	NA	-2.08555181522653	NA	-1.74682879530261	NA	NA	NA	NA	NA	NA	NA	-1.15576862840045	-2.77174649499089	-2.6912523763913	-2.2590120139294	-3.84574344651288	-2.08047837634621	-2.77372823957451
hsa-miR-770-5p|MIMAT0003948	NA	NA	-2.86477510985516	NA	NA	-2.98633050724543	NA	-1.65677639958902	NA	NA	-0.985933274888856	NA	NA	NA	NA	NA	-3.38483986976772	NA	-1.7955687697206	-1.88294866257268	NA	NA	-1.19973580227163	NA	-2.38327344184067	-2.48909477722073	NA	NA	NA	NA	NA	-2.27512973950309	-1.44606548214831	NA	NA	NA	NA	-2.78147423198854	-2.74073112912161	NA	NA	NA	-2.84574344651288	NA	NA
hsa-miR-675-5p|MIMAT0004284	NA	-2.43912855827956	NA	NA	NA	-2.98633050724543	NA	-1.65677639958902	-1.41768294055853	-2.39184934417964	NA	NA	NA	-0.996887139392162	NA	1.29891633550569	-3.38483986976772	NA	0.204432482366147	-2.88294334151746	-1.60370457950021	-1.10820443939581	NA	NA	0.938653147682588	-2.48909477722073	-0.864465130238811	NA	NA	-1.77440423265968	NA	NA	NA	NA	-2.35156032783198	-2.58735936443677	NA	NA	NA	NA	NA	NA	-3.84574344651288	NA	NA
hsa-miR-675-3p|MIMAT0006790	0.724825741668729	2.88279562463351	3.36403937706958	2.6670205695653	2.185142162281	1.01366449093054	2.12807361416441	8.15700340166155	5.5011786721975	4.24477915732652	6.97984966108294	6.98287450467233	1.48065134031592	8.87501880192766	1.49036885788166	10.3865828382762	3.024550534488	2.57011387318397	9.86665623852767	3.96254245258431	7.70463553643449	8.12661417124419	3.14604012107327	1.57145498917327	10.2335033673654	6.1475280117406	7.83943886523569	6.65789182611134	-1.08555181522653	8.19138009642112	2.57510026797912	0.309830433470243	5.92025551711495	3.69835562776683	6.75696283505551	5.47333432654165	1.31699604440564	2.77311039869749	2.1661591450501	3.35753933699626	2.63067711619385	1.82845042110584	2.42103905345219	0.241450938908977	7.34651028487659
hsa-miR-298|MIMAT0004901	NA	NA	NA	NA	NA	NA	NA	NA	NA	NA	NA	NA	NA	NA	NA	NA	NA	NA	NA	NA	NA	NA	NA	NA	NA	NA	NA	NA	NA	NA	NA	NA	NA	NA	NA	NA	NA	NA	NA	NA	NA	NA	NA	NA	NA
hsa-miR-891a-5p|MIMAT0004902	NA	2.08442999606128	4.75727238867132	1.9121332377677	-1.20717462602775	NA	-2.82612038597639	0.665150785502262	0.904243612628901	NA	NA	NA	NA	NA	NA	-0.816560491009948	NA	-0.277883762181341	-1.7955687697206	-1.88294866257268	NA	-1.10820443939581	-1.78469664607577	NA	-0.383275323546045	-2.48909477722073	-0.279502629517654	NA	-0.0855502843929778	-1.77440423265968	1.71260370369323	-0.275131485313604	NA	-1.08300369677848	NA	NA	-1.38344656900942	-2.78147423198854	-2.74073112912161	NA	NA	NA	-1.5238195001083	NA	-0.773728239574511
hsa-miR-300|MIMAT0004903	NA	NA	NA	NA	NA	NA	NA	NA	NA	NA	NA	NA	NA	NA	NA	NA	NA	NA	NA	NA	NA	NA	NA	NA	NA	NA	NA	NA	NA	NA	NA	NA	NA	NA	NA	NA	NA	NA	NA	NA	NA	NA	NA	NA	NA
hsa-miR-892a|MIMAT0004907	NA	NA	-1.864780364321	NA	NA	NA	NA	NA	NA	NA	NA	NA	NA	NA	NA	NA	NA	NA	NA	NA	NA	NA	NA	NA	NA	NA	NA	NA	NA	NA	NA	NA	NA	NA	NA	NA	NA	NA	NA	NA	NA	NA	NA	NA	NA
hsa-miR-450b-5p|MIMAT0004909	4.96186452895616	3.26130739834799	4.7425509464313	2.8190237311567	2.6508056799341	4.02489125337131	4.25069286171306	4.07114268169685	2.48920611335006	4.6903036646236	4.59902797572217	3.36816474895087	2.34314768732683	4.47343353141638	3.16021996276859	4.04141980318571	2.59243957531984	3.01489870098318	4.2044329518984	2.81749207884978	3.30318689304368	4.47675922762034	3.92954844552615	4.44592397470159	4.52361546023312	3.46509970420976	4.45746335864805	4.5759502070087	3.30676721128258	4.51099804947708	3.92559759101573	2.89479332214963	3.07749527757039	3.0044589646915	4.94305915478172	4.47872756131983	3.23126588676134	1.67795332874115	3.4687219758829	2.62057374283005	2.51820224842491	4.53540347914197	2.59719575780172	3.3118397728421	4.25969536447888
hsa-miR-450b-3p|MIMAT0004910	NA	NA	NA	NA	NA	NA	-2.82612038597639	NA	NA	NA	NA	NA	NA	-2.58184676094512	NA	NA	NA	NA	NA	NA	NA	NA	NA	NA	NA	NA	NA	NA	NA	NA	NA	NA	NA	NA	NA	-2.58735936443677	NA	-2.78147423198854	NA	NA	NA	NA	NA	NA	NA
hsa-miR-874-3p|MIMAT0004911	3.97275284161831	5.24736817087052	5.85289696985368	5.51204609576197	3.94257174283632	3.50551699974324	3.23996651393892	4.47250518767613	5.85843979868507	3.47851951717803	5.01406538570739	7.08241017214023	5.80912224832167	3.70355335391017	5.01962159447419	5.50536690513591	4.65955362167448	6.77739952816504	5.28124845968015	4.09433227446308	4.25427747399757	5.36753014476114	4.32382737846336	5.95227659836228	5.925063831249	5.09586590951318	5.33520757196672	4.19180684280502	5.88023413498238	5.20287569084024	6.37211321794781	6.26790018984737	1.72385820901866	3.47158495981834	6.08306660167332	3.29528118662498	5.23860819275071	4.9464420583276	4.99397826474028	4.15899366915122	4.19139201539217	4.26454956682019	4.2041009544549	4.98561167929781	5.43084350668002
hsa-miR-890|MIMAT0004912	NA	NA	NA	NA	NA	NA	NA	NA	NA	NA	NA	NA	NA	NA	NA	NA	NA	NA	NA	NA	NA	NA	NA	NA	NA	NA	NA	NA	NA	NA	NA	NA	NA	NA	NA	NA	NA	NA	NA	NA	NA	NA	NA	NA	NA
hsa-miR-891b|MIMAT0004913	NA	NA	-2.86477510985516	NA	NA	NA	NA	NA	-1.41768294055853	NA	NA	NA	NA	NA	NA	NA	NA	NA	NA	NA	NA	NA	NA	NA	NA	NA	NA	NA	NA	NA	NA	NA	NA	NA	NA	NA	NA	NA	NA	NA	NA	NA	NA	NA	NA
hsa-miR-888-5p|MIMAT0004916	NA	NA	-0.864777737085683	NA	NA	NA	NA	NA	NA	NA	NA	NA	NA	NA	NA	NA	NA	NA	NA	NA	NA	NA	NA	NA	NA	NA	NA	NA	NA	-1.77440423265968	NA	NA	NA	NA	NA	NA	NA	NA	NA	NA	NA	NA	NA	NA	NA
hsa-miR-888-3p|MIMAT0004917	NA	NA	NA	NA	NA	NA	NA	NA	NA	NA	NA	NA	NA	NA	NA	NA	NA	NA	NA	NA	NA	NA	NA	NA	NA	NA	NA	NA	NA	NA	NA	NA	NA	NA	NA	NA	NA	NA	NA	NA	NA	NA	NA	NA	NA
hsa-miR-892b|MIMAT0004918	NA	NA	NA	NA	-2.20717462602775	NA	NA	NA	NA	NA	NA	NA	NA	NA	NA	NA	NA	NA	NA	NA	NA	NA	NA	NA	NA	NA	NA	NA	NA	NA	NA	NA	NA	NA	NA	NA	NA	NA	NA	NA	NA	NA	NA	NA	NA
hsa-miR-541-5p|MIMAT0004919	-3.08253005332081	NA	NA	-2.08786829552582	NA	NA	NA	-1.65677639958902	NA	NA	NA	NA	NA	NA	NA	NA	NA	NA	-1.7955687697206	-0.882946002042619	NA	NA	NA	NA	NA	-0.904132276499571	NA	NA	NA	NA	NA	-0.275131485313604	NA	NA	NA	NA	-2.38344656900942	NA	NA	NA	-2.6912523763913	NA	-2.84574344651288	NA	-2.77372823957451
hsa-miR-541-3p|MIMAT0004920	-0.275175131263203	-2.43912855827956	-2.86477510985516	-0.087865228940409	-1.20717462602775	-0.986333365428463	-2.82612038597639	0.343222463165788	-1.41768294055853	-1.39184555833863	NA	-0.631835111329996	NA	NA	NA	-2.40152045085577	-1.79987736904657	-2.5998118570687	NA	0.92440701963687	-1.60370457950021	-0.52324090196795	-2.78470161683252	NA	-1.38327344184067	0.318258987742286	-1.86446513023881	-0.105873732150083	-0.500587273394333	-1.77440423265968	-0.746828795302606	0.309830433470243	-1.44606548214831	NA	-2.35156032783198	-1.00239975390631	-2.38344656900942	NA	-2.74073112912161	-2.77174649499089	-2.6912523763913	-2.2590120139294	-0.845746039313223	-0.0804768508865918	NA
hsa-miR-889-3p|MIMAT0004921	5.23939853804666	3.82765422285583	5.22797771970952	4.88941318560559	2.92210781989422	6.77355209806377	3.53142937279277	4.5131471487065	2.83024315289834	5.04278291001597	3.65792154333641	4.53808964172273	2.41353721830832	5.81046847675116	3.73137660189494	4.72775929924866	4.01603903148525	3.95477783196548	4.68016634945239	7.84241866707872	4.64422397241941	4.71197570651635	4.68290853892398	2.84447323249933	5.12451946139931	7.13112318546693	4.61126871391058	5.22802691458639	6.12876901680894	4.1563331049032	5.00805964835539	5.55141687123371	4.30882085532602	4.08692096507869	3.85789174426681	5.70725912016582	5.12435104918527	4.69425501948483	4.80616312449642	3.703989814277	4.36403146031068	4.45523310912777	5.72979161377934	6.41936831982075	5.32956017874796
hsa-miR-875-5p|MIMAT0004922	NA	NA	NA	NA	NA	NA	NA	NA	NA	NA	NA	NA	NA	NA	NA	NA	NA	NA	NA	NA	NA	NA	NA	NA	NA	NA	NA	NA	NA	NA	NA	NA	NA	NA	NA	NA	NA	NA	NA	NA	NA	NA	NA	NA	NA
hsa-miR-875-3p|MIMAT0004923	NA	NA	NA	NA	NA	NA	NA	NA	NA	NA	NA	NA	NA	NA	NA	NA	NA	NA	NA	NA	NA	NA	NA	NA	NA	NA	NA	NA	NA	NA	NA	NA	NA	NA	NA	NA	NA	NA	NA	NA	NA	NA	NA	NA	NA
hsa-miR-876-5p|MIMAT0004924	-3.08253005332081	NA	NA	NA	NA	NA	NA	NA	NA	NA	NA	NA	NA	NA	NA	-2.40152045085577	NA	NA	NA	NA	NA	NA	NA	NA	NA	NA	NA	NA	NA	NA	NA	NA	NA	NA	NA	NA	NA	NA	NA	NA	NA	NA	NA	NA	NA
hsa-miR-876-3p|MIMAT0004925	NA	NA	NA	NA	NA	NA	NA	NA	NA	NA	NA	NA	NA	NA	NA	NA	NA	NA	NA	NA	NA	NA	NA	NA	NA	NA	NA	NA	NA	NA	NA	NA	NA	NA	NA	NA	NA	NA	NA	NA	NA	NA	NA	NA	NA
hsa-miR-708-5p|MIMAT0004926	3.69883010460563	4.35528350182543	5.70886771960486	0.234062252630392	3.37778718074181	2.14294695665303	3.66573032309895	0.665149875705602	4.93986746595594	3.29465500560028	1.01406529641377	1.69009298355737	2.87920073463228	0.225505693254381	3.42325436860238	-0.401524262170451	2.47314060570504	3.20754400203072	0.204433734451806	2.99969555922674	0.396296516668916	1.35122859293226	4.58162517653528	3.86913536503663	1.07615680828387	0.680828424296266	NA	3.30916381564596	2.30676735707616	-0.189441731938525	1.95361166775729	0.724868514686396	-1.44606548214831	4.08692104997498	2.64843829157328	3.34337555673757	2.74583924394307	4.10116453020504	1.65158629365715	2.08623755785466	3.00918877528597	0.062916080957958	2.78360898318002	4.42731706849073	-1.18876573885335
hsa-miR-708-3p|MIMAT0004927	5.17013581988858	5.78968635064135	6.86653958160067	1.61257330974553	5.29267056173628	3.26159144025755	4.74373285304952	3.70077416266915	6.29656094363976	3.82732303834842	2.33599396278025	1.69009298355737	4.25003837771073	2.32504124341228	5.16021992242323	1.50536709570181	3.00747719420178	4.67631339456591	3.15862931782133	4.5179318757048	1.98125865200046	3.13972421988146	5.77754538364142	5.36153176189067	3.49936782149579	3.0654923511242	1.13553486976119	4.93852034016139	3.52915990337852	2.39552076878263	3.34063504282428	3.08242039156216	1.55393353514529	5.28331823962495	4.48132839454825	4.72552130050827	4.20151891143111	4.68612705894694	3.84423117070155	3.72010933818542	4.27453325006069	1.5483429081282	3.76158271875395	6.91104426093075	1.31373460167583
hsa-miR-147b|MIMAT0004928	-3.08253005332081	-2.43912855827956	-0.864780364320996	1.23406102599649	-2.20717462602775	-2.98633050724543	-1.82612038597639	-1.65677639958902	NA	-3.39184934417964	NA	NA	NA	NA	-1.96906224726949	-1.40152045085577	-1.79987736904657	-1.5998118570687	-0.795568769720598	-1.88294334151746	NA	-2.10820132927794	-0.784701616832523	-0.428546467093445	-0.383275323546045	-1.48909477722073	NA	NA	0.236377504327805	NA	-1.74682879530261	-2.27512973950309	-1.44606548214831	0.916995539154838	-2.35156032783198	-1.58735936443677	-0.383444687080682	-1.19651503770976	-1.15576862840045	-1.77174156867068	-1.6912523763913	NA	-2.26078094579172	0.504484124374949	NA
hsa-miR-190b|MIMAT0004929	NA	NA	-2.86477510985516	-2.08786829552582	-1.20717462602775	-0.986333365428463	-2.82612038597639	-0.071815415194987	NA	-3.39184934417964	NA	NA	2.34314768732683	-0.996887139392162	-1.96906224726949	-1.40152426217045	0.785085131674589	NA	-1.7955687697206	0.92440701963687	NA	-2.10820132927794	NA	-2.0135089678146	NA	NA	-1.86446513023881	-0.690835456596247	1.2363781166609	-1.77440423265968	-0.746828795302606	-1.27512973950308	1.72385864577724	-1.08300369677848	-0.76659782711082	NA	-2.38344656900942	-0.459548120965694	0.718700489515688	-0.186780710054391	-1.6912523763913	0.062916080957958	-1.03839148765605	-2.08047837634621	-2.77372823957451
hsa-miR-744-5p|MIMAT0004945	2.00493314737216	4.10002638291848	3.2013098456615	5.3130127012681	4.20221560472856	1.65752065212337	4.11639179033427	5.70954443617766	5.2688159775689	4.68497029110125	4.92095598726882	4.32236091060445	3.90386276227849	4.96504548182955	4.09702610015123	4.71741738636383	5.47002796016676	4.82645376203633	4.90487258576448	3.18314156033018	6.67706726212691	4.82253407083526	2.38522807921383	4.76785206958895	4.92050554372641	4.08075895539852	5.16895827231594	3.59456574713708	5.5797857911542	4.82550860952745	5.91138362228534	4.61968620464091	5.74375789209926	3.6983557389038	3.83826302066368	4.11307810269092	4.24591309256996	4.01293752364828	5.91390466012338	3.47618374089489	4.00918877528597	4.42748811098256	3.17662005847552	4.86203692272832	5.08425335092711
hsa-miR-744-3p|MIMAT0004946	0.376901565316491	2.73079274852065	1.89010888933321	4.02065767232423	3.07822690955909	1.26159219241294	2.66573043677781	4.043662006346	2.48920637030016	1.81760811424997	4.44033021724354	2.82759630407946	3.15050265000246	3.39543083180003	3.35286500036563	4.19838916939589	2.84397841886179	2.92375085948606	3.87685814349684	1.20451511768883	5.4406905695929	4.04154386283054	1.67473406878884	4.32634218570064	4.23143471258003	2.21134338329282	4.32535986042148	3.47908863919187	3.61488943374811	5.0329507334641	3.80776108658178	1.63175945945719	4.36128824662287	2.50195778518701	2.40332581078114	2.45703265296539	3.10840953840506	2.02587679318975	4.53539308951191	2.18245267584203	2.98117442722491	3.413412921827	1.06114369202748	3.34578694596896	3.60131190499155
hsa-miR-885-5p|MIMAT0004947	-3.08253005332081	2.60526200473907	-0.2798161121091	NA	0.600179344324727	-2.98633050724543	-0.241159590436501	6.59114972222546	0.582316095879204	1.69561750560793	8.99848383278489	6.37939191880968	7.65421492207697	8.27301944428398	1.61589931206025	9.59812403000076	3.70262241743888	-1.01484935634755	9.62859921952946	6.37679566880286	4.15118389703586	8.93892064856697	0.0226575658747713	2.6303486199762	9.34634555742254	5.94553160107073	9.26223977020073	5.3644461559367	5.01248205556864	9.4681745016035	5.72890556053483	4.16781191020112	9.1445203671059	0.72435078866964	6.19533283267241	3.85558193885403	3.39791588186532	3.36826869624988	1.95970821813085	4.48564424553922	3.75169240469682	1.548342414867	2.2835354219493	2.00698518276768	9.18301155578494
hsa-miR-885-3p|MIMAT0004948	NA	NA	NA	NA	NA	NA	NA	NA	NA	-3.39184934417964	0.599028273367538	-0.631835111329996	-1.97878182919197	0.877582502009534	NA	2.2989160423274	-1.79987736904657	NA	-1.7955687697206	1.28697752132804	-1.60370457950021	1.47675857967879	NA	NA	0.424080404957019	-2.48909477722073	1.72049780825956	-0.690837785422477	-1.08554875356105	1.68502738597762	NA	-2.27512973950309	2.72385820901866	NA	-2.35156032783198	NA	-2.38344656900942	NA	NA	-2.77174649499089	-2.6912523763913	NA	NA	-2.08047837634621	2.78086124186047
hsa-miR-877-5p|MIMAT0004949	-1.49756755259965	NA	-2.86477510985516	0.912132471121141	-0.622212125306591	-1.40136800652427	-2.82612038597639	-1.65677639958902	-0.4176848676837	-0.0699182206186743	NA	0.368164888670004	-1.97878182919197	NA	-0.969062247269494	NA	0.0745917488695738	-0.277883762181341	NA	0.817492283505972	0.718223515387154	-0.523238828556783	NA	0.793846786395593	-2.38327344184067	-1.48909477722073	-0.864465130238811	-0.690837785422477	-0.500587273394333	NA	0.575099299584757	-0.690167238781929	0.553933535145292	-0.498042214812989	-1.35156032783198	-1.58735936443677	-2.38344656900942	-0.781476711819611	-0.155768628400453	0.550185540953986	-1.6912523763913	-0.674049513208248	-3.84574344651288	0.241449718541156	-1.18876573885335
hsa-miR-877-3p|MIMAT0004950	NA	NA	NA	-2.08786829552582	NA	NA	NA	-1.65677639958902	-1.41768294055853	-2.39184177250756	NA	NA	NA	NA	NA	NA	-3.38483986976772	-2.5998118570687	NA	NA	NA	NA	NA	NA	NA	NA	NA	NA	NA	NA	NA	NA	NA	NA	NA	NA	NA	-2.78147423198854	-1.74073112912161	NA	NA	NA	NA	-1.08047837634621	-2.77372823957451
hsa-miR-887-3p|MIMAT0004951	0.617909664820285	1.730793400517	1.89010811089315	1.08205806884414	1.79282495760134	0.920555515267515	1.87431736464768	1.80265397841711	2.75224056200887	1.51504528965894	0.5990292258323	-0.631835111329996	1.34314797165295	1.11859096392629	1.35286471794811	1.68593925166556	-0.0629117748803609	0.722117112391042	1.37435790117047	-0.0755914600604377	1.85572783635108	1.89179711566396	1.85915894720904	2.6303486199762	2.47470599601366	1.31825840919464	1.59496648839849	2.30916367009436	-0.0855502843929778	0.225595767340318	2.5010994826629	0.309831597344626	2.13889603586645	0.916994775087754	2.0407560430652	0.73456612927923	1.42391104151706	1.02587714745194	1.25926887087839	1.39818124329806	0.116102545666302	1.20041960470789	0.241716954454913	2.77750346041446	1.22627176042549
hsa-miR-665|MIMAT0004952	-3.08253005332081	NA	NA	NA	-2.20717462602775	-2.98633050724543	NA	-1.65677639958902	NA	-3.39184934417964	NA	-0.631835111329996	NA	NA	NA	NA	NA	-2.5998118570687	NA	-0.882943341517463	-0.603704579500209	NA	-2.78470161683252	NA	NA	NA	-1.86446513023881	-0.690837785422477	-2.08555181522653	NA	NA	NA	NA	NA	NA	NA	-0.798484068288266	-1.78147423198854	NA	NA	NA	NA	-2.84574344651288	-1.08047837634621	NA
hsa-miR-873-5p|MIMAT0004953	NA	NA	-2.86477510985516	NA	NA	NA	NA	NA	NA	NA	NA	NA	NA	NA	NA	NA	NA	NA	NA	NA	NA	NA	NA	NA	NA	NA	NA	NA	NA	NA	NA	NA	NA	NA	NA	-1.58735936443677	-2.38344656900942	NA	NA	NA	-2.6912523763913	NA	-3.84574344651288	-1.08047837634621	-2.77372823957451
hsa-miR-543|MIMAT0004954	0.376901565316491	-0.854168665540085	0.305146388612056	0.497096249586333	0.114753468859615	2.62837397048064	-0.50419433730679	-0.071815415194987	-0.4176848676837	1.19311694238253	-0.985933274888856	-0.631835111329996	NA	0.418151079679271	0.0309377527305064	0.598476690659164	-0.577484947710119	-0.277883762181341	-1.7955687697206	4.96254245258431	1.20365159532204	1.06172159875321	0.915742689700022	-2.0135089678146	0.786649886974763	3.59836627733905	-0.279502629517654	0.894125491574507	2.95884415968753	NA	1.57510026797912	1.72486807823344	0.138897018572841	-0.498042214812989	1.23340094569392	1.50010092664561	1.31699604440564	1.21852204826326	0.259268870878391	0.228257199750845	-0.106289875670146	-0.259012013929404	1.67781445124588	2.56337830157577	0.226271760425489
hsa-miR-374b-5p|MIMAT0004955	6.2573204210549	5.76543876682199	6.02700425704746	5.82502259308429	6.43668081427924	6.07165563856598	6.0287456549609	6.26208546547226	7.15217103478757	5.8127257784107	5.58392097993935	5.84389809357397	6.09803530532687	6.37234739006615	6.53078273482972	6.18719093768501	6.04561213588369	6.08318359905745	6.66795730610453	4.59278590435097	6.47311208936044	6.48425379035349	5.71514882906691	6.66244938965342	6.65838398162699	5.71057569422393	6.16344128901253	7.03026286018118	7.21136611475305	6.00038287201375	7.17798466474206	6.82026538108997	5.57630112139525	5.9449020070456	6.18759719670035	6.32253144804045	6.71721874543025	6.19866110292714	6.68343492107528	5.61627364321039	5.45849618674488	5.13330499779837	5.46486518666386	5.92514698009498	6.25969540213612
hsa-miR-374b-3p|MIMAT0004956	0.617909664820285	-0.854168665540085	-0.542851218538934	0.719487502699707	1.60017982017737	0.335593014546359	0.981232343704929	0.928184584805013	0.904244383479071	0.515045289658936	1.82142042257108	0.95312738939116	1.02121959243947	0.588075361328995	1.49036885788166	-0.0795954050193465	1.13872143107233	0.400188142931297	1.66386421482946	-0.297984388164272	0.71822439232252	0.47675909803205	-1.19973580227163	0.793846786395593	0.786650723288443	0.318258987742286	1.13553486976119	0.63109217252617	0.914449715607022	-0.189441731938525	2.06052716432036	0.894792934191399	-0.44606744756177	1.08692096507869	0.455793542344042	0.872069889499482	1.07598778697796	0.918960907999555	2.25926856953138	0.0356098345884924	-1.10628987567015	1.06291608095796	0.324178097861274	0.241449718541156	0.0336266824830932
hsa-miR-760|MIMAT0004957	-3.08253005332081	-2.43912855827956	NA	1.08205806884414	0.792824541230298	-0.401371817436244	0.633310302562283	-0.656776399589015	-0.417682940558534	-1.80688684345848	NA	0.368164888670004	NA	-2.58184676094512	NA	-1.40152045085577	0.0745917488695738	-1.5998118570687	NA	0.117052667692963	0.396296516668916	-0.108204439395808	-2.78470161683252	-2.0135089678146	-1.38327344184067	-2.48909477722073	-1.86446513023881	NA	NA	-0.774404232659682	-0.746828795302606	0.894793710107759	NA	-2.08300675304763	-1.35156032783198	1.11307835280369	-0.383444687080682	0.218523288180389	1.84423137159955	1.13514804167514	-1.10628987567015	-1.2590120139294	-2.26078094579172	-1.08047837634621	NA
hsa-miR-301b-3p|MIMAT0004958	-1.49756755259965	-1.43913247025385	-0.057424691624243	2.7194881598253	NA	-1.98633622361716	-2.82612038597639	-0.656778674080305	0.167278275412797	-0.069916706284258	-0.985933274888856	-0.631835111329996	-1.97878182919197	-2.58184676094512	-1.96906224726949	-0.816560491009948	0.615160130232277	-1.01484935634755	NA	NA	0.71822439232252	-2.10820132927794	NA	1.44592423947723	-2.38327344184067	-0.904134976388392	-0.864465130238811	-0.105873732150083	-2.08555181522653	-0.774404232659682	-0.16186629458145	0.0467969587360309	0.138895708297502	-0.0830052249122459	-0.351562168625255	-2.58735936443677	-0.798481559050491	-0.781476711819611	-1.15576862840045	-0.771741568670681	-0.691252376391303	NA	-1.5238195001083	-1.08047837634621	-0.451800144687148
hsa-miR-216b-5p|MIMAT0004959	-0.497567552599651	NA	1.99320189912767	NA	NA	NA	-1.82612038597639	-0.656776399589015	-1.41768294055853	-1.80688179567268	3.26199303544124	NA	NA	3.0328607915877	0.352865847617869	0.183439508990052	NA	0.722116237818659	1.52636082767073	-2.88294334151746	NA	2.06172159875321	1.97018993557848	3.41275700608764	1.42407986732676	0.0958663735566498	1.45746296464855	-0.690835456596247	4.94787286905916	1.22559576734032	0.575099299584757	1.18429997461354	0.875861826573987	-2.08300675304763	-0.351562168625255	-2.58735936443677	NA	6.92415392629313	-0.740731129121609	-2.77174649499089	-2.6912523763913	-0.259012013929404	-2.26078094579172	NA	4.92671214263762
hsa-miR-208b-3p|MIMAT0004960	NA	NA	NA	-2.08786829552582	NA	NA	NA	NA	NA	NA	NA	NA	NA	NA	NA	NA	NA	NA	NA	NA	NA	NA	NA	NA	NA	NA	NA	NA	NA	NA	NA	NA	NA	NA	NA	NA	NA	NA	NA	NA	NA	NA	NA	NA	NA
hsa-miR-920|MIMAT0004970	NA	NA	NA	NA	NA	NA	NA	NA	NA	NA	NA	NA	NA	NA	NA	NA	NA	NA	NA	NA	NA	NA	NA	NA	NA	NA	NA	NA	NA	NA	NA	NA	NA	NA	NA	NA	NA	NA	NA	NA	NA	NA	NA	NA	NA
hsa-miR-921|MIMAT0004971	NA	NA	NA	NA	NA	NA	NA	NA	NA	NA	NA	NA	NA	NA	NA	NA	NA	NA	NA	NA	NA	NA	NA	NA	NA	NA	NA	NA	NA	NA	NA	NA	NA	NA	NA	NA	NA	NA	NA	NA	NA	NA	NA	NA	NA
hsa-miR-922|MIMAT0004972	NA	NA	NA	NA	NA	NA	-2.82612038597639	NA	NA	NA	NA	NA	NA	NA	NA	NA	NA	NA	NA	NA	NA	NA	NA	NA	NA	NA	NA	NA	NA	NA	NA	NA	NA	NA	NA	NA	NA	NA	NA	NA	NA	NA	NA	NA	NA
hsa-miR-924|MIMAT0004974	NA	NA	NA	NA	NA	NA	NA	NA	NA	NA	NA	NA	NA	NA	NA	NA	NA	NA	NA	NA	NA	NA	NA	NA	NA	NA	NA	NA	NA	NA	NA	NA	NA	NA	NA	NA	NA	NA	NA	NA	NA	NA	NA	NA	NA
hsa-miR-509-3-5p|MIMAT0004975	-3.08253005332081	NA	-2.86477510985516	NA	NA	NA	NA	NA	-0.4176848676837	NA	NA	NA	NA	NA	NA	NA	-2.38483986976772	NA	NA	NA	NA	NA	NA	NA	NA	NA	NA	NA	NA	NA	NA	NA	NA	NA	NA	NA	NA	NA	NA	-2.77174649499089	NA	NA	NA	NA	NA
hsa-miR-933|MIMAT0004976	NA	NA	NA	NA	NA	NA	NA	-1.65677639958902	NA	NA	NA	NA	NA	NA	NA	NA	NA	NA	NA	NA	NA	NA	NA	NA	NA	NA	NA	NA	NA	-1.77440423265968	NA	NA	NA	NA	NA	NA	NA	NA	NA	NA	NA	NA	NA	NA	NA
hsa-miR-934|MIMAT0004977	0.824360542287712	2.08442999606128	-2.86477510985516	NA	2.31638646108113	NA	NA	NA	NA	-0.069916706284258	NA	NA	1.72165920122435	-2.58184676094512	NA	-1.40152045085577	NA	1.64811657697738	NA	NA	NA	-1.10820132927794	-2.78470161683252	NA	-2.38327344184067	2.09586569858429	NA	-0.105873732150083	1.0843745469568	-1.77440423265968	NA	NA	NA	NA	0.648437831374745	NA	NA	2.466449104895	NA	NA	3.43803197169445	NA	2.7088414332134	NA	-1.77372823957451
hsa-miR-935|MIMAT0004978	0.824360542287712	-1.43912855827956	1.38314797877636	-1.08786829552582	-2.20717462602775	-2.98633050724543	3.03185831597591	-0.656776399589015	NA	0.193116942382527	0.599028273367538	NA	1.92811028282337	-0.259920393557986	-0.969062247269494	0.183439508990052	-3.38483986976772	1.4001886895391	1.20443310840911	0.576485374728512	NA	-2.10820132927794	1.46323008251262	-1.0135089678146	0.201686549939442	2.59836639645182	NA	2.30916367009436	-1.08554875356105	0.810558268061475	NA	2.30983101540755	2.72385820901866	1.50195829456493	-1.35156032783198	-1.58735936443677	3.42391117594037	1.54044989516706	1.50719638432198	-0.186780710054391	3.19139209435811	0.5483429081282	3.44887307462547	-1.08047837634621	-1.18876573885335
hsa-miR-936|MIMAT0004979	NA	NA	NA	NA	NA	NA	NA	NA	NA	NA	NA	NA	NA	NA	NA	NA	NA	NA	NA	NA	NA	NA	NA	NA	NA	NA	NA	NA	NA	NA	NA	NA	NA	NA	NA	NA	NA	NA	NA	NA	NA	NA	NA	NA	NA
hsa-miR-937-3p|MIMAT0004980	-2.08253005332081	-1.43912855827956	-1.86477510985516	4.08205806884414	1.25225699260955	-1.98633622361716	-0.826120385976391	-0.656778674080305	-1.41768294055853	-1.39184555833863	-0.985933274888856	0.368164888670004	0.343147403000655	-0.581848920320729	-1.96906224726949	-1.40152426217045	0.785085131674589	0.859620556634419	-0.795568769720598	-0.882946002042619	1.7182239538549	-0.52324090196795	NA	0.308420292086253	-0.383273441840673	0.510904210321557	-1.86446513023881	NA	-0.500589314505369	NA	-0.16186629458145	-0.275131485313604	0.55393255243823	-0.498042214812989	-2.35156032783198	-0.587359364436773	1.07598778697796	0.677953779620337	1.50719638432198	-0.449816429573424	2.06363616110399	0.062916080957958	0.854692282702678	1.08944730307836	0.226271760425489
hsa-miR-938|MIMAT0004981	-3.08253005332081	NA	NA	-2.08786829552582	NA	NA	NA	NA	NA	NA	NA	NA	NA	NA	NA	NA	-1.79987736904657	NA	NA	NA	NA	NA	NA	NA	NA	-2.48909477722073	NA	NA	NA	NA	NA	NA	NA	NA	NA	NA	NA	-2.78147423198854	NA	-2.77174649499089	NA	NA	NA	-2.08047837634621	NA
hsa-miR-939-5p|MIMAT0004982	-2.08253005332081	-2.43912855827956	NA	1.08205875030749	-1.20717462602775	-0.986330507245425	-0.826120385976391	-1.65677639958902	0.167279560162622	-1.06991519195143	-0.985933274888856	0.95312738939116	-0.97878182919197	NA	-1.96906224726949	-1.40152045085577	0.0745917488695741	0.400188142931297	-1.7955687697206	-0.882943341517463	1.98125865200046	NA	-0.784699131452008	-0.428546467093445	NA	-0.489094777220727	-0.864465130238811	-1.69083778542248	NA	-0.189441731938525	-0.746828795302606	-0.690167238781929	0.138895708297502	-1.08300675304763	-2.35156032783198	-1.00239686371562	-2.38344656900942	-1.19651503770976	-2.74073112912161	-1.18678071005439	-0.106289875670146	NA	-2.26078094579172	-0.0804783763462067	-0.451800144687149
hsa-miR-940|MIMAT0004983	-3.08253005332081	-2.43912855827956	-0.864780364320996	1.37156499579524	-0.622212125306591	-0.986333365428463	-0.241159590436501	0.665149875705602	1.1672782754128	-1.06991519195143	0.599028273367538	NA	-0.393817432962541	-0.581848920320729	-0.969062247269494	-0.401524262170451	-1.79987736904657	1.2075430649889	-0.795568769720598	-1.29798438816427	1.85572783635108	0.47675909803205	-0.784699131452008	0.308420292086253	-0.061346852317412	-0.489094777220727	-0.864465130238811	-0.690835456596247	-0.0855487535610542	0.225595767340318	-0.161864680591203	-2.27512973950309	-1.44606548214831	-2.08300675304763	-0.351562168625255	-2.58735936443677	0.423910503823685	0.218522048263256	-0.155768628400453	-1.77174156867068	-1.10628987567015	0.325950486791752	-2.84574344651288	-2.08047837634621	-0.773728239574511
hsa-miR-941|MIMAT0004984	NA	NA	NA	NA	NA	NA	NA	NA	NA	NA	NA	NA	NA	NA	NA	NA	NA	NA	NA	NA	NA	NA	NA	NA	NA	NA	NA	NA	NA	NA	NA	NA	NA	NA	NA	NA	NA	NA	NA	NA	NA	NA	NA	NA	NA
hsa-miR-942-5p|MIMAT0004985	1.67235744884266	1.36822356951178	1.59465220967515	3.74502344023153	2.83721888770024	0.714106572573064	0.633310302562283	1.80265356487315	3.97463292216672	1.41550882288515	0.5990292258323	3.17551981072761	0.828574717587164	2.1730385018658	2.3528652827831	1.68593925166556	1.97271176728966	1.98515137246281	2.0117875832932	1.70201516841412	3.30318689304368	2.64668432985353	0.215302111236644	1.89338279280741	1.70418895665568	1.75883145732878	1.59496648839849	2.55709095371959	1.49941221632818	1.92603548548141	1.06052681846533	2.18429997461354	2.46082406524003	2.08692062549347	1.97036629442095	0.997600246093695	1.61655578340112	1.46644962696566	1.90312506065312	3.65452089472179	-0.106289875670146	1.91091298751291	1.19864690149808	3.04880551229017	2.03362668248309
hsa-miR-943|MIMAT0004986	NA	NA	NA	NA	-2.20717462602775	NA	NA	NA	-1.41768294055853	NA	NA	NA	NA	-1.58185107969957	NA	NA	NA	NA	NA	NA	NA	NA	NA	NA	-2.38327344184067	NA	-1.86446513023881	NA	NA	NA	NA	NA	NA	NA	NA	-2.58735936443677	NA	NA	NA	NA	NA	NA	NA	NA	NA
hsa-miR-944|MIMAT0004987	0.376901565316491	NA	-1.864780364321	NA	-2.20717462602775	NA	-0.826122943749046	-1.65677639958902	1.58231561409783	-1.39184555833863	0.0140652964137654	0.368164888670004	NA	0.0031128606078385	NA	1.05790770295042	NA	-0.277883762181341	-0.795568769720598	-1.88294334151746	-0.603704579500209	0.891796338134288	-2.78470161683252	-1.0135089678146	NA	-1.48909477722073	-0.864465130238811	NA	-1.08554875356105	-1.77440423265968	NA	NA	-1.44606548214831	NA	NA	NA	NA	-1.78147423198854	NA	-0.449814459046014	NA	NA	-1.84574863211822	-2.08047837634621	-1.77372823957451
hsa-miR-297|MIMAT0004450	NA	NA	NA	NA	NA	NA	NA	NA	NA	NA	NA	NA	NA	NA	NA	NA	NA	NA	NA	NA	NA	NA	NA	NA	NA	NA	NA	NA	NA	NA	NA	NA	NA	NA	NA	NA	NA	NA	NA	NA	NA	NA	NA	NA	NA
hsa-miR-1178-3p|MIMAT0005823	NA	NA	NA	NA	NA	NA	NA	NA	NA	NA	NA	NA	NA	NA	NA	NA	NA	NA	NA	NA	NA	NA	NA	NA	NA	NA	NA	NA	NA	NA	NA	NA	NA	NA	NA	NA	NA	NA	NA	NA	NA	NA	NA	NA	NA
hsa-miR-1179|MIMAT0005824	-3.08253005332081	-2.43912855827956	-0.2798161121091	-1.08786829552582	-1.20717462602775	NA	NA	NA	NA	-2.39184934417964	NA	NA	NA	-2.58184676094512	-1.96906224726949	NA	-3.38483986976772	-2.5998118570687	NA	-2.88294334151746	NA	NA	NA	NA	NA	-1.48909477722073	NA	-1.69083778542248	NA	-1.77440423265968	NA	-1.27512973950308	NA	-2.08300675304763	-2.35156032783198	NA	-1.38344656900942	NA	NA	-0.771744031828681	NA	-2.2590120139294	-2.84574344651288	-2.08047837634621	-2.77372823957451
hsa-miR-1180-3p|MIMAT0005825	2.37690212081869	3.8462697486084	3.57816403747148	5.02065776121077	3.69971519235496	3.45660746934821	4.25069286171306	4.61000878231931	3.44029645970702	5.27349052669148	3.26199288505198	3.89172665033517	3.72165941993677	2.37234732040881	3.5227900959471	3.52921363771819	5.00317683077184	4.36597326718288	2.95932040189162	4.15047551690998	5.59596880930677	3.91416456983262	2.99666279631714	4.75467669298689	2.78664988697476	3.55529750130499	3.52785266777757	3.47908863919187	4.77243086909659	3.4735232807839	5.63687645396828	4.42530809853428	4.10852219864503	3.64491646945772	3.62571842691057	5.19399802379856	4.7354974823052	4.39843061665756	4.71047970719346	4.59457864519259	3.81654369734357	2.8702708057111	2.9091400224036	3.98561154268949	3.37601943577235
hsa-miR-1181|MIMAT0005826	NA	NA	NA	-2.08786829552582	NA	NA	NA	-1.65677639958902	NA	-3.39184934417964	NA	NA	NA	NA	NA	-2.40152045085577	-3.38483986976772	NA	-1.7955687697206	-2.88294334151746	NA	NA	NA	NA	NA	NA	NA	NA	NA	-1.77440423265968	NA	NA	NA	NA	NA	NA	NA	NA	NA	NA	NA	NA	-3.84574344651288	NA	NA
hsa-miR-1182|MIMAT0005827	NA	NA	NA	NA	NA	NA	NA	NA	NA	NA	NA	NA	NA	NA	NA	NA	NA	NA	NA	NA	NA	NA	NA	NA	NA	NA	NA	NA	NA	NA	NA	NA	NA	NA	NA	NA	NA	NA	NA	NA	NA	NA	NA	NA	NA
hsa-miR-1183|MIMAT0005828	NA	NA	NA	NA	NA	NA	NA	NA	NA	NA	NA	NA	NA	NA	NA	NA	NA	NA	NA	NA	NA	NA	NA	NA	NA	NA	NA	NA	NA	NA	NA	NA	NA	NA	NA	NA	NA	NA	NA	NA	NA	NA	NA	NA	NA
hsa-miR-1184|MIMAT0005829	NA	NA	NA	NA	NA	NA	NA	NA	NA	NA	NA	NA	NA	NA	NA	NA	NA	NA	NA	NA	NA	NA	NA	NA	NA	NA	NA	NA	NA	NA	NA	NA	NA	NA	NA	NA	NA	NA	NA	NA	NA	NA	NA	NA	NA
hsa-miR-1225-5p|MIMAT0005572	NA	NA	NA	NA	NA	NA	NA	NA	NA	NA	NA	NA	NA	NA	NA	NA	NA	NA	NA	NA	NA	NA	NA	-2.0135089678146	NA	NA	NA	NA	NA	NA	NA	NA	NA	NA	NA	NA	NA	NA	NA	NA	NA	NA	NA	NA	NA
hsa-miR-1225-3p|MIMAT0005573	NA	NA	NA	NA	NA	NA	-2.82612038597639	NA	NA	NA	NA	NA	NA	NA	-1.96906224726949	NA	NA	NA	NA	NA	NA	NA	NA	NA	-2.38327344184067	NA	NA	NA	NA	NA	NA	NA	NA	NA	NA	NA	NA	NA	NA	NA	NA	NA	NA	NA	NA
hsa-miR-1226-5p|MIMAT0005576	NA	NA	NA	NA	NA	NA	NA	NA	NA	NA	NA	-0.631835111329996	NA	NA	NA	NA	NA	NA	NA	NA	NA	NA	NA	NA	NA	NA	NA	NA	NA	NA	NA	NA	NA	NA	NA	NA	NA	NA	NA	NA	NA	NA	NA	NA	NA
hsa-miR-1226-3p|MIMAT0005577	-2.08253005332081	-1.43912855827956	-1.864780364321	0.497095227391195	0.792824541230298	-0.986333365428463	-1.24115788525523	-0.071815415194987	-0.4176848676837	-0.806884319563372	NA	-0.631835111329996	-1.97878182919197	-1.58185107969957	-0.384099746548338	-1.40152426217045	-1.79987736904657	-1.01484935634755	-1.7955687697206	-1.29798438816427	0.71822439232252	-2.10820132927794	-2.78470161683252	-1.0135089678146	-2.38327344184067	-1.48909477722073	NA	-1.69083778542248	-2.08555181522653	0.225595767340318	-0.161864680591203	-0.275131485313604	-0.44606744756177	-2.08300675304763	-2.35156032783198	-1.58736369972498	NA	-1.78147919165494	-0.155768628400453	-1.77174156867068	-2.6912523763913	-2.2590120139294	-3.84574344651288	-2.08047837634621	NA
hsa-miR-1227-3p|MIMAT0005580	NA	NA	NA	-1.08786522894041	-2.20717462602775	-2.98633050724543	NA	NA	NA	NA	NA	NA	-1.97878182919197	NA	NA	NA	NA	-2.5998118570687	NA	-2.88294334151746	NA	NA	NA	NA	-2.38327344184067	-2.48909477722073	NA	NA	NA	NA	NA	NA	NA	NA	NA	NA	NA	NA	NA	NA	NA	NA	NA	-2.08047837634621	NA
hsa-miR-1228-5p|MIMAT0005582	-3.08253005332081	NA	-0.864780364320996	-1.08786829552582	0.377787874693409	-2.98633050724543	-1.24115788525523	0.928184584805013	0.582316095879204	-1.80688179567268	0.599028273367538	NA	-1.97878182919197	-0.259920393557986	-1.96906224726949	0.598476690659164	-1.79987736904657	-0.277883762181341	-0.21060459955069	-1.88294866257268	-0.603704579500209	1.21372489953951	-2.78470161683252	-1.0135089678146	0.786649886974763	-2.48909477722073	-0.864465130238811	-1.69083778542248	-2.08555181522653	0.547523862227681	NA	-1.27512973950308	NA	-2.08300675304763	-2.35156032783198	-2.58735936443677	-2.38344656900942	-1.78147423198854	-2.74073112912161	-1.77174156867068	-2.6912523763913	-2.2590120139294	-2.84574344651288	-0.0804783763462067	0.226271760425489
hsa-miR-1228-3p|MIMAT0005583	NA	-2.43912855827956	-0.27981786359984	-1.08786829552582	-0.622212125306591	NA	-1.82612038597639	-0.656778674080305	NA	-1.80688179567268	1.82142042257108	-0.631835111329996	-1.97878182919197	-0.259920393557986	-0.969062247269494	-0.401524262170451	-2.38483986976772	-2.5998118570687	-0.795566265548194	-1.88294866257268	-0.603704579500209	-0.108202884336035	NA	NA	-0.798310941119517	-0.904134976388392	-0.279502629517654	-0.105873732150083	-2.08555181522653	1.03295068939792	NA	NA	-0.446065482148315	-2.08300675304763	-1.35156032783198	-0.265433003663129	-0.0615154630372535	-0.781476711819611	-1.74073112912161	-1.18678071005439	-0.691252376391303	NA	-2.26078094579172	-0.495515875625051	-0.188765738853355
hsa-miR-1229-3p|MIMAT0005584	-3.08253005332081	-0.854166057558406	-2.86477510985516	0.234061025996487	-0.207174626027748	-0.986333365428463	-1.82612038597639	NA	-0.417682940558534	-1.39184555833863	-0.985933274888856	NA	NA	-1.58184676094512	-1.96906224726949	-0.816560491009948	-1.38483986976772	-0.599811857068703	NA	-2.88294334151746	-0.603704579500209	-0.52324090196795	-1.78469664607577	-2.0135089678146	NA	-1.48909477722073	-0.279502629517654	NA	-2.08555181522653	NA	NA	-0.690169566529757	1.13889636343532	-1.08300675304763	-2.35156032783198	-0.265433003663129	-2.38344656900942	-1.19651503770976	-1.74073112912161	-2.77174649499089	-0.691252376391303	-0.674049513208248	-2.84574344651288	NA	-2.77372823957451
hsa-miR-1231|MIMAT0005586	NA	NA	NA	NA	NA	NA	NA	NA	NA	NA	NA	NA	NA	NA	NA	NA	NA	NA	NA	NA	NA	NA	NA	NA	NA	NA	NA	NA	NA	NA	NA	NA	NA	NA	NA	NA	NA	NA	NA	NA	NA	NA	NA	NA	NA
hsa-miR-1233-3p|MIMAT0005588	NA	NA	NA	NA	NA	NA	NA	NA	NA	NA	NA	NA	NA	NA	NA	NA	NA	NA	NA	NA	NA	NA	NA	NA	NA	NA	NA	NA	NA	NA	NA	NA	NA	NA	NA	NA	NA	NA	NA	NA	NA	NA	NA	NA	NA
hsa-miR-1234-3p|MIMAT0005589	NA	NA	NA	NA	-2.20717462602775	NA	NA	NA	NA	NA	NA	NA	NA	NA	NA	NA	NA	-2.5998118570687	NA	NA	NA	NA	NA	NA	-2.38327344184067	NA	NA	NA	NA	NA	NA	NA	NA	NA	NA	NA	NA	NA	NA	-2.77174649499089	-2.6912523763913	NA	NA	-2.08047837634621	-2.77372823957451
hsa-miR-1236-3p|MIMAT0005591	NA	NA	NA	NA	NA	NA	NA	NA	NA	NA	NA	NA	NA	NA	NA	NA	NA	NA	NA	NA	NA	NA	NA	NA	NA	-2.48909477722073	NA	NA	NA	NA	NA	NA	NA	NA	NA	NA	NA	NA	NA	NA	NA	NA	NA	NA	NA
hsa-miR-1237-3p|MIMAT0005592	NA	NA	NA	NA	NA	NA	NA	NA	NA	-3.39184934417964	NA	NA	NA	NA	NA	NA	NA	-2.5998118570687	NA	NA	NA	NA	NA	NA	NA	NA	-1.86446513023881	NA	NA	NA	NA	NA	NA	NA	NA	NA	NA	-2.78147423198854	-2.74073112912161	NA	NA	NA	-3.84574344651288	NA	NA
hsa-miR-1238-3p|MIMAT0005593	NA	NA	NA	-2.08786829552582	NA	NA	NA	NA	NA	NA	NA	NA	NA	-2.58184676094512	NA	-2.40152045085577	NA	NA	NA	NA	NA	NA	NA	NA	NA	-2.48909477722073	NA	NA	NA	NA	NA	NA	NA	NA	NA	NA	NA	NA	NA	NA	NA	-2.2590120139294	NA	NA	NA
hsa-miR-1200|MIMAT0005863	NA	NA	NA	NA	NA	NA	NA	NA	NA	NA	NA	NA	NA	NA	NA	NA	NA	NA	NA	NA	NA	NA	NA	NA	NA	NA	NA	NA	NA	NA	NA	NA	NA	NA	NA	NA	NA	NA	NA	NA	NA	NA	NA	NA	NA
hsa-miR-1202|MIMAT0005865	NA	NA	NA	NA	NA	NA	NA	NA	NA	NA	NA	NA	NA	NA	NA	NA	NA	NA	NA	NA	NA	NA	NA	NA	NA	NA	NA	NA	NA	NA	NA	NA	NA	NA	NA	NA	NA	NA	NA	NA	NA	NA	NA	NA	NA
hsa-miR-1203|MIMAT0005866	NA	NA	NA	NA	NA	NA	NA	NA	NA	NA	NA	NA	NA	NA	NA	NA	NA	NA	NA	NA	NA	NA	NA	NA	NA	NA	NA	NA	NA	NA	NA	NA	NA	NA	NA	NA	NA	NA	NA	NA	NA	NA	NA	NA	NA
hsa-miR-663b|MIMAT0005867	NA	NA	NA	NA	NA	NA	NA	NA	NA	NA	NA	NA	NA	NA	NA	NA	NA	NA	NA	NA	NA	NA	NA	NA	NA	NA	NA	NA	NA	NA	NA	NA	NA	NA	NA	NA	NA	NA	NA	NA	NA	NA	NA	NA	NA
hsa-miR-1204|MIMAT0005868	NA	NA	NA	NA	NA	NA	NA	NA	NA	NA	NA	NA	NA	NA	NA	NA	NA	NA	NA	NA	NA	NA	NA	NA	NA	NA	NA	NA	NA	NA	NA	NA	NA	NA	NA	NA	NA	NA	NA	NA	NA	NA	NA	NA	NA
hsa-miR-1205|MIMAT0005869	NA	NA	NA	NA	NA	NA	NA	NA	NA	NA	NA	NA	NA	NA	NA	NA	NA	NA	NA	NA	NA	NA	NA	NA	NA	NA	NA	NA	NA	NA	NA	NA	NA	NA	NA	NA	NA	NA	NA	NA	NA	NA	NA	NA	NA
hsa-miR-1206|MIMAT0005870	NA	NA	NA	NA	NA	NA	NA	NA	NA	NA	NA	NA	NA	NA	NA	NA	NA	NA	NA	NA	NA	NA	NA	NA	NA	NA	NA	NA	NA	NA	NA	NA	NA	NA	NA	NA	NA	NA	NA	NA	NA	NA	NA	NA	NA
hsa-miR-1207-5p|MIMAT0005871	NA	NA	NA	NA	NA	NA	NA	NA	NA	NA	NA	NA	NA	NA	NA	NA	NA	NA	NA	NA	NA	NA	NA	NA	NA	NA	NA	NA	NA	NA	NA	NA	NA	NA	NA	NA	NA	NA	NA	NA	NA	NA	NA	NA	NA
hsa-miR-1207-3p|MIMAT0005872	NA	NA	NA	NA	NA	NA	NA	NA	NA	NA	NA	NA	NA	NA	NA	NA	NA	NA	NA	NA	NA	NA	NA	NA	NA	NA	NA	NA	NA	NA	NA	NA	NA	NA	NA	NA	NA	NA	NA	NA	NA	NA	NA	NA	NA
hsa-miR-1208|MIMAT0005873	NA	NA	NA	NA	NA	NA	NA	NA	NA	NA	NA	NA	NA	NA	NA	NA	NA	NA	NA	NA	NA	NA	NA	NA	NA	NA	NA	NA	NA	NA	NA	NA	NA	NA	NA	NA	NA	NA	NA	NA	NA	NA	NA	NA	NA
hsa-miR-548e-3p|MIMAT0005874	-1.08253005332081	-2.43912855827956	NA	-1.08786829552582	-1.20717462602775	-2.98633050724543	-0.826120385976391	NA	0.167278275412797	-1.39184555833863	0.0140667251111436	NA	-1.97878182919197	-0.996887139392162	-1.96906224726949	-1.40152426217045	-0.214914868325411	-2.5998118570687	-0.795566265548194	-2.88294334151746	-0.603704579500209	0.21372552156308	-2.78470161683252	NA	-2.38327344184067	-2.48909477722073	-1.86446513023881	NA	-0.0855518152265255	NA	NA	-1.27512973950308	-0.446065482148315	NA	-2.35156032783198	-2.58735936443677	-0.798481559050491	-1.78147423198854	-2.74073112912161	-1.18678071005439	NA	-2.2590120139294	-1.84574344651288	-1.08047837634621	-1.18876573885335
hsa-miR-548j-5p|MIMAT0005875	-3.08253005332081	-1.43913247025385	-1.864780364321	-1.08786829552582	-0.207174626027748	NA	-2.82612038597639	NA	0.582316095879204	-1.06991519195143	0.599028273367538	0.95312738939116	-0.978778985930494	1.00311358040043	-0.969062247269494	0.768401162751768	-1.38483986976772	-0.599811857068703	0.78939540044931	-1.88294866257268	-0.0187420787790525	-0.108202884336035	-1.78470161683252	-0.428546467093445	-2.38327344184067	-1.48909477722073	-0.279502629517654	-0.105873732150083	-1.08555181522653	-1.77440423265968	-1.74682879530261	-0.690169566529757	-0.446065482148315	0.238923786855569	-1.35156032783198	-2.58735936443677	-1.38344656900942	-0.196515037709759	-0.740731129121609	NA	-2.6912523763913	NA	-2.84574344651288	-0.495515875625051	1.87012873949604
hsa-miR-1285-3p|MIMAT0005876	NA	NA	NA	NA	NA	NA	NA	NA	NA	NA	NA	NA	NA	NA	NA	NA	NA	NA	NA	NA	NA	NA	NA	NA	NA	NA	NA	NA	NA	NA	NA	NA	NA	NA	NA	NA	-2.38344656900942	NA	NA	-2.77174649499089	NA	NA	-3.84574344651288	NA	NA
hsa-miR-1286|MIMAT0005877	NA	NA	NA	NA	NA	NA	NA	NA	NA	NA	NA	NA	NA	NA	NA	NA	NA	-2.5998118570687	NA	NA	NA	NA	NA	NA	NA	NA	NA	NA	NA	NA	-1.74682879530261	NA	NA	NA	NA	NA	NA	NA	NA	NA	NA	NA	NA	NA	NA
hsa-miR-1287-5p|MIMAT0005878	4.16539786213097	2.88279562463351	4.12390527404876	3.46672225256157	4.6257146284426	3.05805806896501	4.29281833138829	4.71826171638989	5.04174705754186	3.81760801193009	4.26199296024661	5.06860439185857	5.96958694489153	3.64696962621666	4.33471764293065	3.57575620580361	6.04351973425771	5.0726143423267	3.84828912289183	3.30687713545893	5.65368435219707	4.64668427225874	3.36504998335506	5.05258152676269	3.88351143708857	3.29226316910455	3.91689506086099	4.19180676386177	3.23637796357765	4.05848578150506	5.18390953446761	7.47306120999482	3.3612884572029	3.4405578606351	4.15623309865713	5.4013230693526	3.92033713308005	4.12541214790462	5.2479533298607	4.38812759777291	4.77635454243531	1.91091260386532	3.38307095721725	4.00698518276768	4.10891539507029
hsa-miR-1289|MIMAT0005879	NA	NA	NA	NA	NA	NA	NA	NA	NA	NA	NA	NA	NA	NA	NA	NA	NA	NA	NA	NA	NA	NA	NA	NA	NA	NA	NA	NA	NA	NA	NA	NA	NA	NA	NA	NA	NA	NA	-1.15576862840045	NA	NA	NA	NA	NA	NA
hsa-miR-1290|MIMAT0005880	NA	NA	NA	NA	NA	NA	NA	NA	NA	NA	NA	NA	NA	NA	NA	NA	NA	NA	NA	NA	NA	NA	NA	NA	NA	NA	NA	NA	NA	NA	NA	NA	NA	NA	NA	NA	NA	NA	NA	NA	NA	NA	NA	NA	NA
hsa-miR-1291|MIMAT0005881	NA	-2.43912855827956	-1.86477510985516	-2.08786829552582	NA	-1.98633050724543	-0.241159590436501	NA	-0.417682940558534	-1.80688684345848	NA	0.95312738939116	NA	-0.996884260223962	-0.384099746548338	-1.40152426217045	-0.799877369046567	-2.5998118570687	-0.210606268999442	NA	-0.0187420787790525	-0.108201329277939	NA	NA	-2.38327344184067	-1.48909477722073	-1.86446513023881	-0.690837785422477	NA	-1.77440423265968	NA	NA	NA	-1.08300675304763	-1.35156032783198	-1.58735936443677	-0.798484068288266	-1.19651503770976	NA	-1.77174649499089	-2.6912523763913	0.062916080957958	NA	-2.08047837634621	-0.773728239574511
hsa-miR-548k|MIMAT0005882	-2.08253005332081	-2.43912855827956	NA	NA	0.377787874693409	NA	-1.24115788525523	NA	NA	-1.80688179567268	NA	NA	NA	NA	-0.384099746548338	NA	-3.38483986976772	-2.5998118570687	-0.795568769720598	-2.88294334151746	NA	NA	NA	NA	-1.38327344184067	NA	NA	NA	-2.08555181522653	NA	NA	-2.27512973950309	-1.44606548214831	NA	-1.35156032783198	NA	NA	-2.78147423198854	NA	-2.77174649499089	NA	NA	-3.84574344651288	NA	NA
hsa-miR-1293|MIMAT0005883	NA	NA	NA	-2.08786829552582	NA	NA	NA	NA	NA	NA	NA	NA	NA	NA	NA	NA	NA	-2.5998118570687	NA	NA	NA	NA	-2.78470161683252	-2.0135089678146	NA	NA	NA	NA	NA	NA	NA	-1.27512973950308	NA	NA	NA	NA	NA	NA	NA	NA	NA	NA	NA	-0.495515875625051	NA
hsa-miR-1294|MIMAT0005884	NA	NA	-2.86477510985516	NA	-1.20717462602775	NA	NA	-1.65677639958902	-0.417682940558534	-1.80688684345848	NA	NA	NA	-2.58184676094512	NA	-2.40152045085577	NA	NA	-1.7955687697206	NA	-1.60370457950021	NA	-1.78469664607577	NA	NA	NA	NA	-1.69083778542248	NA	-0.774404232659682	-1.74682879530261	-2.27512973950309	NA	NA	NA	-2.58735936443677	NA	NA	-2.74073112912161	-1.77174156867068	NA	NA	-3.84574344651288	-1.08047837634621	NA
hsa-miR-1295a|MIMAT0005885	-1.49756755259965	-1.43913247025385	-1.2798161121091	2.23406133265506	-2.20717462602775	2.5986269916517	-0.50419433730679	-1.65677639958902	1.16727763303746	0.515045289658936	-0.985933274888856	NA	1.34314740300066	0.0031128606078385	-1.96906224726949	-0.816557950134613	0.422515052289881	NA	-0.795566265548194	NA	-1.60370457950021	-2.10820132927794	NA	-0.0135075115478828	-0.798310941119517	NA	NA	1.76859510348414	-1.08554875356105	1.22559576734032	NA	NA	NA	-1.08300675304763	-2.35156032783198	-1.58736369972498	-1.38344656900942	-1.78147423198854	0.259268870878391	-2.77174649499089	-1.6912523763913	NA	-2.26078094579172	NA	NA
hsa-miR-1297|MIMAT0005886	NA	NA	NA	NA	NA	NA	-2.82612038597639	NA	NA	NA	NA	NA	NA	NA	NA	NA	NA	NA	NA	NA	NA	NA	NA	NA	NA	NA	NA	NA	NA	NA	NA	NA	NA	NA	NA	NA	NA	NA	NA	NA	NA	NA	NA	NA	NA
hsa-miR-1299|MIMAT0005887	NA	NA	NA	NA	NA	NA	NA	NA	NA	NA	NA	NA	NA	NA	NA	NA	NA	NA	NA	NA	NA	NA	NA	NA	NA	NA	NA	NA	NA	NA	NA	NA	NA	NA	NA	NA	NA	NA	NA	NA	NA	NA	NA	NA	NA
hsa-miR-548l|MIMAT0005889	NA	NA	NA	NA	NA	NA	-2.82612038597639	NA	NA	NA	NA	NA	NA	NA	NA	NA	NA	NA	NA	NA	NA	NA	NA	NA	NA	NA	NA	-1.69083778542248	NA	NA	-1.74682879530261	NA	NA	NA	NA	-2.58735936443677	-1.38344656900942	-2.78147423198854	-2.74073112912161	-2.77174649499089	NA	NA	NA	-2.08047837634621	NA
hsa-miR-1302|MIMAT0005890	NA	NA	NA	NA	NA	NA	NA	NA	NA	NA	NA	NA	NA	NA	NA	NA	NA	NA	NA	NA	NA	NA	NA	NA	NA	NA	NA	NA	NA	NA	NA	NA	NA	NA	NA	NA	NA	NA	NA	NA	NA	NA	NA	NA	NA
hsa-miR-1303|MIMAT0005891	-2.08253005332081	NA	NA	NA	NA	NA	NA	NA	NA	NA	NA	NA	NA	NA	NA	NA	NA	NA	NA	NA	NA	NA	NA	-2.0135089678146	NA	NA	NA	NA	NA	NA	NA	NA	NA	NA	NA	NA	NA	NA	NA	NA	NA	NA	NA	NA	NA
hsa-miR-1304-5p|MIMAT0005892	-2.08253005332081	-1.43913247025385	NA	-1.08786522894041	-2.20717462602775	-1.98633622361716	-2.82612038597639	-1.65677639958902	-0.4176848676837	-1.39184555833863	NA	0.368164888670004	-0.97878182919197	-1.58184676094512	-0.969062247269494	NA	-1.79987736904657	NA	NA	NA	-0.603704579500209	NA	NA	-2.0135089678146	-1.38327344184067	NA	NA	NA	-1.08554875356105	NA	-1.74682879530261	NA	NA	-2.08300675304763	NA	NA	-2.38344656900942	-2.78147423198854	-1.74073112912161	NA	NA	NA	-2.84574344651288	-2.08047837634621	-2.77372823957451
hsa-miR-1305|MIMAT0005893	NA	-1.43913247025385	-1.2798161121091	1.37156555335606	-2.20717462602775	-1.98633050724543	NA	NA	NA	NA	NA	NA	NA	NA	NA	NA	NA	NA	NA	NA	NA	NA	-1.78469664607577	NA	NA	NA	NA	NA	NA	NA	NA	NA	NA	NA	NA	NA	NA	NA	NA	NA	NA	NA	NA	NA	NA
hsa-miR-1243|MIMAT0005894	-3.08253005332081	NA	NA	NA	NA	NA	NA	-1.65677639958902	-0.4176848676837	NA	NA	NA	NA	NA	NA	NA	NA	NA	NA	NA	NA	NA	NA	NA	NA	NA	NA	NA	-2.08555181522653	NA	NA	NA	NA	NA	NA	NA	NA	NA	NA	NA	NA	NA	NA	-2.08047837634621	NA
hsa-miR-548f-3p|MIMAT0005895	-3.08253005332081	NA	NA	0.234061025996487	NA	NA	-2.82612038597639	-1.65677639958902	NA	NA	NA	NA	NA	NA	-0.969062247269494	-2.40152045085577	NA	NA	-1.7955687697206	-2.88294334151746	0.718223515387154	NA	NA	NA	NA	-1.48909477722073	NA	NA	NA	NA	NA	-2.27512973950309	NA	NA	NA	NA	NA	NA	-1.15576862840045	NA	NA	NA	NA	NA	NA
hsa-miR-1244|MIMAT0005896	NA	NA	NA	NA	NA	NA	NA	NA	NA	NA	NA	NA	NA	NA	NA	NA	NA	NA	NA	NA	NA	NA	NA	NA	NA	NA	NA	NA	NA	NA	NA	NA	NA	NA	NA	NA	NA	NA	NA	NA	NA	NA	NA	NA	NA
hsa-miR-1245a|MIMAT0005897	-3.08253005332081	NA	NA	NA	-2.20717462602775	NA	-2.82612038597639	NA	NA	-3.39184934417964	NA	NA	NA	NA	NA	NA	-3.38483986976772	-2.5998118570687	NA	NA	NA	NA	NA	NA	NA	NA	NA	NA	-2.08555181522653	NA	NA	NA	NA	NA	NA	NA	NA	NA	NA	NA	NA	NA	-3.84574344651288	-2.08047837634621	NA
hsa-miR-1246|MIMAT0005898	NA	NA	NA	NA	NA	NA	NA	NA	NA	NA	NA	NA	NA	NA	NA	NA	NA	NA	NA	NA	NA	NA	NA	NA	NA	-2.48909477722073	NA	NA	NA	NA	NA	NA	NA	NA	NA	NA	NA	NA	NA	NA	NA	NA	NA	NA	NA
hsa-miR-1247-5p|MIMAT0005899	3.80011341031388	1.80879566087059	4.23325267748509	0.497095227391195	6.81796419461496	5.24248261931559	3.15115726394806	2.34322217885435	4.69083989631749	1.73743756677308	0.599028273367538	2.17551949136956	1.72165920122435	3.00311340045231	3.20086196968002	0.920404594980654	0.315599848373369	2.48765175586318	4.15862923704161	1.92440777978842	7.42696363824438	2.97925949954396	4.30276582967833	3.44592397470159	3.59400480903237	6.96005199097933	1.45746296464855	3.80101686345844	-0.500587273394333	-1.77440423265968	0.575100267979121	2.24843039483856	3.80186089342465	1.37642764401643	2.34887797431449	1.80495640680516	1.61655625388277	0.677953779620337	3.06662362073771	4.79811196542223	2.47867391921568	-2.2590120139294	3.42103905345219	4.87371867216649	1.54820034862279
hsa-miR-1248|MIMAT0005900	-3.08253005332081	NA	-2.86477510985516	-2.08786829552582	-2.20717462602775	-1.98633050724543	-2.82612038597639	-1.65677639958902	0.904244383479071	-1.06992124929228	-0.985933274888856	NA	NA	-1.58184676094512	NA	NA	-2.38483986976772	NA	0.204431230279402	NA	-1.60370457950021	-2.10820132927794	-2.78470161683252	NA	NA	-2.48909477722073	NA	-0.690835456596247	-0.0855518152265255	-1.77440423265968	NA	-2.27512973950309	NA	NA	-2.35156032783198	NA	NA	-2.78147423198854	NA	-1.18678399426973	NA	NA	-3.84574344651288	-2.08047837634621	-2.77372823957451
hsa-miR-1249-3p|MIMAT0005901	-0.760601958433444	0.145831334459915	1.38314853187861	0.234062252630392	0.600179344324727	-2.98633050724543	-0.241159590436501	1.15057722275972	2.28275529517881	0.308593868584276	0.0140667251111436	0.95312738939116	1.60618209316062	0.740078742691123	0.0309377527305064	2.4058312043613	1.31559926875838	1.30707873853982	-0.795568769720598	0.702015611835728	0.396295420499791	0.891796338134288	0.215302111236644	-0.0135075115478827	0.616725617306948	-0.167166682333365	1.13553486976119	-0.105873732150083	1.49941221632818	-0.774404232659682	0.253172415190249	0.309830433470243	-0.44606744756177	-0.498042214812989	-0.0296337055790494	-0.265433003663129	1.07598847131467	1.30598452483188	-0.418803034234247	-1.18678071005439	0.308748788356951	-2.2590120139294	-2.26078094579172	1.2414503287252	0.0336266824830932
hsa-miR-1250-5p|MIMAT0005902	NA	NA	NA	NA	NA	-1.40137181743624	-1.82612038597639	NA	NA	-1.80688179567268	NA	NA	-0.978778985930494	NA	NA	NA	NA	NA	NA	-2.88294334151746	NA	NA	NA	NA	NA	-2.48909477722073	NA	NA	NA	NA	-0.746828795302606	0.0467969587360309	NA	NA	NA	-2.58735936443677	NA	0.388446360862256	-1.74073112912161	-0.186780710054391	NA	-1.2590120139294	-2.84574344651288	NA	NA
hsa-miR-1251-5p|MIMAT0005903	NA	NA	-1.2798161121091	-2.08786829552582	NA	NA	NA	NA	NA	-2.39184934417964	-0.985933274888856	NA	NA	-2.58184676094512	NA	NA	1.70262252824764	NA	NA	NA	-0.603704579500209	-2.10820132927794	NA	0.793846786395593	-1.38327344184067	NA	-1.86446513023881	-1.69083778542248	NA	-1.77440423265968	NA	NA	NA	NA	NA	NA	-0.0615154630372535	2.91896128951286	-1.74073112912161	-2.77174649499089	NA	4.7522148667683	NA	0.241450938908977	-1.18876573885335
hsa-miR-1253|MIMAT0005904	NA	NA	NA	NA	NA	NA	NA	NA	NA	NA	NA	NA	NA	NA	NA	NA	NA	NA	NA	NA	NA	NA	NA	NA	NA	NA	NA	NA	NA	NA	NA	NA	NA	NA	NA	NA	NA	NA	NA	NA	NA	NA	NA	NA	NA
hsa-miR-1254|MIMAT0005905	-2.08253005332081	-2.43912855827956	NA	0.234062252630392	NA	-1.98633050724543	-0.50419433730679	-1.65677639958902	-0.417682940558534	-2.39184934417964	-0.985933274888856	2.69009276000674	-1.97878182919197	NA	-1.96906224726949	NA	-2.38483986976772	-1.5998118570687	NA	-2.88294334151746	-0.0187420787790525	-2.10820132927794	-2.78470161683252	NA	NA	NA	NA	NA	-2.08555181522653	NA	-0.746828795302606	0.532223187342324	-1.44606548214831	-1.08300675304763	-2.35156032783198	-1.00239975390631	NA	-1.78147423198854	-0.740731129121609	-2.77174649499089	-1.6912523763913	-2.2590120139294	-2.84574344651288	-2.08047837634621	-1.18876573885335
hsa-miR-1255a|MIMAT0005906	NA	NA	NA	NA	NA	NA	NA	NA	NA	-3.39184934417964	NA	NA	NA	NA	NA	-2.40152045085577	NA	NA	NA	NA	NA	NA	NA	NA	NA	NA	NA	NA	NA	NA	NA	NA	NA	NA	NA	NA	NA	NA	NA	NA	NA	NA	NA	NA	-2.77372823957451
hsa-miR-1256|MIMAT0005907	NA	NA	NA	-2.08786829552582	NA	NA	NA	NA	NA	NA	NA	NA	NA	NA	NA	NA	-3.38483986976772	NA	NA	NA	NA	NA	NA	NA	NA	NA	NA	NA	NA	-1.77440423265968	NA	NA	-1.44606548214831	NA	NA	NA	NA	NA	NA	NA	NA	NA	NA	NA	NA
hsa-miR-1257|MIMAT0005908	NA	NA	NA	NA	NA	NA	NA	NA	NA	NA	NA	NA	NA	NA	NA	NA	NA	NA	NA	NA	NA	NA	NA	NA	NA	NA	NA	NA	NA	NA	NA	NA	NA	NA	NA	NA	NA	NA	NA	NA	NA	NA	NA	NA	NA
hsa-miR-1258|MIMAT0005909	-1.08253005332081	NA	-1.279812609134	NA	0.377787874693409	NA	-2.82612038597639	1.51314759096872	1.38967198149907	NA	3.10152872595143	0.95312738939116	NA	3.09057637931004	-0.969062247269494	4.18343879436806	NA	-2.5998118570687	4.03732273816154	-2.88294334151746	NA	2.06172194432194	NA	-2.0135089678146	3.78665020059245	-1.48909477722073	3.80796041774551	-0.105875284701321	NA	3.35487878428528	0.253171204697394	NA	-1.44606548214831	NA	0.455794594225628	-1.58735936443677	NA	NA	NA	NA	NA	NA	-1.52381535162552	-2.08047837634621	2.92671185803578
hsa-miR-1260a|MIMAT0005911	NA	NA	NA	NA	NA	NA	NA	NA	NA	NA	NA	NA	NA	NA	NA	NA	NA	NA	NA	NA	NA	NA	NA	NA	NA	NA	NA	NA	NA	NA	NA	NA	NA	NA	NA	NA	NA	NA	NA	NA	NA	NA	NA	-2.08047837634621	NA
hsa-miR-548g-3p|MIMAT0005912	NA	NA	NA	NA	NA	NA	NA	NA	NA	NA	NA	NA	NA	NA	NA	NA	NA	NA	NA	NA	NA	NA	NA	NA	NA	NA	NA	NA	NA	NA	NA	NA	NA	NA	NA	NA	NA	NA	NA	NA	NA	NA	NA	NA	NA
hsa-miR-1261|MIMAT0005913	NA	NA	NA	NA	NA	NA	NA	NA	NA	NA	NA	NA	NA	NA	NA	NA	NA	NA	NA	NA	NA	NA	NA	NA	NA	NA	NA	NA	NA	NA	NA	NA	NA	NA	NA	NA	NA	NA	NA	NA	NA	NA	NA	NA	NA
hsa-miR-1262|MIMAT0005914	0.239398041566556	0.145831334459915	-0.542849116751833	NA	NA	-0.986333365428463	-0.826120385976391	-1.65677639958902	0.167279560162622	-3.39184934417964	NA	-0.631835111329996	NA	NA	-1.96906224726949	-1.40152426217045	-0.577484947710119	-1.5998118570687	-0.21060459955069	-1.88294334151746	-0.603704579500209	0.47675909803205	-1.78470161683252	-0.428546467093445	-1.38327344184067	-1.48909477722073	-0.279502629517654	-1.69083778542248	-0.500587273394333	-0.774404232659682	0.253171204697394	-0.690167238781929	-0.446065482148315	-0.0830067530476281	-2.35156032783198	-1.58735936443677	-1.38344656900942	-1.78147423198854	-0.740731129121609	0.0356112421088946	-1.10628987567015	0.325950486791752	-0.386313713548097	0.241449718541156	-1.77372823957451
hsa-miR-1263|MIMAT0005915	NA	NA	NA	NA	NA	NA	NA	NA	NA	NA	NA	NA	NA	NA	NA	NA	NA	NA	NA	NA	NA	NA	NA	NA	NA	NA	NA	NA	NA	NA	NA	NA	NA	NA	NA	NA	NA	NA	NA	NA	NA	NA	NA	NA	NA
hsa-miR-548n|MIMAT0005916	NA	NA	NA	NA	NA	NA	NA	NA	NA	-3.39184934417964	NA	NA	NA	NA	NA	NA	NA	NA	NA	-2.88294334151746	-0.603704579500209	NA	NA	NA	NA	NA	NA	NA	-2.08555181522653	-1.77440423265968	NA	-2.27512973950309	NA	-2.08300675304763	NA	-2.58735936443677	NA	NA	NA	NA	NA	NA	NA	NA	NA
hsa-miR-548m|MIMAT0005917	NA	NA	NA	NA	NA	NA	NA	NA	NA	NA	NA	NA	NA	NA	NA	NA	NA	NA	NA	NA	NA	NA	NA	NA	NA	NA	NA	NA	NA	NA	NA	NA	NA	NA	NA	NA	NA	NA	NA	NA	NA	NA	NA	NA	NA
hsa-miR-1265|MIMAT0005918	NA	NA	NA	NA	NA	NA	NA	NA	NA	NA	NA	NA	NA	NA	NA	NA	NA	NA	NA	NA	NA	NA	NA	NA	NA	NA	NA	NA	NA	NA	NA	NA	NA	NA	NA	NA	NA	NA	NA	NA	NA	NA	NA	NA	NA
hsa-miR-548o-3p|MIMAT0005919	-1.08253005332081	-2.43912855827956	NA	-0.502903750413667	-2.20717462602775	-0.664406985453641	NA	-1.65677639958902	0.904243612628901	-2.39184177250756	0.0140652964137654	NA	-0.39381743296254	0.00311430019265659	-1.96906224726949	-0.816560491009948	-0.799877369046567	-1.5998118570687	-0.21060459955069	-2.88294334151746	-0.0187406172204049	-1.10820443939581	-2.78470161683252	NA	-0.061346852317412	NA	-1.86446513023881	-1.69083778542248	-1.08555181522653	-1.77440423265968	-1.74682879530261	-1.27513323112624	-1.44606548214831	NA	-0.766600281502381	-2.58735936443677	-2.38344656900942	-0.196516690933787	-0.418803034234247	-1.18678071005439	-1.10628987567015	-2.2590120139294	-3.84574344651288	-2.08047837634621	0.0336266824830932
hsa-miR-1266-5p|MIMAT0005920	1.37690156531649	0.560868507740718	2.30514551286695	2.49709573848885	3.185142162281	2.68608923044027	1.08076816341437	1.34322189454285	0.904244383479071	2.16274369608747	-0.985933274888856	4.22614565253831	1.72165920122435	NA	0.615899312060255	0.405831204361296	2.42251451407597	2.92375104961044	-1.7955687697206	2.20451543069242	4.35049272097494	0.47675909803205	0.385227803061078	2.79384720247171	-0.061346852317412	0.0958663735566498	0.135534869761189	0.894126267849917	0.236377504327805	2.22559576734032	3.06052699139286	3.27945718063939	4.07749536302316	1.08692096507869	2.50641939778324	2.21999338997836	1.42391157921023	1.46644962696566	3.50719613055608	2.68768781073224	1.70106593381478	1.98891513605858	1.06114300061285	2.00698518276768	0.685703379062786
hsa-miR-1267|MIMAT0005921	NA	NA	NA	NA	NA	NA	NA	NA	NA	NA	NA	NA	NA	NA	NA	NA	NA	NA	NA	NA	NA	NA	NA	NA	NA	NA	NA	NA	NA	NA	NA	NA	NA	NA	NA	NA	NA	NA	NA	NA	NA	NA	NA	NA	NA
hsa-miR-1268a|MIMAT0005922	NA	NA	NA	NA	NA	NA	NA	NA	NA	NA	NA	NA	NA	NA	NA	NA	NA	NA	NA	NA	NA	NA	NA	NA	NA	NA	NA	NA	NA	NA	NA	NA	NA	NA	NA	NA	NA	NA	NA	NA	NA	NA	NA	NA	NA
hsa-miR-1269a|MIMAT0005923	-0.275175131263203	NA	-2.86477510985516	2.43569499383	-2.20717462602775	NA	1.69743934593074	0.343222463165788	1.75224077613395	NA	1.01406529641377	NA	-0.39381743296254	2.11859063171441	NA	3.05790787619217	-1.79987736904657	1.30707990463621	4.22680073844042	0.438981560739123	6.4186642959691	3.56422218321327	4.38522787209927	-1.0135089678146	1.31716511832817	-2.48909477722073	NA	8.54398110676801	1.37388203007721	6.38041392834413	-0.746828795302606	0.532223187342324	1.1388957082975	NA	-2.35156032783198	NA	NA	8.40463575458699	11.0028408158539	0.813218468892475	-0.106288322672684	NA	NA	2.24145063381712	5.37093059592654
hsa-miR-1270|MIMAT0005924	-0.275175131263203	-0.854166057558406	-0.2798161121091	2.37156555335606	1.49326457965681	NA	-1.24115788525523	-0.656776399589015	-1.41768294055853	-2.39184934417964	NA	NA	2.10868201556306	-0.996887139392162	1.93782797178254	-2.40152045085577	-3.38483986976772	1.4001881429313	-0.210606268999442	-1.29798084079631	NA	NA	0.0226575658747713	1.44592370992591	0.938653900364835	-2.48909477722073	0.135534869761189	1.30916396119755	-1.08555181522653	-0.774404232659682	-0.746828795302606	3.95368718190479	0.138897018572841	-2.08300675304763	NA	-1.00239975390631	-2.38344656900942	0.388448565159697	4.57215164421739	NA	1.00918805851806	1.64787858167911	-0.386313713548097	1.61996134179489	-1.18876573885335
hsa-miR-1272|MIMAT0005925	NA	NA	NA	NA	NA	NA	NA	NA	NA	NA	NA	NA	NA	NA	NA	NA	NA	NA	NA	NA	NA	NA	NA	NA	NA	NA	NA	NA	NA	NA	NA	NA	NA	NA	NA	NA	NA	NA	NA	NA	NA	NA	NA	NA	NA
hsa-miR-1273a|MIMAT0005926	NA	NA	NA	NA	NA	NA	NA	NA	NA	NA	NA	NA	NA	NA	NA	NA	NA	NA	NA	NA	NA	NA	NA	NA	NA	NA	NA	NA	NA	NA	NA	NA	NA	NA	NA	NA	NA	NA	NA	NA	NA	NA	NA	NA	NA
hsa-miR-548h-5p|MIMAT0005928	NA	NA	NA	NA	NA	NA	NA	NA	NA	NA	NA	NA	NA	NA	NA	NA	NA	NA	NA	NA	NA	NA	NA	NA	NA	NA	NA	NA	NA	NA	NA	NA	NA	NA	NA	NA	NA	NA	NA	NA	NA	NA	NA	NA	NA
hsa-miR-1275|MIMAT0005929	-3.08253005332081	-2.43912855827956	NA	NA	0.377787874693409	NA	-1.82612038597639	-1.65677639958902	0.167278275412797	NA	0.0140667251111436	NA	NA	NA	-0.384099746548338	-0.816560491009948	NA	NA	-0.795566265548194	-2.88294334151746	-0.603704579500209	-0.52324090196795	-2.78470161683252	NA	-0.383275323546045	NA	-1.86446513023881	NA	-0.500589314505369	0.225595767340318	NA	-1.27512973950308	NA	NA	-0.351562168625255	0.219994318968388	NA	-2.78147423198854	-1.15576862840045	NA	NA	NA	-2.26078094579172	NA	NA
hsa-miR-1276|MIMAT0005930	NA	-2.43912855827956	NA	-0.502903750413667	-2.20717462602775	-1.98633050724543	NA	NA	NA	NA	-0.985933274888856	NA	NA	NA	NA	NA	-2.38483986976772	NA	NA	-2.88294334151746	NA	NA	NA	NA	NA	NA	NA	NA	NA	-1.77440423265968	NA	-2.27512973950309	NA	NA	NA	-2.58735936443677	NA	-2.78147423198854	NA	NA	-2.6912523763913	-1.2590120139294	NA	NA	NA
hsa-miR-302e|MIMAT0005931	NA	NA	NA	NA	NA	NA	NA	NA	NA	NA	NA	NA	NA	NA	NA	NA	NA	NA	NA	NA	NA	NA	NA	NA	NA	NA	NA	NA	NA	NA	NA	NA	NA	NA	NA	NA	NA	NA	NA	NA	NA	NA	NA	NA	NA
hsa-miR-302f|MIMAT0005932	NA	NA	NA	NA	NA	NA	NA	NA	NA	NA	NA	NA	NA	NA	NA	NA	NA	NA	NA	NA	NA	NA	NA	NA	NA	NA	NA	NA	NA	NA	NA	NA	NA	NA	NA	NA	NA	NA	NA	NA	NA	NA	NA	NA	NA
hsa-miR-1277-3p|MIMAT0005933	-3.08253005332081	1.02029950401791	-0.864777737085683	1.81902352671764	1.96274963519952	0.473095914691229	-0.50419433730679	1.34322246316579	2.48920611335006	-1.06991822061867	2.01406565358824	0.368164888670004	1.02122030325466	1.00311286060784	1.03093704668701	0.768401162751768	0.615160130232277	0.400188142931297	2.20443279538766	0.438980496527295	1.5662213963147	0.69915092696476	-0.199735802271632	1.98649212438558	2.07615646615548	1.2113430717671	1.72049780825956	2.30916337899111	1.08437522732682	1.39552076878263	1.95361204021654	2.04679660957376	3.07749527757039	0.916996303221518	1.8963660230056	-0.00239830881023714	1.07598710264092	0.918960907999555	1.4291938723207	-0.186780710054391	0.116102545666302	0.910912987512908	-0.845748632118224	-0.495515875625051	0.926711478566581
hsa-miR-548p|MIMAT0005934	NA	NA	NA	NA	NA	NA	NA	NA	NA	NA	NA	NA	NA	NA	NA	NA	NA	NA	NA	NA	NA	NA	NA	NA	NA	NA	NA	NA	NA	NA	NA	NA	NA	NA	NA	NA	NA	NA	NA	NA	NA	NA	NA	NA	NA
hsa-miR-548i|MIMAT0005935	NA	NA	NA	NA	NA	NA	NA	NA	NA	NA	NA	NA	NA	NA	NA	NA	NA	NA	NA	NA	NA	NA	NA	NA	NA	NA	NA	NA	NA	NA	NA	NA	NA	NA	NA	NA	NA	NA	NA	NA	NA	NA	NA	NA	NA
hsa-miR-1278|MIMAT0005936	NA	NA	NA	NA	-2.20717462602775	NA	-2.82612038597639	-1.65677639958902	NA	NA	NA	-0.631835111329996	-1.97878182919197	NA	NA	NA	-1.79987736904657	NA	NA	-1.88294334151746	-1.60370457950021	-2.10820132927794	NA	NA	NA	NA	NA	NA	NA	NA	NA	NA	NA	NA	-2.35156032783198	NA	-2.38344656900942	NA	NA	NA	NA	NA	-2.26078094579172	NA	NA
hsa-miR-1279|MIMAT0005937	NA	NA	NA	NA	NA	NA	NA	NA	NA	NA	NA	NA	NA	NA	NA	NA	NA	NA	NA	NA	NA	NA	NA	NA	NA	NA	NA	NA	NA	NA	NA	NA	NA	NA	NA	NA	NA	NA	NA	NA	NA	NA	NA	NA	NA
hsa-miR-1281|MIMAT0005939	NA	NA	NA	NA	NA	NA	NA	NA	NA	NA	NA	NA	NA	NA	NA	NA	NA	NA	NA	NA	NA	NA	NA	NA	NA	NA	NA	NA	NA	NA	NA	NA	NA	NA	NA	NA	NA	NA	NA	NA	NA	NA	NA	NA	NA
hsa-miR-1282|MIMAT0005940	NA	NA	NA	NA	NA	NA	NA	NA	NA	NA	NA	NA	NA	NA	NA	NA	NA	NA	NA	NA	NA	NA	NA	NA	NA	NA	NA	NA	NA	NA	NA	NA	NA	NA	NA	NA	NA	NA	NA	NA	NA	NA	NA	NA	NA
hsa-miR-1284|MIMAT0005941	NA	NA	-2.86477510985516	-0.502903750413667	NA	NA	-2.82612038597639	-1.65677639958902	-1.41768294055853	-1.80688179567268	-0.985933274888856	NA	-1.97878182919197	-2.58184676094512	NA	-1.40152045085577	-3.38483986976772	-1.01484935634755	NA	-2.88294334151746	-1.60370457950021	-2.10820132927794	-2.78470161683252	-1.0135089678146	-1.38327344184067	-0.904134976388392	-0.864465130238811	NA	NA	-0.774404232659682	NA	-0.690169566529757	-1.44606548214831	-1.08300369677848	-0.76659782711082	NA	NA	-2.78147423198854	-1.15576862840045	NA	NA	-1.2590120139294	NA	-2.08047837634621	-1.18876573885335
hsa-miR-1288-3p|MIMAT0005942	-3.08253005332081	-2.43912855827956	-2.86477510985516	-1.08786522894041	-0.622212125306591	NA	-1.24115788525523	NA	0.167278275412797	-1.80688179567268	NA	NA	-1.97878182919197	-0.996887139392162	-1.96906224726949	-0.816560491009948	-0.799877369046567	-1.5998118570687	-1.7955687697206	NA	-0.0187420787790525	-1.10820443939581	NA	-0.428546467093445	NA	-2.48909477722073	-0.864465130238811	0.309163378991108	-2.08555181522653	-0.189441731938525	NA	-1.27512973950308	1.1388957082975	-2.08300675304763	NA	-2.58735936443677	-2.38344656900942	NA	-1.74073112912161	NA	NA	-0.259012013929404	-3.84574344651288	-0.495515875625051	0.0336266824830932
hsa-miR-1292-5p|MIMAT0005943	-3.08253005332081	-2.43912855827956	-1.86477510985516	-2.08786829552582	-1.20717462602775	-2.98633050724543	-2.82612038597639	NA	-1.41768294055853	-1.06991822061867	NA	0.368164888670004	-0.97878182919197	-2.58184676094512	NA	NA	-2.38483986976772	-1.01484935634755	-0.795568769720598	-1.88294866257268	-0.0187420787790525	NA	NA	-2.0135089678146	NA	-2.48909477722073	-1.86446513023881	-1.69083778542248	0.236377504327805	-1.77440423265968	-0.746828795302606	NA	NA	NA	NA	-1.58735936443677	-1.38344656900942	-0.781476711819611	-0.740731129121609	NA	-1.10628987567015	-2.2590120139294	NA	NA	-1.77372823957451
hsa-miR-1252-5p|MIMAT0005944	NA	NA	NA	NA	NA	NA	NA	NA	NA	NA	NA	NA	NA	NA	NA	NA	NA	NA	NA	NA	NA	NA	NA	NA	NA	NA	NA	NA	NA	NA	NA	NA	NA	NA	NA	NA	NA	NA	NA	NA	NA	NA	NA	NA	NA
hsa-miR-1255b-5p|MIMAT0005945	NA	NA	NA	NA	NA	NA	NA	NA	NA	NA	NA	NA	NA	NA	NA	NA	NA	NA	NA	NA	NA	NA	NA	NA	NA	NA	NA	NA	NA	NA	NA	NA	NA	NA	NA	NA	NA	NA	NA	NA	NA	NA	NA	NA	NA
hsa-miR-664a-5p|MIMAT0005948	0.824360542287712	1.26130875249399	0.305146388612056	-0.0878667622323014	1.11475346885961	0.335593014546359	1.81773416682436	-0.0718138988678591	2.58231537320709	-0.39184555833863	1.01406672511114	0.368164888670004	2.1911444359228	0.877582502009534	0.615900253451662	1.68593925166556	1.31559984837337	-0.277883762181341	0.789394565725176	0.57648440726344	1.20365096893985	1.21372489953951	-0.462769545338392	1.89338240446968	1.07615680828387	1.21134369481846	1.3054598712035	1.11651913277213	1.0843745469568	2.03295068939792	0.253172415190249	0.0467983553842773	0.138897018572841	-0.0830052249122459	1.9703666625797	-0.265433003663129	0.423911579210234	1.21852266822196	0.581196965765753	1.13514541430466	1.55667611789298	2.13330540884936	1.15425331248596	-2.08047837634621	1.81123467223828
hsa-miR-664a-3p|MIMAT0005949	4.8363336384556	5.19022430788553	5.34467392439118	4.79477626114153	4.37778718074181	4.79502374974307	5.07474411037738	5.5911497072617	5.8302429753999	4.76297269683345	5.35391542276612	6.16258055362315	6.06561381949722	5.11163798501973	4.92575470913157	5.13763512268452	5.21878593285381	3.77522831186942	4.98579258289922	4.51793193867593	4.88814953992067	5.84599309999006	5.17530494662392	5.72120193775471	5.42407976652107	4.49958806002185	5.83597496674796	4.5759502070087	4.66933744456051	5.40550489139258	4.98109266419813	4.01027050972663	5.4727965531382	5.24791282065875	5.48132839454825	4.56238555689524	4.67183880965744	5.26837020000432	4.88132044558593	4.40816544889435	4.81654359494818	5.69518396231281	5.46031404855681	4.12897573139843	5.61858979984165
hsa-miR-1306-3p|MIMAT0005950	-2.08253005332081	-1.43912855827956	-0.864777737085683	0.719488378867101	-2.20717462602775	-2.98633050724543	-0.0187669255026064	-0.656776399589015	1.389670880285	0.695617951000268	NA	1.36816488867	-0.97878182919197	-1.58184676094512	-0.384099746548338	0.183439508990052	1.20012263095343	0.859619761568594	NA	-0.882946002042619	1.39629596858446	-1.10820132927794	-1.78469664607577	-0.0135089678146013	-1.38327344184067	-0.489094777220727	0.457462964648552	NA	-1.08555181522653	0.225595767340318	0.253171204697394	1.42530729277479	0.875861826573987	0.501957785187011	-0.76659782711082	0.73456612927923	0.201517186331167	0.54044890323242	0.718700489515688	1.03561194586858	0.308747623608697	-1.2590120139294	-1.52381535162552	0.241449718541156	0.548199855312851
hsa-miR-1307-3p|MIMAT0005951	8.58147319539475	9.36298001953879	8.67389451248932	10.6632588447104	10.2766403929296	8.62745335759074	9.04847443597298	10.8252738419301	9.37347831450794	9.04746609024993	10.1821106397671	10.6547224202839	10.2054752179726	9.06290866005662	9.44244783045442	9.94996770725156	9.94172948622417	9.84778886858164	8.89530394537868	8.26171064259158	10.4747809297717	9.72705765552773	8.51336553077419	10.0542628166576	9.37286411572367	9.03935746628906	10.0592341830583	8.87711975356406	9.29436972798236	10.2994026591676	11.3970336511079	10.9729441718742	11.7764263708631	10.3594212209071	9.07207957527127	9.86127093560619	9.13815685875512	8.21922579625483	10.0243474839109	9.01452600030242	10.326427415213	10.3162904719017	8.46656809949167	9.63419725340549	9.69667708770402
hsa-miR-513b-5p|MIMAT0005788	NA	NA	NA	NA	NA	NA	NA	-1.65677639958902	-0.417682940558534	NA	NA	NA	-0.393817432962541	NA	NA	NA	NA	NA	NA	NA	NA	NA	NA	NA	NA	NA	NA	NA	NA	NA	NA	NA	NA	NA	NA	NA	NA	NA	NA	NA	NA	NA	NA	NA	NA
hsa-miR-513c-5p|MIMAT0005789	NA	NA	-2.86477510985516	NA	0.377787874693409	NA	NA	NA	-1.41768294055853	NA	NA	NA	-1.97878182919197	NA	NA	NA	NA	NA	NA	NA	NA	NA	NA	NA	-2.38327344184067	NA	NA	NA	NA	NA	NA	NA	NA	NA	NA	NA	NA	NA	-2.74073112912161	NA	NA	NA	NA	NA	NA
hsa-miR-1321|MIMAT0005952	NA	NA	NA	NA	NA	NA	NA	NA	NA	NA	NA	NA	NA	NA	NA	NA	NA	NA	NA	NA	NA	NA	NA	NA	NA	NA	NA	NA	NA	NA	NA	NA	NA	NA	NA	NA	NA	NA	NA	NA	NA	NA	NA	NA	NA
hsa-miR-1322|MIMAT0005953	NA	NA	NA	NA	NA	NA	NA	NA	NA	NA	NA	NA	NA	NA	NA	NA	-3.38483986976772	NA	NA	NA	NA	NA	NA	NA	NA	NA	NA	NA	NA	NA	NA	NA	NA	NA	NA	NA	NA	NA	NA	NA	NA	NA	NA	NA	NA
hsa-miR-1197|MIMAT0005955	NA	NA	NA	-2.08786829552582	NA	-2.98633050724543	NA	NA	NA	NA	NA	NA	NA	NA	NA	NA	NA	NA	NA	-2.88294334151746	NA	NA	NA	NA	NA	-0.904134976388392	NA	NA	-1.08554875356105	NA	NA	NA	NA	-2.08300675304763	NA	NA	-2.38344656900942	NA	NA	NA	NA	NA	-2.84574344651288	NA	NA
hsa-miR-1324|MIMAT0005956	NA	NA	NA	NA	NA	NA	NA	NA	NA	NA	NA	NA	NA	NA	NA	NA	NA	NA	NA	NA	NA	NA	NA	NA	NA	NA	NA	NA	NA	NA	NA	NA	NA	NA	NA	NA	NA	NA	NA	NA	NA	NA	NA	NA	NA
hsa-miR-1469|MIMAT0007347	NA	NA	NA	NA	NA	NA	NA	NA	NA	NA	NA	NA	NA	NA	NA	NA	NA	NA	NA	NA	NA	NA	NA	NA	NA	NA	NA	NA	NA	NA	NA	NA	NA	NA	NA	NA	NA	NA	NA	NA	NA	NA	NA	NA	NA
hsa-miR-1470|MIMAT0007348	NA	NA	NA	NA	NA	NA	NA	NA	NA	NA	NA	NA	NA	NA	NA	NA	NA	NA	NA	NA	NA	NA	NA	NA	NA	NA	NA	NA	NA	NA	NA	NA	NA	NA	NA	NA	NA	NA	NA	NA	NA	NA	NA	NA	NA
hsa-miR-1471|MIMAT0007349	NA	NA	NA	NA	NA	NA	NA	NA	NA	NA	NA	NA	NA	NA	NA	NA	NA	NA	NA	NA	NA	NA	NA	NA	NA	NA	NA	NA	NA	NA	NA	NA	NA	NA	NA	NA	NA	NA	NA	NA	NA	NA	NA	NA	NA
hsa-miR-1537-3p|MIMAT0007399	NA	NA	NA	NA	NA	NA	NA	NA	NA	-3.39184934417964	-0.985933274888856	NA	NA	NA	NA	NA	NA	-2.5998118570687	NA	NA	NA	NA	NA	NA	-2.38327344184067	NA	NA	NA	NA	NA	NA	NA	NA	NA	NA	NA	-1.3834428051544	NA	NA	-1.77174649499089	NA	NA	-3.84574344651288	-2.08047837634621	NA
hsa-miR-1538|MIMAT0007400	NA	NA	NA	NA	-2.20717462602775	NA	-2.82612038597639	NA	NA	NA	-0.985933274888856	NA	NA	-2.58184676094512	NA	NA	-3.38483986976772	-2.5998118570687	NA	NA	-1.60370457950021	NA	NA	-2.0135089678146	NA	-2.48909477722073	NA	-1.69083778542248	NA	-1.77440423265968	NA	-2.27512973950309	-1.44606548214831	-2.08300675304763	-2.35156032783198	-1.58736369972498	NA	-2.78147423198854	-2.74073112912161	-2.77174649499089	-0.369322417907186	NA	-2.84574344651288	-0.495515875625051	NA
hsa-miR-1539|MIMAT0007401	NA	NA	NA	NA	NA	NA	NA	NA	NA	NA	NA	NA	NA	NA	NA	NA	NA	NA	NA	NA	NA	NA	NA	NA	NA	NA	NA	NA	NA	NA	NA	NA	NA	NA	NA	NA	NA	NA	NA	NA	NA	-2.2590120139294	NA	NA	NA
hsa-miR-103b|MIMAT0007402	NA	NA	NA	NA	NA	NA	NA	NA	NA	NA	NA	NA	NA	NA	NA	NA	NA	NA	NA	NA	NA	NA	NA	NA	NA	NA	NA	NA	NA	NA	NA	NA	NA	NA	NA	NA	NA	NA	NA	NA	NA	NA	NA	NA	NA
hsa-miR-320d|MIMAT0006764	-1.49756755259965	-2.43912855827956	-1.86477510985516	-2.08786829552582	0.792825373972252	-0.986333365428463	-0.0187669255026062	-1.65677639958902	-1.41768294055853	-2.39184934417964	NA	NA	1.02121959243947	-2.58184676094512	-1.96906224726949	-1.40152045085577	0.200122630953433	-0.599811857068703	-0.795568769720598	-0.561017375049833	0.396295420499791	NA	-1.19973580227163	-2.0135089678146	-1.38327344184067	-2.48909477722073	-0.864465130238811	-0.105875284701321	NA	-1.77440423265968	-1.74682879530261	-2.27512973950309	NA	-1.08300675304763	-2.35156032783198	0.219994318968388	-0.383444687080682	0.677953779620337	0.259268870878391	-0.186782352161127	0.768180089335727	NA	-2.26078094579172	NA	-2.77372823957451
hsa-miR-1825|MIMAT0006765	NA	NA	NA	NA	NA	NA	NA	NA	NA	NA	NA	NA	NA	NA	NA	NA	NA	NA	NA	NA	NA	NA	NA	NA	NA	NA	NA	NA	NA	-1.77440423265968	NA	NA	NA	NA	NA	NA	NA	NA	NA	NA	NA	NA	NA	NA	NA
hsa-miR-1827|MIMAT0006767	NA	NA	NA	NA	NA	NA	NA	NA	NA	NA	NA	NA	NA	NA	NA	NA	NA	NA	NA	NA	NA	NA	NA	NA	NA	NA	NA	NA	NA	NA	NA	NA	NA	NA	NA	NA	NA	NA	NA	NA	NA	NA	NA	NA	NA
hsa-miR-1908-5p|MIMAT0007881	NA	NA	NA	NA	NA	NA	NA	NA	NA	NA	NA	NA	NA	NA	NA	NA	NA	NA	NA	NA	NA	NA	NA	NA	NA	NA	NA	NA	NA	NA	NA	NA	NA	NA	NA	NA	NA	NA	NA	NA	NA	NA	NA	NA	NA
hsa-miR-1909-5p|MIMAT0007882	NA	NA	NA	-2.08786829552582	NA	NA	NA	NA	NA	NA	NA	NA	NA	NA	NA	NA	NA	NA	NA	NA	NA	NA	NA	NA	NA	NA	NA	NA	NA	NA	NA	NA	NA	NA	NA	NA	NA	-2.78147423198854	NA	NA	NA	NA	NA	NA	NA
hsa-miR-1909-3p|MIMAT0007883	NA	NA	NA	NA	NA	NA	NA	NA	NA	NA	NA	NA	NA	NA	NA	NA	NA	NA	NA	NA	NA	NA	NA	NA	NA	NA	NA	NA	NA	NA	NA	NA	NA	NA	NA	NA	NA	NA	NA	NA	NA	NA	NA	NA	NA
hsa-miR-1910-5p|MIMAT0007884	NA	NA	NA	-1.08786829552582	-2.20717462602775	NA	NA	NA	NA	-3.39184934417964	NA	NA	NA	NA	NA	NA	NA	NA	NA	NA	NA	NA	NA	NA	NA	NA	NA	NA	NA	NA	NA	-2.27512973950309	NA	-0.498042214812989	NA	NA	NA	NA	NA	NA	NA	NA	NA	NA	NA
hsa-miR-1911-5p|MIMAT0007885	-2.08253005332081	NA	NA	NA	NA	NA	NA	NA	NA	NA	NA	NA	NA	NA	NA	NA	NA	NA	NA	NA	-0.603704579500209	NA	NA	NA	NA	NA	NA	NA	NA	NA	NA	NA	NA	NA	NA	NA	NA	NA	NA	NA	NA	NA	NA	NA	NA
hsa-miR-1911-3p|MIMAT0007886	NA	NA	NA	NA	NA	NA	NA	NA	NA	NA	NA	NA	NA	NA	NA	NA	NA	NA	NA	NA	NA	NA	NA	NA	NA	NA	NA	NA	NA	NA	NA	NA	NA	NA	NA	NA	NA	NA	NA	NA	NA	NA	NA	NA	NA
hsa-miR-1912|MIMAT0007887	NA	NA	NA	NA	NA	NA	NA	NA	NA	NA	NA	NA	NA	NA	NA	NA	NA	NA	NA	NA	NA	NA	NA	NA	NA	NA	NA	NA	NA	NA	NA	NA	NA	NA	NA	NA	NA	NA	NA	NA	NA	NA	NA	NA	NA
hsa-miR-1913|MIMAT0007888	NA	NA	NA	NA	NA	NA	NA	NA	NA	NA	NA	NA	-1.97878182919197	NA	NA	NA	NA	NA	NA	NA	NA	NA	NA	NA	NA	NA	-1.86446513023881	NA	NA	NA	NA	NA	NA	NA	NA	NA	-2.38344656900942	-2.78147423198854	NA	NA	NA	NA	NA	-2.08047837634621	NA
hsa-miR-1914-5p|MIMAT0007889	NA	NA	NA	NA	NA	NA	NA	NA	NA	-3.39184934417964	NA	NA	-1.97878182919197	NA	NA	-2.40152045085577	-3.38483986976772	NA	NA	-1.88294866257268	-1.60370457950021	NA	NA	NA	NA	NA	-1.86446513023881	NA	NA	NA	NA	NA	NA	NA	NA	NA	NA	-2.78147423198854	NA	NA	NA	NA	NA	NA	NA
hsa-miR-1914-3p|MIMAT0007890	NA	NA	NA	NA	NA	NA	NA	NA	NA	NA	NA	NA	NA	NA	-1.96906224726949	NA	NA	NA	NA	NA	NA	NA	NA	NA	NA	NA	NA	NA	NA	NA	NA	NA	NA	NA	NA	NA	NA	NA	NA	NA	NA	NA	NA	NA	NA
hsa-miR-1915-5p|MIMAT0007891	NA	NA	NA	NA	NA	NA	NA	NA	NA	-2.39184934417964	NA	NA	NA	-2.58184676094512	NA	NA	NA	NA	NA	NA	-1.60370457950021	NA	NA	NA	-2.38327344184067	NA	NA	NA	NA	NA	NA	NA	NA	NA	NA	NA	NA	NA	NA	NA	NA	NA	NA	NA	NA
hsa-miR-1915-3p|MIMAT0007892	NA	NA	NA	NA	NA	NA	NA	NA	NA	NA	NA	NA	NA	NA	NA	NA	NA	NA	NA	NA	-1.60370457950021	-2.10820132927794	NA	NA	NA	NA	NA	NA	NA	NA	NA	NA	NA	NA	NA	NA	NA	NA	NA	NA	NA	NA	NA	NA	NA
hsa-miR-1972|MIMAT0009447	NA	NA	NA	NA	NA	NA	NA	NA	NA	NA	NA	NA	NA	NA	NA	NA	NA	NA	NA	NA	NA	NA	NA	NA	NA	NA	NA	NA	NA	NA	NA	NA	NA	NA	NA	NA	NA	NA	NA	NA	NA	NA	NA	NA	NA
hsa-miR-1973|MIMAT0009448	NA	NA	NA	NA	NA	NA	NA	NA	NA	NA	NA	NA	NA	NA	NA	NA	NA	NA	NA	NA	NA	NA	NA	NA	NA	NA	NA	NA	NA	NA	NA	NA	NA	NA	NA	NA	NA	NA	NA	NA	NA	NA	NA	NA	NA
hsa-miR-1976|MIMAT0009451	2.50243295661071	1.56086850774072	2.26450370351867	3.71948826934621	3.04075218615949	1.10112762640631	0.981233805289488	3.15057722275972	4.41520545076413	1.25201108573635	2.92095617776187	1.95312738939116	2.26914718070572	2.84441578416329	2.55449872646604	1.99079370508245	2.44804961562546	2.04404503236397	3.01178740442375	1.64061445023714	2.98125883469528	2.97925968249211	1.38522725075541	1.89338240446968	2.57092116894146	1.59836711112825	3.22299802003076	3.43844682843231	1.49941272660567	3.31305860859066	1.57509978378202	2.11718602059904	2.80186099686747	1.72435035206003	2.23340125249283	1.50010041661148	2.37144316358784	2.57607365973666	1.95970858901948	0.928694738942829	2.06363650621444	2.44142743860952	1.4761804998917	3.20492462480323	3.00763219149183
hsa-miR-2052|MIMAT0009977	NA	NA	NA	NA	NA	NA	NA	NA	NA	NA	NA	NA	NA	NA	NA	NA	NA	NA	NA	NA	NA	NA	NA	NA	NA	NA	NA	NA	NA	NA	NA	NA	NA	NA	NA	NA	NA	NA	NA	NA	NA	NA	NA	NA	NA
hsa-miR-2053|MIMAT0009978	NA	NA	NA	NA	NA	NA	NA	NA	NA	NA	NA	NA	NA	NA	NA	NA	NA	NA	NA	NA	NA	NA	NA	NA	NA	NA	NA	NA	NA	NA	NA	NA	NA	NA	NA	NA	NA	NA	NA	NA	NA	NA	NA	NA	NA
hsa-miR-2054|MIMAT0009979	NA	NA	NA	NA	NA	NA	NA	NA	NA	NA	NA	NA	NA	NA	NA	NA	NA	NA	NA	NA	NA	NA	NA	NA	NA	NA	NA	NA	NA	NA	NA	NA	NA	NA	NA	NA	NA	NA	NA	NA	NA	NA	NA	NA	NA
hsa-miR-2110|MIMAT0010133	-0.497567552599651	-0.43913051426538	-0.864777737085683	-0.0878667622323014	-2.20717462602775	-1.98633050724543	-0.826120385976391	NA	-0.417682940558534	-1.80688684345848	-0.985933274888856	0.368164888670004	-1.97878182919197	-0.581848920320729	NA	-2.40152045085577	-1.06291177488036	-1.01484935634755	NA	-1.88294334151746	-0.0187420787790525	-0.52324090196795	-1.78470161683252	-1.0135089678146	NA	-1.48909477722073	-1.86446513023881	-1.69083778542248	-0.0855502843929778	-1.77440423265968	-0.16186629458145	-2.27512973950309	-1.44606548214831	-2.08300675304763	0.455793542344042	-1.00239686371562	-0.798481559050491	-2.78147423198854	-1.74073112912161	-0.771746494990887	-1.6912523763913	0.325950486791752	0.402180791813709	-1.08047837634621	0.0336266824830932
hsa-miR-2114-5p|MIMAT0011156	-2.08253005332081	NA	NA	NA	NA	NA	-0.0187669255026064	NA	NA	-3.39184934417964	-0.985933274888856	NA	NA	-0.581848920320729	NA	-2.40152045085577	-0.384839869767723	NA	NA	NA	NA	-1.10820443939581	NA	-0.428546467093445	-0.798310941119517	-2.48909477722073	-0.279502629517654	NA	NA	NA	NA	-2.27512973950309	1.8758614334913	-2.08300675304763	NA	NA	-0.383444687080682	-2.78147423198854	-1.15576862840045	0.687687810732244	NA	-0.674049513208248	NA	-2.08047837634621	-1.77372823957451
hsa-miR-2114-3p|MIMAT0011157	NA	NA	-2.86477510985516	-2.08786829552582	NA	NA	-0.826122943749046	NA	NA	NA	NA	NA	NA	-0.996887139392162	NA	-2.40152045085577	-3.38483986976772	NA	NA	-2.88294334151746	NA	-0.108202884336035	NA	NA	-2.38327344184067	NA	NA	NA	NA	NA	NA	-2.27512973950309	2.72385864577724	NA	-1.35156032783198	NA	NA	NA	-1.15576862840045	-0.771744031828681	NA	-2.2590120139294	-3.84574344651288	NA	NA
hsa-miR-2115-5p|MIMAT0011158	NA	NA	NA	NA	NA	NA	NA	NA	NA	NA	NA	NA	NA	NA	NA	NA	-1.79987736904657	-2.5998118570687	NA	-2.88294334151746	-1.60370457950021	NA	NA	NA	NA	NA	NA	NA	-2.08555181522653	NA	-1.74682879530261	NA	NA	NA	NA	NA	NA	NA	NA	NA	NA	NA	NA	NA	NA
hsa-miR-2115-3p|MIMAT0011159	-3.08253005332081	NA	-1.864780364321	-0.0878667622323014	NA	NA	NA	NA	NA	NA	NA	-0.631835111329996	NA	NA	NA	NA	NA	-2.5998118570687	-1.7955687697206	NA	0.981258652000456	NA	NA	NA	-2.38327344184067	-1.48909477722073	-1.86446513023881	NA	0.236377504327805	NA	-1.74682879530261	NA	NA	NA	NA	NA	-1.3834428051544	-2.78147423198854	NA	-1.18678071005439	NA	NA	-0.845746039313223	-0.0804783763462067	NA
hsa-miR-2116-5p|MIMAT0011160	NA	NA	-1.864780364321	NA	-2.20717462602775	-1.98633050724543	NA	NA	NA	NA	-0.985933274888856	-0.631835111329996	-0.97878182919197	NA	NA	NA	-3.38483986976772	NA	NA	-1.29798438816427	-0.603704579500209	NA	-2.78470161683252	-2.0135089678146	NA	NA	-1.86446513023881	-0.690837785422477	-2.08555181522653	NA	NA	NA	NA	-0.0830052249122459	-2.35156032783198	-2.58735936443677	-2.38344656900942	-1.78147919165494	-1.15576862840045	-1.77174649499089	-2.6912523763913	NA	-3.84574344651288	-1.08047837634621	-2.77372823957451
hsa-miR-2116-3p|MIMAT0011161	NA	0.368226363778042	-0.864777737085683	-0.502905794804667	-0.622212125306591	NA	-0.826122943749046	0.343222463165788	-0.4176848676837	-1.80688179567268	-0.985933274888856	NA	NA	-1.58184676094512	-0.969062247269494	-0.0795954050193465	-1.38483986976772	-0.599811857068703	-1.7955687697206	-0.297984388164272	1.39629596858446	0.47675909803205	-0.199737459190548	-0.428546467093445	-0.061346852317412	-1.48909477722073	-0.864465130238811	-0.105875284701321	-0.0855502843929778	-0.774404232659682	0.575099299584757	0.724868514686396	0.553933535145292	-0.0830067530476281	-0.76659782711082	-0.265433003663129	-1.38344656900942	-0.459548120965694	1.16615946648691	1.1351467279905	0.116102545666302	-2.2590120139294	-2.84574344651288	-1.08047837634621	-1.77372823957451
hsa-miR-2117|MIMAT0011162	NA	NA	NA	NA	NA	-2.98633050724543	NA	NA	NA	NA	NA	NA	NA	NA	NA	NA	NA	NA	NA	NA	NA	NA	NA	NA	NA	NA	NA	NA	NA	NA	NA	NA	NA	NA	NA	NA	NA	NA	NA	NA	NA	NA	NA	NA	NA
hsa-miR-548q|MIMAT0011163	NA	NA	NA	-2.08786829552582	-0.622212125306591	-2.98633050724543	-0.0187669255026064	-1.65677639958902	NA	NA	NA	NA	NA	-2.58184676094512	-0.969062247269494	-1.40152045085577	-2.38483986976772	NA	-1.7955687697206	-2.88294334151746	-1.60370457950021	NA	NA	-2.0135089678146	-1.38327344184067	NA	-1.86446513023881	NA	NA	NA	NA	-2.27512973950309	-0.446065482148315	NA	-2.35156032783198	NA	-2.38344656900942	-1.78147423198854	-1.15576862840045	-2.77174649499089	-1.6912523763913	-1.2590120139294	NA	NA	-1.77372823957451
hsa-miR-2276-3p|MIMAT0011775	NA	-2.43912855827956	NA	NA	-1.20717462602775	-2.98633050724543	-2.82612038597639	NA	NA	-3.39184934417964	NA	-0.631835111329996	NA	NA	NA	NA	-3.38483986976772	NA	NA	NA	NA	NA	NA	NA	NA	NA	NA	NA	NA	NA	NA	-2.27512973950309	NA	-2.08300675304763	NA	-2.58735936443677	NA	NA	NA	-2.77174649499089	-2.6912523763913	NA	-3.84574344651288	NA	NA
hsa-miR-2277-5p|MIMAT0017352	-2.08253005332081	-2.43912855827956	-0.864777737085683	0.234061025996487	0.114753468859615	-0.986336223617162	-0.241159590436501	-1.65677639958902	0.5823151323163	-0.806881795672679	0.0140652964137654	NA	-0.97878182919197	-0.581848920320729	-0.969062247269494	-1.40152426217045	-1.79987736904657	-0.599811857068703	NA	-0.0755929803631302	1.20365159532204	-1.10820132927794	-2.78470161683252	-0.0135075115478828	-2.38327344184067	-0.904132276499571	NA	-1.69083778542248	-2.08555181522653	0.225595767340318	-1.74682879530261	0.894792934191399	2.64139620297679	-2.08300675304763	-0.766600281502381	-2.58735936443677	-1.38344656900942	-1.78147423198854	-1.74073112912161	0.228255968171319	-1.6912523763913	-2.2590120139294	-2.26078094579172	-0.0804783763462067	-1.18876573885335
hsa-miR-2277-3p|MIMAT0011777	NA	-1.43913247025385	-2.86477510985516	-0.502903750413667	NA	NA	-2.82612038597639	-1.65677639958902	-1.41768294055853	-3.39184934417964	NA	NA	-1.97878182919197	NA	-1.96906224726949	-2.40152045085577	-3.38483986976772	-2.5998118570687	NA	NA	-1.60370457950021	NA	NA	-0.0135075115478827	-0.798310941119517	-1.48909477722073	NA	NA	-2.08555181522653	-0.774404232659682	NA	-2.27512973950309	0.138897018572841	-2.08300675304763	-1.35156032783198	NA	-2.38344656900942	-1.78147919165494	-1.15576862840045	-2.77174649499089	-1.6912523763913	NA	-3.84574344651288	NA	NA
hsa-miR-2278|MIMAT0011778	NA	NA	NA	NA	NA	NA	NA	NA	NA	NA	NA	NA	NA	NA	NA	NA	NA	NA	NA	NA	NA	NA	NA	-2.0135089678146	NA	NA	NA	NA	NA	NA	NA	NA	NA	NA	NA	NA	NA	-1.78147919165494	NA	NA	NA	NA	NA	NA	-2.77372823957451
hsa-miR-711|MIMAT0012734	NA	NA	NA	NA	NA	NA	NA	NA	NA	NA	NA	NA	NA	NA	NA	NA	NA	NA	NA	NA	NA	NA	NA	NA	NA	NA	NA	NA	NA	NA	NA	NA	NA	NA	NA	NA	NA	NA	NA	NA	NA	NA	NA	NA	NA
hsa-miR-718|MIMAT0012735	NA	NA	NA	NA	NA	NA	NA	NA	NA	NA	NA	NA	NA	NA	NA	NA	NA	NA	NA	NA	NA	NA	NA	NA	NA	NA	NA	NA	NA	NA	NA	NA	NA	NA	NA	NA	NA	NA	NA	NA	NA	NA	NA	NA	NA
hsa-miR-2861|MIMAT0013802	NA	NA	NA	NA	NA	NA	NA	NA	NA	NA	NA	NA	NA	NA	NA	NA	NA	NA	NA	NA	NA	NA	NA	NA	NA	NA	NA	NA	NA	NA	NA	NA	NA	NA	NA	NA	NA	NA	NA	NA	NA	NA	NA	NA	NA
hsa-miR-2909|MIMAT0013863	NA	NA	NA	NA	NA	NA	NA	NA	NA	NA	NA	NA	NA	NA	NA	NA	NA	NA	NA	NA	NA	NA	NA	NA	NA	NA	NA	NA	NA	NA	NA	NA	NA	NA	NA	NA	NA	NA	NA	NA	NA	NA	NA	NA	NA
hsa-miR-3115|MIMAT0014977	NA	NA	NA	NA	NA	NA	NA	NA	NA	NA	NA	NA	NA	NA	NA	NA	NA	NA	NA	NA	NA	NA	NA	NA	NA	NA	NA	-1.69083778542248	NA	NA	NA	NA	NA	NA	NA	NA	NA	NA	NA	NA	NA	NA	NA	NA	NA
hsa-miR-3116|MIMAT0014978	NA	NA	NA	-2.08786829552582	NA	-2.98633050724543	NA	NA	NA	-3.39184934417964	NA	NA	NA	NA	NA	-2.40152045085577	NA	-2.5998118570687	NA	NA	NA	NA	NA	NA	NA	NA	NA	NA	NA	NA	NA	NA	NA	NA	-2.35156032783198	NA	NA	NA	NA	NA	NA	NA	-2.84574344651288	-2.08047837634621	NA
hsa-miR-3117-3p|MIMAT0014979	0.0873949481215057	NA	-1.86477510985516	-1.08786829552582	-1.20717462602775	-2.98633050724543	0.173879614023609	-1.65677639958902	-1.41768294055853	-0.806881795672679	NA	0.368164888670004	-1.97878182919197	-1.58184676094512	-1.96906224726949	-2.40152045085577	-0.577484947710119	-0.277883762181341	NA	-2.88294334151746	-0.603704579500209	NA	-0.462771533640406	-2.0135089678146	-1.38327344184067	NA	NA	-0.690837785422477	-2.08555181522653	NA	NA	NA	NA	-2.08300675304763	-2.35156032783198	-1.00239975390631	-2.38344656900942	-2.78147423198854	-2.74073112912161	-1.18678071005439	-2.6912523763913	-1.2590120139294	-2.26078094579172	-2.08047837634621	-1.77372823957451
hsa-miR-3118|MIMAT0014980	NA	NA	NA	NA	NA	NA	NA	NA	NA	NA	NA	NA	NA	NA	NA	NA	NA	NA	NA	NA	NA	NA	NA	NA	NA	NA	NA	NA	NA	NA	NA	NA	NA	NA	NA	NA	NA	NA	NA	NA	NA	NA	NA	NA	NA
hsa-miR-3119|MIMAT0014981	NA	NA	NA	NA	NA	NA	NA	NA	NA	NA	NA	NA	NA	NA	NA	NA	NA	NA	NA	NA	NA	NA	NA	NA	NA	NA	NA	NA	NA	NA	NA	NA	NA	NA	NA	NA	NA	NA	NA	NA	NA	NA	NA	NA	NA
hsa-miR-3120-3p|MIMAT0014982	NA	NA	NA	NA	NA	NA	NA	NA	NA	NA	NA	NA	NA	NA	NA	NA	NA	NA	NA	NA	NA	NA	NA	NA	NA	NA	NA	NA	NA	NA	NA	NA	NA	NA	NA	NA	NA	NA	NA	NA	NA	NA	NA	NA	NA
hsa-miR-3121-3p|MIMAT0014983	NA	NA	NA	NA	NA	NA	NA	-1.65677639958902	NA	-2.39184177250756	NA	NA	NA	NA	NA	NA	NA	NA	NA	NA	-1.60370457950021	NA	NA	NA	NA	NA	NA	NA	NA	NA	NA	NA	NA	-2.08300675304763	NA	-1.58736369972498	NA	NA	NA	NA	NA	NA	NA	NA	NA
hsa-miR-3122|MIMAT0014984	NA	NA	NA	NA	NA	NA	NA	NA	NA	NA	NA	NA	NA	NA	NA	NA	NA	NA	NA	NA	NA	NA	NA	NA	NA	NA	NA	NA	NA	NA	NA	NA	NA	NA	NA	NA	NA	NA	NA	NA	NA	NA	NA	NA	NA
hsa-miR-3123|MIMAT0014985	NA	NA	NA	NA	NA	NA	NA	NA	NA	NA	NA	NA	NA	NA	NA	NA	NA	NA	NA	NA	NA	NA	NA	NA	NA	NA	NA	NA	NA	NA	NA	NA	NA	NA	NA	NA	NA	NA	NA	NA	NA	NA	NA	NA	NA
hsa-miR-3124-5p|MIMAT0014986	NA	NA	NA	NA	NA	NA	NA	NA	NA	NA	NA	NA	NA	NA	NA	NA	NA	NA	NA	NA	NA	NA	NA	NA	NA	NA	NA	NA	NA	NA	NA	NA	NA	-2.08300675304763	NA	NA	NA	NA	-2.74073112912161	NA	NA	NA	NA	NA	NA
hsa-miR-548s|MIMAT0014987	NA	-2.43912855827956	NA	NA	NA	NA	NA	NA	1.1672782754128	NA	NA	NA	NA	0.0031128606078385	-0.384099746548338	-0.816560491009948	-3.38483986976772	-2.5998118570687	-0.795566265548194	NA	NA	-1.10820443939581	-2.78470161683252	-2.0135089678146	-2.38327344184067	NA	NA	-1.69083778542248	NA	-0.774404232659682	-1.74682879530261	NA	NA	NA	-1.35156032783198	NA	NA	NA	NA	-2.77174649499089	NA	-1.2590120139294	NA	-0.495515875625051	-2.77372823957451
hsa-miR-3125|MIMAT0014988	NA	NA	NA	NA	NA	NA	NA	NA	NA	NA	NA	NA	NA	NA	NA	NA	NA	NA	-1.7955687697206	NA	NA	NA	NA	-2.0135089678146	NA	NA	NA	NA	NA	NA	NA	NA	NA	NA	NA	-2.58735936443677	-2.38344656900942	-2.78147423198854	NA	-2.77174649499089	NA	NA	-3.84574344651288	NA	NA
hsa-miR-3126-5p|MIMAT0014989	NA	NA	NA	NA	NA	NA	NA	NA	NA	NA	NA	NA	NA	NA	NA	NA	NA	NA	NA	NA	NA	NA	NA	NA	NA	NA	NA	NA	NA	NA	NA	NA	NA	NA	NA	NA	NA	NA	NA	NA	NA	NA	NA	NA	NA
hsa-miR-3126-3p|MIMAT0015377	NA	-2.43912855827956	NA	NA	NA	NA	NA	NA	NA	NA	NA	NA	NA	NA	NA	NA	NA	NA	NA	NA	NA	NA	NA	NA	NA	NA	NA	NA	NA	NA	NA	NA	NA	-2.08300675304763	NA	NA	NA	-2.78147423198854	NA	NA	NA	NA	NA	NA	NA
hsa-miR-3127-5p|MIMAT0014990	1.44103190273621	0.560867529746152	1.45714878146107	3.08205840957586	1.69971508132267	1.01366449093054	1.4218044350748	1.665150330604	2.58231537320709	1.93008291513229	0.599028273367538	1.95312738939116	1.19114506775862	-0.259920393557986	0.0309377527305064	1.05790770295042	2.99019901688078	3.04404503236397	-1.7955687697206	0.117052667692963	2.71822439232252	0.213724277515665	-1.78470161683252	3.30842058333948	1.07615612402701	1.41779419845511	1.3054598712035	2.11651880008282	1.37388147341093	0.225595767340318	-0.746828795302606	3.76926258114147	3.30882085532602	1.23892378685557	2.50641939778324	0.219994318968388	0.938484536962746	1.97340922896655	4.43917776138083	0.550184555690618	1.11610387680709	1.06291608095796	0.32417694550338	1.08944730307836	1.39619730998995
hsa-miR-3128|MIMAT0014991	NA	NA	NA	-2.08786829552582	NA	NA	-2.82612038597639	NA	NA	NA	NA	NA	NA	NA	NA	NA	-3.38483986976772	NA	NA	NA	NA	NA	NA	NA	-0.798310941119517	NA	NA	-1.69083778542248	NA	NA	NA	NA	NA	NA	NA	-2.58735936443677	NA	NA	NA	-2.77174649499089	NA	NA	-3.84574344651288	NA	NA
hsa-miR-3129-5p|MIMAT0014992	NA	NA	NA	NA	NA	NA	NA	NA	NA	NA	NA	NA	-1.97878182919197	NA	-1.96906224726949	NA	NA	NA	NA	-2.88294334151746	NA	NA	NA	NA	NA	NA	NA	NA	NA	NA	NA	NA	NA	NA	NA	NA	NA	NA	NA	NA	NA	NA	NA	-2.08047837634621	-1.77372823957451
hsa-miR-3130-5p|MIMAT0014995	NA	0.560867529746152	-0.057424691624243	3.23406133265506	2.04075218615949	0.0136652054778952	1.98123234370493	1.15057722275972	2.16727795422516	0.415510986219222	1.59902827336754	2.82759630407946	2.26914718070572	1.66607847947142	2.03093704668701	0.768402009711208	2.04142453446952	2.57011387318397	2.90487268207878	2.54331745333146	2.91985832974739	1.79868719291941	0.385227803061078	1.68693209457274	2.42408013614192	1.59836663467734	2.89042276105997	3.00960336584289	1.49941272660567	2.54752386222768	2.34063490041338	1.81233145863153	2.94625081753737	NA	0.970367030738356	2.36683470838362	NA	2.02587679318975	2.95970840357518	2.8132188794191	-0.691252376391303	1.06291539039223	-1.5238195001083	1.72687698155717	0.68570427598983
hsa-miR-3130-3p|MIMAT0014994	-2.08253005332081	NA	NA	-2.08786829552582	NA	NA	NA	-1.65677639958902	-0.417682940558534	-1.80688179567268	NA	NA	NA	NA	NA	-2.40152045085577	NA	NA	NA	NA	NA	NA	NA	NA	NA	-1.48909477722073	NA	NA	NA	NA	NA	-2.27512973950309	NA	NA	NA	NA	-2.38344656900942	NA	-1.15576862840045	NA	NA	NA	NA	-0.495515875625051	-1.18876573885335
hsa-miR-3131|MIMAT0014996	NA	NA	NA	4.02065776121077	NA	NA	NA	NA	NA	-3.39184934417964	NA	NA	-0.97878182919197	NA	-1.96906224726949	NA	-0.799877369046567	-2.5998118570687	NA	NA	-0.603704579500209	NA	NA	NA	NA	-2.48909477722073	-1.86446513023881	NA	-1.08554875356105	-1.77440423265968	NA	NA	NA	NA	NA	NA	NA	NA	NA	NA	NA	NA	NA	-1.08047837634621	-2.77372823957451
hsa-miR-3132|MIMAT0014997	NA	NA	NA	NA	NA	NA	NA	NA	NA	NA	NA	NA	NA	NA	NA	NA	NA	NA	NA	NA	NA	NA	NA	NA	NA	NA	NA	NA	NA	NA	NA	NA	NA	NA	NA	NA	NA	NA	NA	NA	NA	-1.2590120139294	NA	NA	NA
hsa-miR-3133|MIMAT0014998	NA	NA	NA	NA	NA	NA	NA	NA	NA	NA	NA	NA	NA	NA	NA	-2.40152045085577	NA	NA	NA	NA	NA	NA	NA	NA	-2.38327344184067	NA	NA	NA	NA	-0.774404232659682	NA	NA	NA	NA	NA	NA	NA	NA	NA	NA	NA	NA	NA	NA	NA
hsa-miR-378b|MIMAT0014999	NA	NA	NA	NA	NA	NA	NA	NA	-1.41768294055853	NA	NA	NA	NA	NA	NA	-0.816560491009948	NA	NA	-0.795568769720598	NA	NA	-2.10820132927794	NA	NA	-2.38327344184067	NA	NA	NA	NA	-0.189441731938525	NA	NA	NA	NA	NA	NA	NA	NA	NA	-2.77174649499089	NA	NA	NA	NA	-1.77372823957451
hsa-miR-3134|MIMAT0015000	NA	NA	NA	NA	NA	NA	NA	NA	NA	NA	NA	NA	NA	NA	NA	NA	NA	NA	NA	NA	NA	NA	NA	NA	NA	NA	NA	NA	NA	NA	NA	NA	NA	NA	NA	NA	NA	NA	NA	NA	NA	NA	NA	NA	NA
hsa-miR-3135a|MIMAT0015001	NA	NA	NA	NA	NA	NA	NA	NA	NA	NA	NA	NA	NA	NA	NA	NA	NA	NA	NA	NA	NA	NA	NA	NA	NA	NA	NA	NA	NA	NA	NA	NA	NA	NA	-2.35156032783198	NA	NA	NA	NA	NA	NA	NA	NA	NA	NA
hsa-miR-466|MIMAT0015002	NA	NA	NA	NA	NA	NA	NA	NA	NA	NA	NA	NA	NA	NA	NA	NA	-3.38483986976772	NA	-1.7955687697206	NA	-0.603704579500209	NA	NA	-2.0135089678146	NA	NA	NA	NA	NA	NA	NA	NA	-1.44606548214831	NA	-2.35156032783198	NA	NA	NA	NA	NA	NA	NA	NA	NA	NA
hsa-miR-3136-5p|MIMAT0015003	-3.08253005332081	-2.43912855827956	NA	NA	NA	-1.98633050724543	-1.24115788525523	NA	0.167278275412797	-3.39184934417964	NA	-0.631835111329996	NA	-0.996884260223962	NA	NA	-2.38483986976772	-2.5998118570687	NA	-2.88294334151746	-0.0187420787790525	-0.52324090196795	-1.19973580227163	-0.0135075115478828	-1.38327344184067	NA	-0.864465130238811	-0.105873732150083	-2.08555181522653	NA	-1.74682879530261	NA	NA	-2.08300675304763	-0.351560327831976	NA	-2.38344656900942	-2.78147423198854	-0.418803034234247	-2.77174649499089	NA	-1.2590120139294	NA	-2.08047837634621	-1.77372823957451
hsa-miR-544b|MIMAT0015004	NA	NA	NA	NA	NA	NA	-2.82612038597639	NA	NA	NA	-0.985933274888856	NA	NA	NA	NA	NA	NA	NA	NA	NA	-1.60370457950021	-1.10820132927794	NA	NA	NA	NA	NA	-1.69083778542248	NA	-1.77440423265968	NA	NA	NA	NA	NA	NA	NA	NA	NA	-2.77174649499089	NA	NA	NA	NA	-2.77372823957451
hsa-miR-3137|MIMAT0015005	NA	NA	NA	NA	NA	NA	NA	NA	NA	NA	NA	NA	NA	NA	NA	NA	NA	NA	NA	-2.88294334151746	NA	NA	NA	NA	NA	NA	NA	NA	NA	NA	NA	NA	NA	NA	NA	NA	NA	NA	NA	NA	NA	NA	NA	-2.08047837634621	NA
hsa-miR-3138|MIMAT0015006	NA	NA	NA	NA	NA	NA	NA	NA	NA	NA	NA	NA	NA	NA	NA	NA	NA	NA	NA	NA	NA	NA	NA	NA	NA	NA	NA	NA	NA	NA	NA	NA	NA	NA	NA	NA	NA	NA	NA	NA	NA	NA	NA	NA	NA
hsa-miR-3139|MIMAT0015007	NA	NA	NA	NA	NA	NA	-2.82612038597639	NA	NA	NA	NA	NA	NA	NA	NA	NA	NA	NA	NA	NA	NA	NA	NA	NA	NA	NA	NA	NA	NA	NA	NA	NA	NA	NA	NA	NA	NA	NA	NA	NA	NA	NA	NA	NA	NA
hsa-miR-3140-3p|MIMAT0015008	NA	NA	-2.86477510985516	-1.08786829552582	-2.20717462602775	NA	NA	NA	-0.4176848676837	-2.39184934417964	NA	-0.631835111329996	-0.978778985930494	NA	NA	-2.40152045085577	-3.38483986976772	NA	NA	NA	-1.60370457950021	NA	NA	-2.0135089678146	NA	-2.48909477722073	NA	NA	NA	NA	NA	-2.27512973950309	NA	-2.08300675304763	NA	NA	NA	NA	-2.74073112912161	NA	-2.6912523763913	-2.2590120139294	NA	-1.08047837634621	NA
hsa-miR-548t-5p|MIMAT0015009	-3.08253005332081	NA	NA	-2.08786829552582	NA	NA	NA	-0.656776399589015	NA	NA	NA	-0.631835111329996	NA	NA	NA	NA	NA	NA	-1.7955687697206	NA	-1.60370457950021	-2.10820132927794	NA	NA	NA	-0.489094777220727	NA	NA	NA	NA	NA	NA	NA	NA	NA	-2.58735936443677	NA	-2.78147423198854	-1.74073112912161	NA	-2.6912523763913	NA	-3.84574344651288	-2.08047837634621	NA
hsa-miR-3141|MIMAT0015010	NA	NA	NA	NA	NA	NA	NA	NA	NA	NA	NA	NA	NA	NA	-1.96906224726949	NA	NA	NA	NA	NA	NA	NA	NA	NA	NA	NA	NA	NA	NA	NA	NA	NA	NA	NA	NA	NA	NA	NA	NA	NA	NA	NA	NA	NA	NA
hsa-miR-3142|MIMAT0015011	NA	NA	NA	NA	NA	NA	NA	NA	NA	NA	NA	NA	NA	NA	NA	NA	NA	NA	NA	NA	NA	NA	NA	NA	NA	NA	NA	NA	NA	NA	NA	NA	NA	NA	NA	NA	NA	NA	NA	NA	NA	NA	NA	NA	NA
hsa-miR-3143|MIMAT0015012	NA	NA	NA	NA	NA	NA	NA	NA	NA	-3.39184934417964	NA	NA	NA	NA	NA	NA	NA	NA	NA	NA	NA	NA	NA	NA	NA	NA	NA	NA	NA	NA	NA	NA	NA	NA	NA	NA	NA	NA	NA	NA	NA	NA	NA	NA	NA
hsa-miR-548u|MIMAT0015013	NA	NA	NA	NA	NA	NA	NA	NA	NA	NA	NA	NA	NA	NA	NA	NA	NA	NA	NA	NA	NA	NA	NA	NA	NA	NA	NA	NA	NA	NA	NA	NA	NA	NA	NA	NA	NA	NA	NA	NA	NA	NA	NA	NA	NA
hsa-miR-3144-5p|MIMAT0015014	NA	NA	NA	NA	NA	NA	NA	NA	NA	NA	NA	NA	NA	NA	NA	NA	NA	NA	NA	NA	NA	NA	NA	NA	NA	NA	NA	NA	NA	NA	NA	NA	NA	NA	NA	NA	NA	NA	NA	NA	NA	NA	NA	NA	NA
hsa-miR-3144-3p|MIMAT0015015	-2.08253005332081	-2.43912855827956	NA	NA	-1.20717462602775	NA	NA	NA	NA	-3.39184934417964	NA	NA	NA	NA	NA	NA	NA	NA	NA	NA	-1.60370457950021	NA	NA	NA	NA	NA	NA	-1.69083778542248	NA	NA	-0.746828795302606	NA	NA	NA	NA	NA	NA	NA	-1.15576862840045	NA	NA	NA	NA	NA	NA
hsa-miR-3145-3p|MIMAT0015016	NA	NA	NA	NA	NA	NA	NA	NA	NA	NA	NA	NA	NA	-1.58184676094512	NA	NA	NA	NA	-0.795566265548194	NA	-1.60370457950021	NA	NA	NA	NA	NA	-1.86446513023881	NA	NA	NA	NA	NA	-1.44606548214831	NA	-2.35156032783198	NA	NA	-1.78147423198854	NA	NA	NA	-1.2590120139294	NA	NA	NA
hsa-miR-1273c|MIMAT0015017	NA	NA	NA	NA	-2.20717462602775	NA	NA	NA	NA	NA	NA	NA	NA	NA	NA	NA	NA	NA	NA	NA	NA	NA	NA	NA	NA	NA	NA	NA	NA	NA	NA	NA	NA	NA	NA	NA	NA	NA	NA	NA	NA	NA	NA	NA	NA
hsa-miR-3146|MIMAT0015018	NA	NA	NA	NA	NA	NA	NA	NA	NA	NA	NA	NA	NA	NA	NA	NA	NA	NA	NA	NA	-0.603704579500209	NA	NA	NA	NA	NA	NA	NA	-2.08555181522653	NA	NA	NA	NA	NA	NA	NA	NA	NA	-2.74073112912161	-2.77174649499089	NA	NA	NA	NA	NA
hsa-miR-3147|MIMAT0015019	NA	NA	NA	NA	NA	NA	NA	NA	NA	NA	NA	NA	NA	NA	NA	NA	NA	NA	NA	NA	NA	NA	NA	NA	NA	NA	NA	NA	NA	NA	NA	NA	NA	NA	NA	NA	NA	NA	NA	NA	NA	NA	NA	NA	NA
hsa-miR-548v|MIMAT0015020	-2.08253005332081	-2.43912855827956	-0.0574231903471167	-0.502903750413667	1.49326457965681	-1.40136800652427	-0.0187669255026062	-0.071815415194987	NA	-2.39184934417964	0.599028273367538	1.69009298355737	-0.97878182919197	0.0031128606078385	0.0309377527305064	2.12203852243409	-0.0629117748803609	0.400188142931297	0.789394565725176	NA	-0.0187420787790525	0.891797115663965	0.385225593837125	1.98649212438558	1.61672514688053	-0.167168302266051	0.942889791818794	0.631091240995828	-0.0855502843929778	2.13248636294884	1.25317180994395	0.532224184948767	1.36128831681621	-2.08300675304763	1.34887825751353	-0.00239830881023714	-0.383446569009422	NA	-0.418803034234247	0.398180695929149	-0.691252376391303	-2.2590120139294	NA	-0.0804783763462067	0.396196761867801
hsa-miR-3148|MIMAT0015021	NA	NA	NA	NA	NA	NA	NA	NA	NA	NA	NA	NA	NA	NA	NA	NA	NA	NA	NA	NA	NA	NA	NA	NA	NA	NA	NA	NA	NA	NA	NA	NA	NA	NA	NA	-2.58735936443677	NA	NA	NA	NA	NA	NA	NA	NA	NA
hsa-miR-3149|MIMAT0015022	NA	NA	NA	-2.08786829552582	NA	NA	NA	NA	NA	NA	NA	NA	NA	NA	NA	NA	-3.38483986976772	NA	NA	NA	NA	NA	NA	-1.0135089678146	NA	NA	NA	NA	NA	NA	NA	-2.27512973950309	NA	-2.08300675304763	NA	-2.58735936443677	NA	NA	NA	NA	NA	NA	NA	-1.08047837634621	NA
hsa-miR-3150a-3p|MIMAT0015023	NA	-2.43912855827956	NA	NA	-2.20717462602775	NA	NA	NA	NA	NA	NA	NA	NA	NA	NA	NA	NA	NA	NA	NA	NA	NA	NA	NA	NA	NA	NA	NA	NA	NA	NA	NA	-1.44606548214831	NA	NA	NA	NA	NA	NA	NA	-2.6912523763913	NA	NA	NA	NA
hsa-miR-3151-5p|MIMAT0015024	NA	NA	NA	NA	NA	NA	NA	NA	NA	NA	NA	NA	NA	NA	NA	NA	NA	NA	NA	NA	NA	NA	NA	NA	NA	-2.48909477722073	NA	NA	-2.08555181522653	NA	NA	NA	NA	NA	NA	NA	NA	NA	NA	NA	NA	NA	NA	NA	-1.77372823957451
hsa-miR-3152-3p|MIMAT0015025	NA	NA	NA	NA	NA	NA	NA	NA	NA	NA	NA	NA	NA	NA	NA	NA	NA	NA	NA	NA	NA	NA	NA	NA	NA	NA	NA	NA	NA	NA	NA	NA	NA	NA	NA	NA	NA	NA	NA	NA	NA	NA	NA	NA	NA
hsa-miR-3153|MIMAT0015026	NA	NA	NA	NA	NA	NA	NA	NA	NA	NA	NA	NA	NA	NA	NA	NA	NA	NA	NA	NA	NA	NA	NA	NA	NA	NA	NA	NA	NA	NA	NA	NA	NA	NA	NA	NA	NA	NA	NA	NA	NA	NA	NA	NA	NA
hsa-miR-3074-3p|MIMAT0015027	NA	-2.43912855827956	NA	NA	NA	NA	-2.82612038597639	NA	NA	NA	NA	NA	NA	-2.58184676094512	NA	NA	NA	NA	NA	NA	-0.603704579500209	NA	NA	NA	NA	NA	NA	NA	NA	NA	NA	NA	NA	NA	NA	-1.58736369972498	-2.38344656900942	-2.78147423198854	NA	NA	NA	NA	NA	NA	-2.77372823957451
hsa-miR-3154|MIMAT0015028	-1.08253005332081	NA	NA	NA	NA	NA	NA	NA	NA	-3.39184934417964	NA	NA	NA	-2.58184676094512	-1.96906224726949	NA	-2.38483986976772	NA	NA	NA	-1.60370457950021	NA	NA	NA	NA	NA	-1.86446513023881	-1.69083778542248	NA	NA	NA	NA	NA	-2.08300675304763	-1.35156032783198	-2.58735936443677	-2.38344656900942	NA	NA	NA	NA	NA	-3.84574344651288	NA	NA
hsa-miR-3155a|MIMAT0015029	NA	NA	NA	NA	NA	NA	NA	NA	NA	NA	NA	NA	NA	NA	NA	-2.40152045085577	NA	NA	NA	-2.88294334151746	NA	NA	NA	NA	NA	NA	NA	NA	NA	NA	NA	-2.27512973950309	NA	NA	NA	NA	NA	NA	NA	NA	NA	NA	NA	NA	NA
hsa-miR-3156-5p|MIMAT0015030	NA	NA	NA	NA	NA	NA	NA	NA	NA	NA	NA	NA	NA	NA	NA	NA	NA	NA	NA	NA	NA	NA	NA	NA	NA	NA	NA	NA	NA	NA	NA	-2.27512973950309	NA	NA	NA	NA	NA	NA	NA	NA	NA	NA	NA	NA	NA
hsa-miR-3157-5p|MIMAT0015031	-3.08253005332081	-2.43912855827956	NA	-1.08786829552582	-2.20717462602775	NA	-1.24115788525523	NA	-1.41768294055853	-1.06991822061867	NA	NA	-1.97878182919197	-1.58184676094512	NA	-1.40152426217045	-1.79987736904657	-2.5998118570687	NA	-2.88294334151746	NA	-0.523238828556783	-2.78470161683252	NA	-0.798310941119517	NA	NA	NA	NA	NA	-1.74682879530261	NA	NA	NA	NA	-2.58735936443677	NA	-2.78147423198854	-0.155768628400453	-1.77174649499089	-2.6912523763913	-2.2590120139294	-2.84574344651288	-1.08047837634621	-0.773728239574511
hsa-miR-3158-3p|MIMAT0015032	NA	NA	NA	NA	NA	NA	NA	NA	NA	-3.39184934417964	NA	NA	-1.97878182919197	-2.58184676094512	NA	NA	-2.38483986976772	-2.5998118570687	NA	NA	NA	NA	NA	NA	NA	NA	NA	NA	-1.08554875356105	NA	NA	NA	NA	-0.498042214812989	NA	-2.58735936443677	NA	-1.19651503770976	NA	-1.77174649499089	-2.6912523763913	-2.2590120139294	-3.84574344651288	NA	-2.77372823957451
hsa-miR-3159|MIMAT0015033	NA	NA	NA	NA	NA	NA	NA	NA	NA	NA	NA	NA	NA	-2.58184676094512	NA	NA	NA	NA	-1.7955687697206	NA	-1.60370457950021	NA	NA	NA	NA	NA	NA	NA	NA	NA	NA	NA	NA	NA	NA	NA	NA	NA	NA	NA	NA	NA	NA	NA	NA
hsa-miR-3160-3p|MIMAT0015034	NA	NA	NA	NA	NA	NA	NA	NA	NA	NA	NA	NA	NA	NA	NA	NA	NA	NA	-1.7955687697206	NA	NA	NA	NA	NA	NA	NA	NA	NA	NA	NA	NA	NA	NA	NA	NA	NA	NA	NA	NA	NA	NA	NA	-3.84574344651288	NA	NA
hsa-miR-3161|MIMAT0015035	NA	-1.43913247025385	NA	NA	-2.20717462602775	0.0136652054778952	-0.826122943749046	-1.65677639958902	NA	NA	NA	NA	NA	NA	-0.384099746548338	-0.0795954050193465	NA	NA	NA	NA	NA	NA	NA	NA	NA	NA	NA	-0.690835456596247	NA	NA	-1.74682879530261	NA	0.553933535145292	NA	0.648438751771678	NA	NA	NA	0.259268870878391	-1.18678071005439	NA	0.5483429081282	NA	1.61996181116725	0.0336266824830932
hsa-miR-3162-5p|MIMAT0015036	NA	NA	NA	NA	NA	NA	NA	NA	NA	NA	NA	NA	NA	NA	NA	NA	NA	-2.5998118570687	NA	NA	NA	NA	NA	NA	NA	NA	NA	NA	NA	NA	NA	NA	NA	NA	NA	NA	NA	NA	NA	NA	NA	NA	NA	NA	NA
hsa-miR-3163|MIMAT0015037	NA	NA	NA	NA	NA	NA	NA	NA	NA	NA	NA	NA	NA	NA	NA	NA	NA	NA	-1.7955687697206	NA	NA	NA	NA	NA	NA	NA	-1.86446513023881	NA	NA	NA	NA	NA	NA	NA	NA	NA	NA	NA	NA	NA	NA	NA	NA	NA	-1.77372823957451
hsa-miR-3164|MIMAT0015038	NA	NA	NA	NA	NA	NA	NA	NA	NA	-3.39184934417964	NA	NA	NA	NA	NA	NA	-1.79987736904657	NA	NA	NA	NA	NA	NA	NA	NA	NA	NA	NA	NA	NA	NA	NA	NA	NA	NA	NA	NA	NA	NA	NA	NA	NA	NA	NA	NA
hsa-miR-3165|MIMAT0015039	NA	NA	NA	NA	NA	NA	NA	NA	NA	NA	NA	NA	NA	NA	NA	NA	NA	NA	NA	NA	NA	NA	NA	NA	NA	NA	NA	NA	NA	NA	NA	NA	NA	NA	NA	NA	NA	NA	NA	NA	NA	NA	NA	NA	NA
hsa-miR-3166|MIMAT0015040	NA	NA	NA	NA	NA	NA	NA	NA	NA	NA	NA	NA	NA	NA	NA	NA	NA	NA	NA	NA	NA	NA	NA	NA	NA	NA	NA	NA	NA	NA	NA	NA	NA	NA	NA	NA	NA	NA	-2.74073112912161	NA	NA	NA	NA	NA	NA
hsa-miR-1260b|MIMAT0015041	NA	NA	NA	NA	NA	NA	NA	NA	NA	-3.39184934417964	NA	NA	NA	NA	NA	NA	NA	NA	NA	NA	NA	NA	NA	NA	NA	NA	NA	NA	-2.08555181522653	NA	NA	NA	NA	NA	NA	NA	NA	NA	NA	NA	NA	NA	NA	NA	NA
hsa-miR-3167|MIMAT0015042	NA	NA	NA	NA	NA	NA	NA	NA	NA	NA	NA	NA	NA	NA	NA	NA	NA	NA	NA	NA	NA	NA	NA	NA	NA	NA	NA	NA	NA	NA	NA	NA	NA	NA	NA	NA	NA	-2.78147423198854	NA	NA	NA	NA	NA	NA	NA
hsa-miR-3168|MIMAT0015043	NA	NA	NA	NA	NA	NA	NA	NA	NA	NA	NA	NA	NA	NA	NA	NA	NA	NA	NA	NA	NA	NA	NA	NA	NA	NA	NA	NA	NA	NA	NA	NA	NA	NA	NA	NA	NA	NA	NA	NA	NA	NA	NA	NA	NA
hsa-miR-3169|MIMAT0015044	NA	NA	NA	NA	NA	NA	NA	NA	NA	NA	NA	NA	NA	NA	NA	NA	NA	NA	NA	NA	NA	NA	NA	NA	NA	NA	NA	NA	NA	NA	NA	NA	NA	NA	NA	NA	NA	NA	NA	NA	NA	NA	NA	NA	NA
hsa-miR-3170|MIMAT0015045	-2.08253005332081	0.368223010657875	-0.864780364320996	1.61257283796319	-0.622212125306591	-1.40137181743624	-0.50419433730679	1.15057722275972	-0.417682940558534	-3.39184934417964	0.0140652964137654	0.368164888670004	0.0212195924394686	-0.259920393557986	-1.96906224726949	0.183439508990052	-0.577484947710119	0.985151372462809	1.78939540044931	-0.0755914600604377	1.39629651666892	-0.52324090196795	-2.78470161683252	-2.0135089678146	1.20168717717511	-1.48909477722073	0.942890542293943	0.894126267849917	NA	1.03295068939792	0.253172415190249	-2.27512973950309	0.553933535145292	-0.498042214812989	-1.35156032783198	-0.00239975390630535	0.786481778082287	-0.781479191654943	0.959708589019483	-0.771744031828681	0.478673660382837	-2.2590120139294	-1.52381535162552	0.241450938908977	0.226271760425489
hsa-miR-3171|MIMAT0015046	NA	NA	NA	NA	NA	NA	NA	NA	NA	NA	NA	NA	NA	NA	NA	NA	NA	NA	NA	NA	NA	NA	NA	NA	NA	NA	NA	NA	NA	NA	NA	NA	NA	NA	NA	NA	NA	NA	-1.74073112912161	NA	NA	NA	NA	NA	NA
hsa-miR-3173-3p|MIMAT0015048	NA	NA	NA	NA	NA	NA	NA	NA	NA	NA	NA	NA	NA	-2.58184676094512	NA	NA	NA	NA	NA	NA	-1.60370457950021	NA	NA	NA	NA	NA	NA	NA	NA	NA	NA	NA	NA	NA	NA	NA	NA	NA	NA	NA	NA	-2.2590120139294	NA	NA	NA
hsa-miR-1193|MIMAT0015049	NA	NA	-2.86477510985516	NA	NA	-2.98633050724543	NA	NA	NA	NA	NA	NA	NA	NA	NA	NA	NA	NA	NA	-1.88294866257268	NA	-2.10820132927794	NA	NA	NA	NA	NA	NA	NA	NA	NA	NA	NA	NA	NA	NA	NA	NA	NA	NA	NA	NA	-3.84574344651288	-0.495515875625051	NA
hsa-miR-323b-5p|MIMAT0001630	NA	NA	NA	NA	NA	-2.98633050724543	NA	NA	NA	NA	NA	NA	NA	NA	NA	NA	NA	NA	NA	NA	NA	NA	NA	NA	NA	NA	NA	NA	NA	NA	NA	NA	NA	NA	NA	NA	NA	NA	NA	NA	NA	-2.2590120139294	NA	NA	NA
hsa-miR-323b-3p|MIMAT0015050	0.0873949481215054	0.560867529746152	2.22268340418941	2.66702079671978	1.11475280266609	3.76855138440525	-0.0187669255026064	3.62862441958671	NA	1.36304208404098	0.599028273367538	3.36816474895087	-0.97878182919197	1.00311286060784	NA	0.183438238550705	2.34308030045608	0.985151372462809	-0.21060459955069	3.50936990043385	2.91985832974739	3.02107973273658	1.97019030378223	-0.428544525404814	3.10857781459933	5.8328314446193	2.04242581559149	3.43844669535656	3.95884406690981	1.68502738597762	3.83813471416267	4.09990784086394	1.55393304379184	0.501958803942674	1.3488776911154	3.38991821938541	2.31699604440564	1.80348413567846	3.73500208514582	1.31571866452988	2.06363650621444	2.74098755446706	1.96160740114209	3.82641303284097	1.47419979314269
hsa-miR-3174|MIMAT0015051	NA	NA	NA	-2.08786829552582	NA	NA	-2.82612038597639	NA	NA	NA	NA	-0.631835111329996	NA	-2.58184676094512	NA	NA	NA	-2.5998118570687	NA	NA	NA	NA	-2.78470161683252	NA	-2.38327344184067	NA	NA	-1.69083778542248	NA	NA	NA	-0.275131485313604	NA	NA	NA	-2.58735936443677	NA	-1.78147919165494	NA	NA	NA	NA	NA	-2.08047837634621	NA
hsa-miR-3175|MIMAT0015052	NA	NA	-2.86477510985516	NA	-2.20717462602775	NA	NA	NA	NA	NA	NA	NA	NA	NA	NA	NA	NA	NA	NA	NA	NA	NA	NA	NA	NA	NA	NA	NA	NA	NA	-1.74682879530261	NA	NA	NA	NA	NA	NA	NA	NA	NA	NA	NA	NA	NA	NA
hsa-miR-3176|MIMAT0015053	NA	NA	NA	-2.08786829552582	NA	-1.98633050724543	NA	NA	NA	-3.39184934417964	NA	NA	-1.97878182919197	NA	-1.96906224726949	NA	-2.38483986976772	-2.5998118570687	NA	NA	NA	-2.10820132927794	NA	NA	NA	NA	NA	NA	NA	NA	-0.746828795302606	-1.27513323112624	NA	-2.08300675304763	NA	NA	NA	-1.78147423198854	NA	NA	-2.6912523763913	-2.2590120139294	NA	-1.08047837634621	-2.77372823957451
hsa-miR-3177-3p|MIMAT0015054	-3.08253005332081	NA	NA	NA	NA	NA	NA	NA	-1.41768294055853	NA	NA	-0.631835111329996	NA	NA	-1.96906224726949	-1.40152426217045	NA	NA	NA	NA	NA	NA	NA	NA	NA	NA	NA	NA	NA	NA	NA	NA	NA	NA	NA	-2.58735936443677	NA	NA	NA	NA	NA	NA	NA	NA	-2.77372823957451
hsa-miR-3178|MIMAT0015055	NA	NA	NA	NA	NA	NA	-2.82612038597639	NA	NA	NA	NA	NA	NA	NA	NA	NA	-3.38483986976772	NA	NA	NA	NA	NA	NA	NA	NA	NA	NA	NA	NA	NA	NA	NA	NA	NA	NA	NA	NA	NA	NA	NA	NA	NA	NA	NA	NA
hsa-miR-3179|MIMAT0015056	-3.08253005332081	NA	-2.86477510985516	NA	NA	NA	NA	NA	NA	NA	NA	NA	NA	NA	NA	NA	NA	NA	NA	NA	NA	NA	NA	NA	NA	NA	NA	NA	NA	NA	NA	NA	NA	NA	NA	NA	NA	NA	NA	NA	NA	NA	NA	NA	NA
hsa-miR-3180-5p|MIMAT0015057	NA	NA	NA	NA	NA	NA	NA	NA	NA	NA	NA	NA	NA	NA	NA	NA	NA	NA	NA	NA	NA	NA	NA	NA	NA	NA	NA	NA	NA	NA	NA	NA	NA	NA	NA	NA	NA	NA	NA	NA	NA	NA	NA	NA	NA
hsa-miR-3180-3p|MIMAT0015058	NA	NA	NA	NA	NA	NA	NA	NA	NA	NA	NA	NA	NA	NA	NA	NA	NA	NA	NA	NA	NA	NA	NA	NA	NA	NA	NA	NA	NA	NA	NA	NA	NA	NA	NA	NA	NA	NA	NA	NA	NA	NA	NA	NA	NA
hsa-miR-548w|MIMAT0015060	NA	NA	NA	NA	-2.20717462602775	NA	NA	NA	NA	NA	NA	NA	NA	NA	NA	NA	NA	NA	NA	NA	NA	NA	NA	NA	NA	NA	NA	NA	NA	NA	NA	NA	NA	NA	NA	NA	NA	NA	NA	NA	NA	NA	NA	NA	NA
hsa-miR-3181|MIMAT0015061	NA	NA	NA	NA	NA	NA	NA	NA	NA	NA	NA	NA	NA	NA	NA	NA	NA	NA	NA	NA	NA	NA	NA	NA	NA	NA	NA	NA	NA	NA	NA	NA	NA	NA	NA	NA	NA	NA	NA	NA	NA	NA	NA	NA	NA
hsa-miR-3182|MIMAT0015062	NA	NA	NA	NA	NA	NA	NA	NA	NA	NA	NA	NA	NA	NA	NA	NA	NA	NA	NA	NA	NA	NA	NA	NA	NA	NA	NA	NA	NA	NA	NA	NA	NA	NA	NA	NA	NA	NA	NA	NA	NA	NA	NA	NA	NA
hsa-miR-3183|MIMAT0015063	NA	NA	-2.86477510985516	NA	NA	NA	NA	NA	NA	-3.39184934417964	NA	NA	NA	NA	NA	NA	NA	-2.5998118570687	-1.7955687697206	-2.88294334151746	NA	NA	NA	-1.0135089678146	NA	NA	NA	-1.69083778542248	-2.08555181522653	NA	NA	NA	NA	NA	NA	NA	-2.38344656900942	NA	NA	NA	NA	-2.2590120139294	-3.84574344651288	NA	NA
hsa-miR-3184-5p|MIMAT0015064	NA	NA	NA	NA	NA	NA	NA	NA	NA	NA	NA	NA	NA	NA	NA	NA	NA	NA	NA	NA	NA	NA	NA	NA	NA	NA	NA	NA	NA	NA	NA	NA	NA	NA	NA	NA	NA	NA	NA	NA	NA	NA	NA	NA	NA
hsa-miR-3185|MIMAT0015065	NA	NA	NA	NA	NA	NA	NA	NA	NA	NA	NA	NA	NA	NA	NA	NA	NA	NA	NA	NA	NA	NA	NA	NA	NA	NA	NA	NA	NA	NA	NA	NA	NA	NA	NA	NA	NA	NA	NA	NA	NA	NA	NA	NA	NA
hsa-miR-3065-5p|MIMAT0015066	-2.08253005332081	-1.43912855827956	2.86314098251134	3.2696852049884	0.962749635199518	-1.98633622361716	1.49580566269321	1.51314708552617	0.582316095879204	-0.584490095447407	3.01406547500101	NA	0.343147403000655	0.588075361328995	0.615899312060255	2.59847669065916	1.00747755301104	0.722116237818659	0.204432482366147	2.3265057097439	1.20365096893985	2.28411431629143	-0.784701616832523	1.15641668085755	1.93865277134132	-1.48909477722073	1.4574634899812	-0.105875284701321	0.236377504327805	3.51099798620257	NA	1.30983043347024	5.67287440284364	0.501957785187011	1.10786995204681	NA	0.423910503823685	2.02587643892748	2.25926856953138	1.1351467279905	0.116103876807086	0.325950486791752	-1.03839148765605	-2.08047837634621	1.03362738721153
hsa-miR-3065-3p|MIMAT0015378	3.23939849985589	2.60526176764944	6.50154277343838	7.12402156075589	4.97273372887707	1.18358941297868	5.88468367918901	4.70077427361997	3.83024305147066	2.85608215435947	7.39344374500233	3.36816474895087	4.57580859535441	4.75800105590492	3.07533101627861	6.49934313584712	4.83916119961473	5.02954564641735	4.95932044826517	6.26679952489184	5.12421695054969	6.18181557010562	0.800265026187113	3.44592397470159	6.37161235284951	2.75883124417966	5.60314086504136	3.51861709079689	2.9144499069611	7.51561466157721	2.77673379231602	5.30983086992325	9.7169539591563	3.6983557389038	4.05782930892248	1.99760096864191	2.90195854512679	5.07027055828593	6.81001541196966	4.27265053537699	2.06363650621444	3.54834253818232	2.64610550133401	2.91952257706624	5.52548040523806
hsa-miR-3186-5p|MIMAT0015067	NA	NA	NA	NA	NA	NA	NA	NA	NA	NA	NA	NA	NA	NA	NA	NA	NA	NA	NA	NA	NA	NA	NA	-2.0135089678146	NA	NA	NA	NA	NA	NA	NA	NA	NA	NA	NA	NA	NA	0.218522048263256	NA	NA	NA	NA	NA	NA	NA
hsa-miR-3186-3p|MIMAT0015068	NA	NA	NA	NA	NA	NA	NA	NA	NA	NA	NA	NA	NA	NA	NA	NA	NA	NA	NA	NA	NA	NA	NA	NA	NA	NA	NA	NA	NA	NA	NA	NA	NA	NA	NA	NA	NA	NA	NA	NA	NA	NA	NA	NA	NA
hsa-miR-3187-3p|MIMAT0015069	NA	NA	NA	-2.08786829552582	NA	NA	-0.826122943749046	NA	-1.41768294055853	-3.39184934417964	NA	-0.631835111329996	NA	NA	NA	NA	-3.38483986976772	NA	NA	NA	NA	-2.10820132927794	NA	NA	-2.38327344184067	-2.48909477722073	NA	NA	NA	NA	-1.74682879530261	NA	NA	NA	NA	-1.58735936443677	NA	NA	-2.74073112912161	-1.77174649499089	-2.6912523763913	NA	NA	NA	NA
hsa-miR-3188|MIMAT0015070	NA	-2.43912855827956	NA	NA	NA	NA	NA	NA	NA	NA	NA	NA	NA	NA	NA	NA	NA	NA	-0.21060459955069	NA	NA	-1.10820443939581	NA	NA	-2.38327344184067	NA	-0.864465130238811	NA	-2.08555181522653	NA	-1.74682879530261	-2.27512973950309	NA	NA	NA	NA	-2.38344656900942	NA	-2.74073112912161	NA	-2.6912523763913	NA	-3.84574344651288	NA	NA
hsa-miR-3189-3p|MIMAT0015071	-3.08253005332081	-1.43913247025385	-2.86477510985516	-2.08786829552582	-2.20717462602775	-2.98633050724543	NA	NA	NA	-2.39184177250756	NA	-0.631835111329996	-1.97878182919197	NA	NA	-2.40152045085577	0.200122630953433	1.57011363024722	NA	-0.561019503472705	NA	NA	NA	0.793846786395593	NA	NA	-1.86446513023881	NA	NA	NA	-1.74682879530261	0.724869387591919	0.138895708297502	NA	-2.35156032783198	-2.58735936443677	-1.3834428051544	NA	-1.74073112912161	0.228255968171319	-2.6912523763913	NA	-1.0383944508629	-0.495515875625051	NA
hsa-miR-320e|MIMAT0015072	NA	NA	NA	NA	-1.20717462602775	-1.98633050724543	NA	NA	NA	NA	NA	NA	NA	NA	NA	NA	-3.38483986976772	-2.5998118570687	NA	-2.88294334151746	NA	NA	-2.78470161683252	NA	NA	NA	NA	-1.69083778542248	NA	NA	NA	-2.27512973950309	NA	NA	NA	-2.58735936443677	NA	-2.78147423198854	NA	NA	-2.6912523763913	NA	NA	NA	NA
hsa-miR-3190-5p|MIMAT0015073	NA	NA	NA	NA	NA	-1.98633050724543	NA	NA	NA	NA	NA	NA	NA	NA	NA	NA	-3.38483986976772	-2.5998118570687	NA	NA	NA	NA	NA	NA	NA	NA	NA	NA	NA	NA	NA	NA	NA	NA	NA	NA	NA	NA	NA	NA	NA	NA	-3.84574344651288	NA	NA
hsa-miR-3191-3p|MIMAT0015075	-2.08253005332081	NA	-2.86477510985516	-2.08786829552582	-2.20717462602775	-2.98633050724543	NA	-1.65677639958902	-1.41768294055853	-3.39184934417964	0.599028273367538	NA	-1.97878182919197	NA	NA	NA	-3.38483986976772	-2.5998118570687	-1.7955687697206	-0.297984388164272	NA	NA	NA	NA	-2.38327344184067	NA	-1.86446513023881	-1.69083778542248	NA	NA	NA	NA	-0.446065482148315	NA	-2.35156032783198	-2.58735936443677	NA	-2.78147423198854	NA	-0.771746494990887	-2.6912523763913	-2.2590120139294	-3.84574344651288	-1.08047837634621	-0.773728239574511
hsa-miR-3192-5p|MIMAT0015076	NA	-2.43912855827956	NA	NA	NA	NA	NA	NA	-1.41768294055853	-3.39184934417964	NA	NA	NA	NA	NA	NA	-1.79987736904657	NA	NA	NA	NA	NA	NA	NA	NA	NA	NA	-0.690837785422477	NA	NA	NA	-2.27512973950309	NA	NA	NA	NA	NA	NA	-0.740731129121609	NA	NA	-2.2590120139294	NA	NA	NA
hsa-miR-3193|MIMAT0015077	NA	-1.43913247025385	-2.86477510985516	-1.08786829552582	-1.20717462602775	-2.98633050724543	-2.82612038597639	0.928185342968776	-1.41768294055853	-1.80688684345848	0.5990292258323	-0.631835111329996	-0.97878182919197	-0.996884260223962	NA	NA	-3.38483986976772	-2.5998118570687	-1.7955687697206	NA	0.71822439232252	-0.52324090196795	-1.78469664607577	NA	-1.38327344184067	-1.48909477722073	-0.864465130238811	-0.105875284701321	-1.08555181522653	-0.774404232659682	-0.16186629458145	NA	NA	-1.08300675304763	NA	-2.58735936443677	-1.38344656900942	NA	-0.418803034234247	-2.77174649499089	-0.106289875670146	NA	-3.84574344651288	-0.495515875625051	-0.773728239574511
hsa-miR-3194-5p|MIMAT0015078	NA	-2.43912855827956	-2.86477510985516	NA	NA	NA	-1.82612038597639	NA	NA	-3.39184934417964	NA	NA	-1.97878182919197	-2.58184676094512	NA	-2.40152045085577	-3.38483986976772	-1.5998118570687	NA	NA	-1.60370457950021	-2.10820132927794	NA	-2.0135089678146	-2.38327344184067	NA	NA	NA	NA	-1.77440423265968	NA	-1.27513323112624	-0.44606744756177	-2.08300675304763	NA	-2.58735936443677	-2.38344656900942	-2.78147423198854	NA	NA	NA	NA	NA	NA	-2.77372823957451
hsa-miR-3195|MIMAT0015079	-1.49756755259965	NA	NA	NA	NA	NA	NA	NA	NA	NA	NA	NA	-1.97878182919197	NA	NA	NA	NA	NA	NA	NA	NA	NA	NA	NA	-2.38327344184067	NA	NA	NA	NA	NA	NA	NA	NA	NA	NA	NA	NA	NA	NA	NA	NA	NA	-3.84574344651288	NA	NA
hsa-miR-3196|MIMAT0015080	NA	NA	NA	NA	NA	NA	NA	NA	NA	NA	NA	NA	NA	NA	NA	NA	NA	NA	NA	NA	NA	NA	NA	NA	-2.38327344184067	NA	NA	-1.69083778542248	NA	NA	NA	NA	NA	NA	NA	NA	NA	NA	NA	NA	NA	NA	NA	NA	NA
hsa-miR-548x-3p|MIMAT0015081	NA	NA	NA	NA	NA	NA	NA	NA	NA	NA	NA	NA	NA	NA	NA	NA	NA	NA	NA	NA	NA	NA	NA	NA	NA	NA	NA	NA	NA	NA	NA	NA	NA	NA	NA	NA	NA	NA	NA	NA	NA	NA	NA	NA	NA
hsa-miR-3197|MIMAT0015082	NA	NA	NA	NA	NA	NA	NA	NA	NA	NA	NA	NA	NA	NA	NA	NA	NA	NA	NA	NA	NA	NA	NA	NA	NA	NA	NA	NA	NA	NA	NA	NA	NA	NA	NA	NA	NA	NA	NA	NA	NA	NA	NA	NA	NA
hsa-miR-3198|MIMAT0015083	NA	NA	NA	NA	NA	NA	NA	NA	NA	NA	NA	NA	NA	-2.58184676094512	NA	NA	-3.38483986976772	-2.5998118570687	NA	NA	NA	NA	NA	NA	NA	-2.48909477722073	NA	NA	NA	NA	-1.74682879530261	NA	NA	NA	NA	-2.58735936443677	NA	-2.78147423198854	NA	-1.77174156867068	NA	NA	NA	NA	-1.77372823957451
hsa-miR-3199|MIMAT0015084	-1.49756755259965	-0.854166057558406	NA	-0.0878667622323014	0.600180296029857	-1.98633050724543	-0.0187669255026062	-0.0718138988678591	0.582317059441466	-1.80688684345848	1.01406672511114	-0.631835111329996	0.828574717587164	0.225506927183961	0.0309377527305064	0.405832293308964	-0.577484947710119	-0.599811857068703	0.789393731000558	-0.882943341517463	-1.60370457950021	-0.108202884336035	-0.199737459190548	NA	0.424080404957019	-0.167166682333365	-0.864465130238811	-0.690837785422477	-2.08555181522653	0.547523862227681	-1.74682879530261	0.532224184948767	-1.44606548214831	-0.498044252326472	NA	-1.00239975390631	-1.3834428051544	-0.781474231988542	-0.740731129121609	-2.77174649499089	-0.691252376391303	NA	-1.26078094579172	-2.08047837634621	0.226271760425489
hsa-miR-3200-5p|MIMAT0017392	NA	NA	NA	NA	NA	NA	NA	NA	NA	NA	NA	NA	NA	NA	NA	NA	NA	NA	NA	NA	NA	NA	-2.78470161683252	-2.0135089678146	NA	NA	NA	NA	NA	NA	NA	NA	NA	NA	NA	NA	NA	NA	NA	NA	NA	NA	NA	NA	NA
hsa-miR-3200-3p|MIMAT0015085	-2.08253005332081	1.02029950401791	-0.864777737085683	2.43569526048961	0.377787874693409	-1.98633050724543	-0.826122943749047	2.15057722275972	0.5823151323163	1.41550936371897	NA	1.36816488867	1.02121959243947	-0.581851079699572	0.615899312060255	0.405832293308964	2.39651929575731	2.35438529967855	-0.210606268999442	-0.561019503472705	1.71822439232252	-1.10820443939581	-1.78470161683252	3.34404431547678	-0.383275323546045	1.2113430717671	0.457462964648552	0.309163378991108	0.721803981593305	-0.774404232659682	1.8381349159114	2.67906454349073	1.55393304379184	1.23892378685557	0.970367030738356	-0.265434737778932	0.786481778082287	1.86237759328065	1.84423137159955	0.0356112421088946	0.630677582092814	3.38484389961907	-1.26078440285988	1.08944730307836	0.0336266824830932
hsa-miR-3201|MIMAT0015086	NA	NA	NA	NA	NA	NA	NA	NA	NA	NA	NA	NA	NA	NA	NA	NA	NA	NA	NA	NA	NA	NA	NA	NA	NA	NA	NA	NA	NA	NA	NA	NA	NA	NA	NA	NA	NA	NA	NA	NA	NA	NA	NA	NA	NA
hsa-miR-514b-5p|MIMAT0015087	-2.08253005332081	NA	NA	NA	NA	NA	NA	NA	NA	NA	NA	NA	-1.97878182919197	NA	NA	NA	NA	NA	NA	NA	NA	NA	NA	NA	NA	NA	NA	NA	NA	NA	NA	NA	NA	NA	NA	NA	NA	NA	NA	NA	NA	NA	NA	NA	NA
hsa-miR-514b-3p|MIMAT0015088	NA	NA	NA	NA	NA	NA	NA	NA	-1.41768294055853	NA	NA	NA	NA	NA	NA	NA	NA	NA	NA	NA	NA	NA	NA	NA	NA	NA	NA	NA	NA	NA	NA	NA	NA	NA	NA	NA	NA	NA	NA	NA	NA	NA	NA	NA	NA
hsa-miR-3202|MIMAT0015089	NA	NA	NA	NA	NA	NA	NA	NA	-1.41768294055853	NA	NA	NA	NA	NA	NA	NA	NA	NA	NA	NA	NA	NA	NA	NA	NA	NA	NA	NA	NA	NA	NA	NA	NA	NA	NA	NA	NA	NA	NA	NA	NA	NA	NA	NA	NA
hsa-miR-1273d|MIMAT0015090	NA	NA	NA	NA	NA	NA	NA	NA	NA	NA	NA	NA	NA	NA	NA	NA	NA	NA	NA	NA	NA	NA	NA	NA	NA	NA	NA	NA	NA	NA	NA	NA	NA	NA	NA	NA	NA	NA	NA	NA	NA	NA	NA	NA	NA
hsa-miR-4295|MIMAT0016844	NA	NA	NA	NA	NA	NA	NA	NA	NA	NA	NA	NA	NA	NA	NA	NA	NA	NA	NA	NA	NA	NA	NA	NA	NA	NA	NA	NA	NA	NA	NA	NA	NA	NA	NA	NA	NA	NA	NA	NA	NA	NA	NA	NA	NA
hsa-miR-4296|MIMAT0016845	NA	NA	NA	NA	NA	NA	NA	NA	NA	NA	NA	NA	NA	NA	NA	NA	NA	NA	NA	NA	NA	NA	NA	NA	NA	NA	NA	NA	NA	NA	NA	NA	NA	NA	NA	NA	NA	NA	NA	NA	NA	NA	NA	NA	NA
hsa-miR-4297|MIMAT0016846	NA	NA	NA	NA	NA	NA	NA	NA	NA	NA	NA	NA	NA	NA	NA	NA	NA	NA	NA	NA	NA	NA	NA	NA	NA	NA	NA	NA	NA	NA	NA	NA	NA	NA	NA	NA	NA	NA	NA	NA	NA	NA	NA	NA	NA
hsa-miR-378c|MIMAT0016847	1.77545136322225	0.560868507740718	0.720183012145796	3.95652740358957	2.185142162281	-0.66440469890404	0.75883955697211	2.25011267969237	3.71159842456502	0.60815444166137	4.14334843581856	1.95312738939116	-0.978778985930494	4.46254519903772	2.3528652827831	5.34666917241215	0.200122630953433	3.01489870098318	5.91179206376019	1.11705266769296	1.39629596858446	4.10125010303529	0.215302111236644	0.986492488452117	4.02611581183116	1.90322110276504	4.59496684657986	1.89412626784992	0.236377504327805	4.63498676154169	1.42309728213341	2.0467962604114	2.36128803604281	1.72435035206003	2.73590121403512	1.58256371021239	1.42391157921023	0.218520808345057	2.11724953348512	1.03561124210889	0.116103876807086	4.20041929081442	0.613684400776924	1.2414503287252	4.65253714610539
hsa-miR-4293|MIMAT0016848	NA	NA	NA	NA	NA	NA	NA	NA	NA	NA	NA	NA	NA	NA	NA	NA	NA	NA	NA	NA	NA	NA	NA	NA	NA	NA	NA	NA	NA	NA	NA	NA	NA	NA	NA	NA	NA	NA	NA	NA	NA	NA	NA	NA	NA
hsa-miR-4294|MIMAT0016849	NA	NA	NA	NA	NA	NA	NA	NA	NA	NA	NA	NA	NA	NA	NA	NA	NA	NA	NA	NA	NA	NA	NA	NA	NA	NA	NA	NA	NA	NA	NA	NA	NA	NA	NA	NA	NA	NA	NA	NA	NA	NA	NA	NA	NA
hsa-miR-4301|MIMAT0016850	NA	NA	NA	NA	NA	NA	NA	NA	NA	NA	NA	NA	NA	NA	NA	NA	NA	NA	NA	NA	NA	NA	NA	NA	NA	NA	NA	NA	NA	NA	NA	NA	NA	NA	NA	NA	NA	NA	NA	NA	NA	NA	NA	NA	NA
hsa-miR-4299|MIMAT0016851	NA	NA	NA	NA	NA	NA	NA	NA	NA	NA	NA	NA	NA	NA	NA	NA	NA	NA	NA	NA	NA	NA	NA	NA	NA	NA	NA	NA	NA	NA	NA	NA	NA	NA	NA	NA	NA	NA	NA	NA	NA	NA	NA	NA	NA
hsa-miR-4298|MIMAT0016852	NA	NA	NA	NA	NA	NA	NA	NA	NA	NA	NA	NA	NA	NA	NA	NA	NA	NA	NA	NA	NA	NA	NA	NA	NA	NA	NA	NA	NA	NA	NA	NA	NA	NA	NA	NA	NA	NA	NA	NA	NA	NA	NA	NA	NA
hsa-miR-4300|MIMAT0016853	NA	NA	NA	NA	NA	NA	NA	NA	NA	NA	NA	NA	NA	NA	NA	NA	NA	NA	NA	NA	NA	NA	NA	NA	NA	NA	NA	NA	NA	NA	NA	NA	NA	NA	NA	NA	NA	NA	NA	NA	NA	NA	NA	NA	NA
hsa-miR-4304|MIMAT0016854	NA	NA	NA	NA	NA	NA	NA	NA	NA	NA	NA	NA	NA	NA	NA	NA	NA	NA	NA	NA	NA	NA	NA	NA	NA	NA	NA	NA	NA	NA	NA	NA	NA	NA	NA	NA	NA	NA	NA	NA	NA	NA	NA	NA	NA
hsa-miR-4302|MIMAT0016855	NA	NA	NA	NA	NA	NA	NA	NA	NA	NA	NA	NA	NA	NA	NA	NA	NA	NA	NA	NA	NA	NA	NA	NA	NA	NA	NA	NA	NA	NA	NA	NA	NA	NA	NA	NA	NA	NA	NA	NA	NA	NA	NA	NA	NA
hsa-miR-4303|MIMAT0016856	NA	NA	NA	NA	NA	NA	NA	NA	NA	NA	NA	NA	NA	NA	NA	NA	NA	NA	NA	NA	NA	NA	NA	NA	NA	NA	NA	NA	NA	NA	NA	NA	NA	NA	NA	NA	NA	NA	NA	NA	NA	NA	NA	NA	NA
hsa-miR-4305|MIMAT0016857	NA	NA	NA	NA	NA	NA	NA	NA	NA	NA	NA	NA	NA	NA	NA	NA	NA	NA	NA	NA	NA	NA	NA	NA	NA	NA	NA	NA	NA	NA	NA	NA	NA	NA	NA	NA	NA	NA	NA	NA	NA	NA	NA	NA	NA
hsa-miR-4306|MIMAT0016858	NA	-2.43912855827956	NA	NA	NA	NA	NA	NA	NA	-3.39184934417964	NA	NA	NA	NA	-1.96906224726949	NA	-3.38483986976772	-2.5998118570687	NA	-1.88294866257268	NA	NA	-2.78470161683252	NA	-2.38327344184067	-2.48909477722073	NA	NA	-2.08555181522653	NA	NA	-0.690169566529757	NA	NA	NA	-1.00239975390631	NA	NA	-2.74073112912161	-0.771744031828681	-2.6912523763913	NA	NA	NA	NA
hsa-miR-4309|MIMAT0016859	NA	NA	NA	NA	NA	NA	NA	NA	NA	NA	NA	NA	NA	NA	NA	NA	NA	NA	NA	NA	NA	NA	NA	NA	NA	NA	NA	NA	NA	NA	NA	NA	NA	NA	NA	NA	NA	NA	NA	NA	NA	NA	NA	NA	NA
hsa-miR-4307|MIMAT0016860	NA	NA	NA	NA	NA	NA	NA	NA	NA	NA	NA	NA	NA	NA	NA	NA	NA	NA	NA	NA	NA	NA	NA	NA	NA	NA	NA	NA	NA	NA	NA	NA	NA	NA	NA	NA	NA	NA	NA	NA	NA	NA	NA	NA	NA
hsa-miR-4308|MIMAT0016861	NA	NA	NA	NA	NA	NA	NA	NA	NA	NA	NA	NA	NA	NA	NA	NA	NA	NA	NA	NA	NA	NA	NA	NA	NA	NA	NA	NA	NA	NA	NA	NA	NA	NA	NA	NA	NA	NA	NA	NA	NA	NA	NA	NA	NA
hsa-miR-4310|MIMAT0016862	NA	NA	NA	NA	NA	NA	NA	NA	NA	NA	NA	NA	NA	NA	NA	NA	NA	NA	NA	NA	NA	NA	NA	NA	NA	NA	NA	NA	NA	NA	NA	NA	NA	NA	NA	NA	NA	NA	NA	NA	NA	NA	NA	NA	NA
hsa-miR-4311|MIMAT0016863	NA	NA	NA	NA	NA	NA	NA	NA	NA	NA	NA	NA	NA	NA	NA	NA	NA	NA	NA	NA	NA	NA	NA	NA	NA	NA	NA	NA	NA	NA	NA	NA	NA	NA	NA	NA	NA	NA	NA	NA	NA	NA	NA	NA	NA
hsa-miR-4312|MIMAT0016864	NA	NA	NA	NA	NA	NA	NA	NA	NA	NA	NA	NA	NA	NA	NA	NA	NA	NA	NA	NA	NA	NA	NA	NA	NA	NA	NA	NA	NA	NA	NA	NA	NA	NA	NA	NA	NA	NA	NA	NA	NA	NA	NA	NA	NA
hsa-miR-4313|MIMAT0016865	NA	NA	NA	NA	NA	NA	NA	NA	NA	NA	NA	NA	NA	NA	NA	NA	NA	NA	NA	NA	NA	NA	NA	NA	NA	NA	NA	NA	NA	NA	NA	NA	NA	NA	NA	NA	NA	NA	NA	NA	NA	NA	NA	NA	NA
hsa-miR-4315|MIMAT0016866	NA	NA	NA	NA	NA	NA	-2.82612038597639	NA	NA	NA	NA	NA	NA	NA	NA	NA	NA	NA	NA	NA	NA	NA	NA	NA	NA	NA	NA	NA	NA	NA	NA	NA	NA	NA	NA	NA	NA	NA	NA	NA	NA	NA	NA	NA	NA
hsa-miR-4316|MIMAT0016867	NA	NA	NA	NA	NA	NA	NA	NA	NA	NA	NA	NA	NA	NA	NA	NA	NA	NA	NA	NA	NA	NA	NA	NA	NA	NA	NA	NA	NA	NA	NA	NA	NA	NA	NA	NA	NA	NA	NA	NA	NA	NA	NA	NA	NA
hsa-miR-4314|MIMAT0016868	NA	NA	NA	NA	NA	NA	NA	NA	NA	NA	NA	NA	NA	NA	NA	NA	NA	NA	NA	NA	NA	NA	NA	NA	NA	NA	NA	NA	NA	NA	NA	NA	NA	NA	NA	NA	NA	NA	NA	NA	NA	NA	NA	NA	NA
hsa-miR-4318|MIMAT0016869	NA	NA	NA	NA	NA	NA	NA	NA	NA	NA	NA	NA	NA	NA	NA	NA	NA	NA	NA	NA	NA	NA	NA	NA	NA	NA	NA	NA	NA	NA	NA	NA	NA	NA	NA	NA	NA	NA	NA	NA	NA	NA	NA	NA	NA
hsa-miR-4319|MIMAT0016870	NA	NA	NA	NA	NA	NA	NA	NA	NA	NA	NA	NA	NA	NA	NA	NA	NA	NA	NA	NA	NA	NA	NA	NA	NA	NA	NA	NA	NA	NA	NA	NA	NA	NA	NA	NA	NA	NA	NA	NA	NA	NA	NA	NA	NA
hsa-miR-4320|MIMAT0016871	NA	NA	NA	NA	NA	NA	NA	NA	NA	NA	NA	NA	NA	NA	NA	NA	NA	NA	NA	NA	NA	NA	NA	NA	NA	NA	NA	NA	NA	NA	NA	NA	NA	NA	NA	NA	NA	NA	NA	NA	NA	NA	NA	NA	NA
hsa-miR-4317|MIMAT0016872	NA	NA	NA	NA	NA	NA	NA	NA	NA	NA	NA	NA	NA	NA	NA	NA	NA	NA	NA	NA	NA	NA	NA	NA	NA	NA	NA	NA	NA	NA	NA	NA	NA	NA	NA	NA	NA	NA	NA	NA	NA	NA	NA	NA	NA
hsa-miR-4322|MIMAT0016873	NA	NA	NA	NA	NA	NA	NA	NA	NA	NA	NA	NA	NA	NA	NA	NA	NA	NA	NA	NA	NA	NA	NA	NA	NA	NA	NA	NA	NA	NA	NA	NA	NA	NA	NA	NA	NA	NA	NA	NA	NA	NA	NA	NA	NA
hsa-miR-4321|MIMAT0016874	NA	NA	NA	NA	NA	NA	NA	NA	NA	NA	NA	NA	NA	NA	NA	NA	NA	NA	NA	NA	NA	NA	NA	NA	NA	NA	NA	NA	NA	NA	NA	NA	NA	NA	NA	NA	NA	NA	NA	NA	NA	NA	NA	NA	NA
hsa-miR-4323|MIMAT0016875	NA	NA	NA	NA	NA	NA	NA	NA	NA	NA	NA	NA	NA	NA	NA	NA	NA	NA	NA	NA	NA	NA	NA	NA	NA	NA	NA	NA	NA	NA	NA	NA	NA	NA	NA	NA	NA	NA	NA	NA	NA	NA	NA	NA	NA
hsa-miR-4324|MIMAT0016876	NA	NA	NA	NA	NA	NA	NA	NA	NA	NA	NA	NA	NA	NA	NA	NA	NA	NA	NA	NA	NA	NA	NA	NA	NA	NA	NA	NA	NA	NA	NA	NA	NA	NA	NA	NA	NA	NA	NA	NA	NA	NA	NA	NA	NA
hsa-miR-4256|MIMAT0016877	NA	NA	NA	NA	NA	NA	NA	NA	NA	NA	NA	NA	NA	NA	NA	NA	NA	NA	NA	NA	NA	NA	NA	NA	NA	NA	NA	NA	NA	NA	NA	NA	NA	NA	NA	NA	NA	NA	NA	NA	NA	NA	NA	NA	NA
hsa-miR-4257|MIMAT0016878	NA	NA	NA	NA	NA	NA	NA	NA	NA	NA	NA	NA	NA	NA	NA	NA	NA	NA	NA	NA	NA	NA	NA	NA	NA	NA	NA	NA	NA	NA	NA	NA	NA	NA	NA	NA	NA	NA	NA	NA	NA	NA	NA	NA	NA
hsa-miR-4258|MIMAT0016879	NA	NA	NA	NA	NA	NA	NA	NA	NA	NA	NA	NA	NA	NA	NA	NA	NA	NA	NA	NA	NA	NA	NA	NA	NA	NA	NA	NA	NA	NA	NA	NA	NA	NA	NA	NA	NA	NA	NA	NA	NA	NA	NA	NA	NA
hsa-miR-4259|MIMAT0016880	NA	NA	NA	NA	NA	NA	NA	NA	NA	NA	NA	NA	NA	NA	NA	NA	NA	NA	NA	NA	NA	NA	NA	NA	NA	NA	NA	NA	NA	NA	NA	NA	NA	NA	NA	NA	NA	NA	NA	NA	NA	NA	NA	NA	NA
hsa-miR-4260|MIMAT0016881	NA	NA	NA	NA	NA	NA	NA	NA	NA	NA	NA	NA	NA	NA	NA	NA	NA	NA	NA	NA	NA	NA	NA	NA	NA	NA	NA	NA	NA	NA	NA	NA	NA	NA	NA	NA	NA	NA	NA	NA	NA	NA	NA	NA	NA
hsa-miR-4253|MIMAT0016882	NA	NA	NA	NA	NA	NA	NA	NA	NA	NA	NA	NA	NA	NA	NA	NA	NA	NA	NA	NA	NA	NA	NA	NA	NA	NA	NA	NA	NA	NA	NA	NA	NA	NA	NA	NA	NA	NA	NA	NA	NA	NA	NA	NA	NA
hsa-miR-4251|MIMAT0016883	NA	NA	NA	NA	NA	NA	NA	NA	NA	NA	NA	NA	NA	NA	NA	NA	NA	NA	NA	NA	NA	NA	NA	NA	NA	NA	NA	NA	NA	NA	NA	NA	NA	NA	NA	NA	NA	NA	NA	NA	NA	NA	NA	NA	NA
hsa-miR-4254|MIMAT0016884	NA	NA	NA	NA	NA	NA	NA	NA	NA	NA	NA	NA	NA	NA	NA	NA	NA	NA	NA	NA	NA	NA	NA	NA	NA	NA	NA	NA	NA	NA	NA	NA	NA	NA	NA	NA	NA	NA	NA	NA	NA	-2.2590120139294	NA	NA	NA
hsa-miR-4255|MIMAT0016885	NA	NA	NA	NA	NA	NA	NA	NA	NA	NA	NA	NA	NA	NA	NA	NA	NA	NA	NA	NA	NA	NA	NA	NA	NA	NA	NA	NA	NA	NA	NA	NA	NA	NA	NA	NA	NA	NA	NA	NA	NA	NA	NA	NA	NA
hsa-miR-4252|MIMAT0016886	NA	NA	NA	NA	NA	NA	NA	NA	NA	NA	NA	NA	NA	NA	NA	NA	NA	NA	NA	NA	NA	NA	NA	NA	NA	NA	NA	NA	NA	NA	NA	NA	NA	NA	NA	NA	NA	NA	NA	NA	NA	NA	NA	NA	NA
hsa-miR-4325|MIMAT0016887	NA	NA	NA	NA	NA	NA	NA	NA	NA	NA	NA	NA	NA	NA	NA	NA	NA	NA	NA	NA	NA	NA	NA	NA	NA	NA	NA	NA	NA	NA	NA	NA	NA	NA	NA	NA	NA	NA	NA	NA	NA	NA	NA	NA	NA
hsa-miR-4326|MIMAT0016888	2.5898957679075	1.36822301065787	2.68980949353243	3.04141647375446	2.83721868582336	0.598628182563756	0.981231612912094	1.51314708552617	2.58231537320709	3.20806740093621	1.82142042257108	2.17551981072761	1.34314797165295	0.740077878939715	NA	NA	NA	1.64811657697738	-0.210606268999442	-2.88294334151746	2.78861388724917	1.35122802745612	2.30276561038054	3.91722970664893	1.31716511832817	1.41779473843287	-0.279502629517654	2.76859531519558	2.16237730962075	2.13248636294884	1.42309674413666	2.81233104785231	2.01336506444561	1.37642764401643	2.69283245276796	1.21999308031488	2.74583945902035	2.46644936593035	2.93169402376942	1.92869587578625	3.03666948466024	0.740987986070595	2.59719599622062	1.37895379700386	0.0336266824830932
hsa-miR-4327|MIMAT0016889	NA	NA	NA	NA	NA	NA	NA	NA	NA	NA	NA	NA	NA	NA	NA	NA	NA	NA	NA	NA	NA	NA	NA	NA	NA	NA	NA	NA	NA	NA	NA	NA	NA	NA	NA	NA	NA	NA	NA	NA	NA	NA	NA	NA	NA
hsa-miR-4261|MIMAT0016890	NA	NA	NA	NA	NA	NA	NA	NA	NA	NA	NA	NA	NA	NA	NA	NA	NA	NA	NA	NA	NA	NA	NA	NA	NA	NA	NA	NA	NA	NA	NA	NA	NA	NA	NA	NA	NA	NA	NA	NA	NA	NA	NA	NA	NA
hsa-miR-4265|MIMAT0016891	NA	NA	NA	NA	NA	NA	NA	NA	NA	NA	NA	NA	NA	NA	NA	NA	NA	NA	NA	NA	NA	NA	NA	NA	NA	NA	NA	NA	NA	NA	NA	NA	NA	NA	NA	NA	NA	NA	NA	NA	NA	NA	NA	NA	NA
hsa-miR-4266|MIMAT0016892	NA	NA	NA	NA	NA	NA	NA	NA	NA	NA	NA	NA	NA	NA	NA	NA	NA	NA	NA	NA	NA	NA	NA	NA	NA	NA	NA	NA	NA	NA	NA	NA	NA	NA	NA	NA	NA	NA	NA	NA	NA	NA	NA	NA	NA
hsa-miR-4267|MIMAT0016893	NA	NA	NA	NA	NA	NA	NA	NA	NA	NA	NA	NA	NA	NA	NA	NA	NA	NA	NA	NA	NA	NA	NA	NA	NA	NA	NA	NA	NA	NA	NA	NA	NA	NA	NA	NA	NA	NA	NA	NA	NA	NA	NA	NA	NA
hsa-miR-4262|MIMAT0016894	NA	NA	NA	NA	NA	NA	NA	NA	NA	NA	NA	NA	NA	NA	NA	NA	NA	NA	NA	NA	NA	NA	NA	NA	NA	NA	NA	NA	NA	NA	NA	NA	NA	NA	NA	NA	NA	NA	NA	NA	NA	NA	NA	NA	NA
hsa-miR-2355-5p|MIMAT0016895	5.1366389182539	5.56649224637883	4.8699301686538	5.57746916250604	5.5872404901044	3.70016447006264	4.68957710418866	5.71826166158286	5.33720295566747	3.78806361000394	4.68649072242632	5.22614569108152	5.14016079812124	4.64696979896685	5.019621549999	4.95602825372214	4.93257217710098	3.66697547869202	4.66386455630745	4.08283668630202	6.16448081127606	4.88048139836564	4.97019044185862	5.65182826933653	5.05966832370436	3.83283149524224	4.90371958010338	5.06405122616583	4.16237739019089	5.10823885852769	5.40291927895709	5.20868408713475	3.50812981383195	5.5390478279111	4.84811071467469	4.48945398468847	5.30305691809945	5.14333406712748	5.82532265461402	4.94935549541706	4.61252978717596	3.80707686731987	3.35392480628272	5.28584461449743	4.56612243323716
hsa-miR-2355-3p|MIMAT0017950	1.23939804156656	2.56086850774072	1.5275383095228	2.91213342942927	3.00227819944431	1.10112695389096	1.81773375758057	2.98707851647103	2.48920637030016	1.06758571613171	0.0140667251111436	3.36816474895087	2.87920073463228	1.41815053983486	2.0309373997088	1.59847716707373	2.10701322656195	0.570113144373609	2.01178722555428	1.20451636970277	2.98125883469528	2.79868740026066	1.73886379714404	3.23441961866776	1.42408040495702	1.51090421032156	1.83597458790228	2.39662615174656	1.37388147341093	1.54752386222768	3.57510014692986	3.21672133944536	-0.446065482148315	3.44055772775393	2.17200066781144	1.66056632362389	3.00887354223822	3.30598481657726	2.75112196720807	1.75181845969782	2.16672958266593	1.06291608095796	0.677816705857431	2.44308437560298	0.548199855312851
hsa-miR-4268|MIMAT0016896	NA	NA	NA	NA	NA	NA	NA	NA	NA	NA	NA	NA	NA	NA	NA	NA	NA	NA	NA	NA	NA	NA	NA	NA	NA	NA	NA	NA	NA	NA	NA	NA	NA	NA	NA	NA	NA	NA	NA	NA	NA	NA	NA	NA	NA
hsa-miR-4269|MIMAT0016897	NA	NA	NA	NA	NA	NA	NA	NA	NA	NA	NA	NA	NA	NA	NA	NA	NA	NA	NA	NA	NA	NA	NA	NA	NA	NA	NA	NA	NA	NA	NA	NA	NA	NA	NA	NA	NA	NA	NA	NA	NA	NA	NA	NA	NA
hsa-miR-4263|MIMAT0016898	NA	NA	NA	NA	NA	NA	NA	NA	NA	NA	NA	NA	NA	NA	NA	NA	NA	NA	NA	NA	NA	NA	NA	NA	NA	NA	NA	NA	NA	NA	NA	NA	NA	NA	NA	NA	NA	NA	NA	NA	NA	NA	NA	NA	NA
hsa-miR-4264|MIMAT0016899	NA	NA	NA	NA	NA	NA	NA	NA	NA	NA	NA	NA	NA	NA	NA	NA	NA	NA	NA	NA	NA	NA	NA	NA	NA	NA	NA	NA	NA	NA	NA	NA	NA	NA	NA	NA	NA	NA	NA	NA	NA	NA	NA	NA	NA
hsa-miR-4270|MIMAT0016900	NA	NA	NA	NA	NA	NA	NA	NA	NA	NA	NA	NA	NA	NA	NA	NA	NA	NA	NA	NA	NA	NA	NA	NA	NA	NA	NA	NA	NA	NA	NA	NA	NA	NA	NA	NA	NA	NA	NA	NA	NA	NA	NA	NA	NA
hsa-miR-4271|MIMAT0016901	NA	NA	NA	NA	NA	NA	NA	NA	NA	NA	NA	NA	NA	NA	NA	NA	NA	NA	NA	NA	NA	NA	NA	NA	NA	NA	NA	NA	NA	NA	NA	NA	NA	NA	NA	NA	NA	NA	NA	NA	NA	NA	NA	NA	NA
hsa-miR-4272|MIMAT0016902	NA	NA	NA	NA	NA	NA	NA	NA	NA	NA	NA	NA	NA	NA	NA	NA	NA	NA	NA	NA	NA	NA	NA	NA	NA	NA	NA	NA	NA	NA	NA	NA	NA	NA	NA	NA	NA	NA	NA	NA	NA	NA	NA	NA	NA
hsa-miR-4273|MIMAT0016903	NA	NA	NA	NA	NA	NA	NA	NA	NA	NA	NA	NA	NA	NA	NA	NA	NA	NA	NA	NA	NA	NA	NA	NA	NA	NA	NA	NA	NA	NA	NA	NA	NA	NA	NA	NA	NA	NA	NA	NA	NA	NA	NA	NA	NA
hsa-miR-4276|MIMAT0016904	NA	NA	NA	NA	NA	NA	NA	NA	NA	NA	NA	NA	NA	NA	NA	NA	NA	NA	NA	NA	NA	NA	NA	NA	NA	NA	NA	NA	NA	NA	NA	NA	NA	NA	NA	NA	NA	NA	NA	NA	NA	NA	NA	NA	NA
hsa-miR-4275|MIMAT0016905	NA	NA	NA	NA	NA	NA	NA	NA	NA	NA	NA	NA	NA	NA	NA	NA	NA	NA	NA	NA	NA	NA	NA	NA	NA	NA	NA	NA	NA	NA	NA	NA	NA	NA	NA	NA	NA	NA	NA	NA	NA	NA	NA	NA	NA
hsa-miR-4274|MIMAT0016906	NA	NA	NA	NA	NA	NA	NA	NA	NA	NA	NA	NA	NA	NA	NA	NA	NA	NA	NA	NA	NA	NA	NA	NA	NA	NA	NA	NA	NA	NA	NA	NA	NA	NA	NA	NA	NA	NA	NA	NA	NA	NA	NA	NA	NA
hsa-miR-4281|MIMAT0016907	NA	NA	NA	NA	NA	NA	NA	NA	NA	NA	NA	NA	NA	NA	NA	NA	NA	NA	NA	NA	NA	NA	NA	NA	NA	NA	NA	NA	NA	NA	NA	NA	NA	NA	NA	NA	NA	NA	NA	NA	NA	NA	NA	NA	NA
hsa-miR-4277|MIMAT0016908	NA	NA	NA	NA	NA	NA	NA	NA	NA	NA	NA	NA	NA	NA	NA	NA	NA	NA	NA	NA	NA	NA	NA	NA	NA	NA	NA	NA	NA	NA	NA	NA	NA	NA	NA	NA	NA	NA	NA	NA	NA	NA	NA	NA	NA
hsa-miR-4279|MIMAT0016909	NA	NA	NA	NA	NA	NA	NA	NA	NA	NA	NA	NA	NA	NA	NA	NA	NA	NA	NA	NA	NA	NA	NA	NA	NA	NA	NA	NA	NA	NA	NA	NA	NA	NA	NA	NA	NA	NA	NA	NA	NA	NA	NA	NA	NA
hsa-miR-4278|MIMAT0016910	NA	NA	NA	NA	NA	NA	NA	NA	NA	NA	NA	NA	NA	NA	NA	NA	NA	NA	NA	NA	NA	NA	NA	NA	NA	NA	NA	NA	NA	NA	NA	NA	NA	NA	NA	NA	NA	NA	NA	NA	NA	NA	NA	NA	NA
hsa-miR-4280|MIMAT0016911	NA	NA	NA	NA	NA	NA	NA	NA	NA	NA	NA	NA	NA	NA	NA	NA	NA	NA	NA	NA	NA	NA	NA	NA	NA	NA	NA	NA	NA	NA	NA	NA	NA	NA	NA	NA	NA	NA	NA	NA	NA	NA	NA	NA	NA
hsa-miR-4282|MIMAT0016912	NA	NA	NA	NA	NA	NA	NA	NA	NA	NA	NA	NA	NA	NA	NA	NA	NA	NA	NA	NA	NA	NA	NA	NA	NA	NA	NA	NA	NA	NA	NA	NA	NA	NA	NA	NA	NA	NA	NA	NA	NA	NA	NA	NA	NA
hsa-miR-4285|MIMAT0016913	NA	NA	NA	NA	NA	NA	NA	NA	NA	NA	NA	NA	NA	NA	NA	NA	NA	NA	NA	NA	NA	NA	NA	NA	NA	NA	NA	NA	NA	NA	NA	NA	NA	NA	NA	NA	NA	NA	NA	NA	NA	NA	NA	NA	NA
hsa-miR-4283|MIMAT0016914	NA	NA	NA	NA	NA	NA	NA	NA	NA	NA	NA	NA	NA	NA	NA	NA	NA	NA	NA	NA	NA	NA	NA	NA	NA	NA	NA	NA	NA	NA	NA	NA	NA	NA	NA	NA	NA	NA	NA	NA	NA	NA	NA	NA	NA
hsa-miR-4284|MIMAT0016915	NA	NA	-2.86477510985516	NA	NA	NA	-2.82612038597639	NA	NA	NA	-0.985933274888856	NA	NA	-2.58184676094512	NA	NA	NA	-2.5998118570687	NA	NA	NA	NA	NA	NA	NA	NA	NA	NA	NA	NA	NA	-2.27512973950309	NA	NA	NA	NA	NA	NA	NA	NA	NA	NA	NA	NA	NA
hsa-miR-4286|MIMAT0016916	-3.08253005332081	NA	NA	-2.08786829552582	NA	NA	NA	NA	NA	NA	NA	NA	NA	NA	NA	NA	-3.38483986976772	NA	-1.7955687697206	NA	-1.60370457950021	-2.10820132927794	-1.78470161683252	-2.0135089678146	0.201687804410508	NA	NA	NA	NA	-0.774404232659682	NA	NA	NA	-2.08300675304763	NA	NA	NA	-2.78147423198854	NA	-2.77174649499089	-2.6912523763913	NA	NA	-2.08047837634621	NA
hsa-miR-4287|MIMAT0016917	NA	NA	NA	NA	NA	NA	NA	NA	NA	NA	NA	NA	NA	NA	NA	NA	NA	NA	NA	NA	NA	NA	NA	NA	NA	NA	NA	NA	NA	NA	NA	NA	NA	NA	NA	NA	NA	NA	NA	NA	NA	NA	NA	NA	NA
hsa-miR-4288|MIMAT0016918	NA	NA	NA	NA	NA	NA	NA	NA	NA	NA	NA	NA	NA	NA	NA	NA	NA	NA	NA	NA	NA	NA	NA	NA	NA	NA	NA	NA	NA	NA	NA	NA	NA	NA	NA	NA	NA	NA	NA	NA	NA	NA	NA	NA	NA
hsa-miR-4292|MIMAT0016919	NA	NA	NA	NA	NA	NA	NA	NA	NA	NA	NA	NA	NA	NA	NA	NA	NA	NA	NA	NA	NA	NA	NA	NA	NA	NA	NA	NA	NA	NA	NA	NA	NA	NA	NA	NA	NA	NA	NA	NA	NA	NA	NA	NA	NA
hsa-miR-4289|MIMAT0016920	NA	NA	NA	NA	NA	NA	NA	NA	NA	NA	NA	NA	NA	NA	NA	NA	NA	NA	NA	NA	NA	NA	NA	NA	NA	NA	NA	NA	NA	NA	NA	NA	NA	NA	NA	NA	NA	NA	NA	NA	NA	NA	NA	NA	NA
hsa-miR-4290|MIMAT0016921	NA	NA	NA	NA	NA	NA	NA	NA	NA	NA	NA	NA	NA	NA	NA	NA	NA	NA	NA	NA	NA	NA	NA	NA	NA	NA	NA	NA	NA	NA	NA	NA	NA	NA	NA	NA	NA	NA	NA	NA	NA	NA	NA	NA	NA
hsa-miR-4291|MIMAT0016922	NA	NA	NA	NA	NA	NA	NA	NA	NA	NA	NA	NA	NA	NA	NA	NA	NA	NA	NA	NA	NA	NA	NA	NA	NA	NA	NA	NA	NA	NA	NA	NA	NA	NA	NA	NA	NA	NA	NA	NA	NA	NA	NA	NA	NA
hsa-miR-4329|MIMAT0016923	NA	NA	NA	NA	NA	NA	NA	NA	NA	NA	NA	NA	NA	NA	NA	NA	NA	NA	NA	NA	NA	NA	NA	NA	NA	NA	NA	NA	NA	NA	NA	NA	NA	NA	NA	NA	NA	NA	NA	NA	NA	NA	NA	NA	NA
hsa-miR-4330|MIMAT0016924	NA	NA	NA	NA	NA	NA	NA	NA	NA	NA	NA	NA	NA	NA	NA	NA	NA	NA	NA	NA	NA	NA	NA	NA	NA	NA	NA	NA	NA	NA	NA	NA	NA	NA	NA	NA	NA	NA	NA	NA	NA	NA	NA	NA	NA
hsa-miR-500b-5p|MIMAT0016925	2.046753312797	0.730792965852797	1.99320153675033	3.26968535457793	1.60017982017737	1.40598201578752	1.17387769569454	1.92818458480501	2.58231561409783	2.25201078286953	1.59902827336754	2.17551949136956	1.82857471758716	1.00311358040043	0.838291867881227	1.29891633550569	1.74444271660613	1.85962055663442	2.37435762292914	1.20451574369594	1.56622090912848	2.74977773543243	1.97018956737463	2.94068865791002	1.3171645393417	1.09586637355665	2.22299802003076	2.11651880008282	1.49941221632818	2.03295068939792	1.42309674413666	2.42530782994784	2.01336506444561	2.23892378685557	-0.0296337055790493	0.99760096864191	0.616556253882768	1.21852142830429	1.34673171212873	1.31571866452988	1.30874878835695	2.06291573567514	1.43965451749507	1.37895379700386	2.18046870734129
hsa-miR-4328|MIMAT0016926	NA	NA	NA	NA	NA	NA	NA	NA	NA	NA	NA	NA	NA	NA	NA	NA	NA	NA	NA	NA	NA	NA	NA	NA	NA	NA	NA	NA	NA	NA	NA	NA	NA	NA	NA	NA	NA	NA	NA	NA	NA	NA	NA	NA	NA
hsa-miR-3605-5p|MIMAT0017981	NA	NA	-2.86477510985516	-2.08786829552582	-2.20717462602775	NA	NA	NA	-1.41768294055853	-2.39184934417964	NA	-0.631835111329996	-1.97878182919197	-2.58184676094512	NA	NA	-3.38483986976772	-2.5998118570687	NA	-1.88294334151746	0.396295420499791	NA	-2.78470161683252	NA	-2.38327344184067	NA	NA	NA	NA	NA	-0.746828795302606	NA	NA	NA	NA	-2.58735936443677	-2.38344656900942	NA	NA	NA	-1.6912523763913	-2.2590120139294	NA	-2.08047837634621	-2.77372823957451
hsa-miR-3605-3p|MIMAT0017982	-1.49756755259965	0.368224128365463	1.13522094929726	0.234061025996487	1.49326457965681	-0.178978851683183	0.343802341890451	1.51314708552617	0.904243612628901	-0.069916706284258	1.82142042257108	1.69009298355737	1.19114506775862	0.00311430019265659	0.352865847617869	1.68593925166556	1.37004763239575	0.985151372462809	1.37435790117047	-0.297982614479199	-0.0187420787790525	1.47675909803205	1.21530273258057	1.30842029208625	1.31716511832817	0.0958663735566498	1.94289016705642	1.11651846739343	0.49941170605051	1.81055826806147	2.8381345124139	-2.27512973950309	1.55393304379184	1.08692096507869	-0.76659782711082	0.219993080314881	0.20151969556676	-0.196515037709759	1.84423137159955	-1.18678399426973	0.630676650294738	0.910912987512908	-0.260784402859883	0.504484124374949	0.811234261146645
hsa-miR-3606-5p|MIMAT0017983	NA	NA	NA	NA	NA	NA	NA	NA	-1.41768294055853	NA	NA	NA	NA	NA	NA	NA	NA	-2.5998118570687	NA	NA	NA	NA	NA	NA	NA	NA	NA	NA	NA	NA	NA	NA	NA	NA	NA	NA	NA	NA	NA	NA	-2.6912523763913	NA	NA	NA	NA
hsa-miR-3607-5p|MIMAT0017984	NA	NA	NA	NA	NA	-1.40136800652427	-2.82612038597639	NA	NA	-1.39184934417964	0.0140652964137654	NA	NA	-0.581846760945118	NA	-1.40152045085577	-2.38483986976772	-1.5998118570687	NA	-2.88294334151746	NA	NA	-2.78470161683252	NA	NA	NA	-0.864465130238811	-1.69083778542248	NA	-0.189441731938525	-0.746828795302606	NA	NA	-2.08300675304763	-2.35156032783198	NA	NA	-2.78147423198854	NA	-1.77174649499089	-2.6912523763913	NA	-2.84574344651288	NA	-2.77372823957451
hsa-miR-3607-3p|MIMAT0017985	2.50243244740035	3.90071787070305	1.94257568369519	4.16006075121128	4.07822690955909	3.67187599490652	5.6697324019743	4.86678417199547	6.786886675056	4.2154848524837	6.15361682106693	4.27505533524477	4.97541599454445	5.71735909121138	5.31633913882346	5.53511428353187	4.02455062313501	4.43361187884254	5.6390611080649	4.78947777491179	4.48375929343874	5.38364983186807	3.90180335025074	3.07395507271432	5.59400480903237	5.45927065079506	5.43931598367623	5.2978484050017	5.21823063818278	5.97378866284059	5.03453188661642	4.8541514318707	5.96332422849661	4.02552044994369	3.85789184376917	5.23281733442248	4.42391117594037	4.16103624110289	3.68553340132226	6.58800591465112	3.84790783742419	3.06291573567514	2.47618075917222	3.59194780313273	4.86289702549466
hsa-miR-3609|MIMAT0017986	NA	NA	NA	-2.08786829552582	NA	NA	NA	NA	-0.417682940558534	-1.39184934417964	NA	NA	NA	-1.58184676094512	NA	-1.40152426217045	NA	-2.5998118570687	NA	NA	NA	NA	NA	-2.0135089678146	NA	NA	-1.86446513023881	-0.690837785422477	-2.08555181522653	NA	NA	NA	NA	NA	-2.35156032783198	NA	-2.38344656900942	NA	-2.74073112912161	NA	NA	NA	-3.84574344651288	-2.08047837634621	NA
hsa-miR-3610|MIMAT0017987	-0.0825300533208068	NA	-1.279812609134	0.497094205195333	-2.20717462602775	NA	-0.504192291089029	NA	1.389670880285	-3.39184934417964	0.0140667251111436	NA	-0.97878182919197	-2.58184676094512	0.0309377527305064	-1.40152045085577	0.200122630953433	NA	-0.795568769720598	-0.882946002042619	-1.60370457950021	NA	-2.78470161683252	-0.0135089678146013	-0.798310941119517	NA	-0.864465130238811	-0.105875284701321	-1.08555181522653	NA	NA	NA	-1.44606548214831	-1.08300675304763	-0.76659782711082	-2.58735936443677	-1.38344656900942	-1.78147423198854	-2.74073112912161	-1.18678399426973	-2.6912523763913	-2.2590120139294	-2.84574344651288	0.504484124374949	-2.77372823957451
hsa-miR-3611|MIMAT0017988	NA	-2.43912855827956	NA	NA	NA	NA	NA	NA	NA	NA	NA	NA	NA	-2.58184676094512	NA	NA	-3.38483986976772	NA	NA	NA	NA	NA	-2.78470161683252	NA	-2.38327344184067	NA	NA	NA	-2.08555181522653	NA	NA	-2.27512973950309	NA	NA	-1.35156032783198	NA	-1.38344656900942	NA	-2.74073112912161	NA	NA	NA	NA	-1.08047837634621	NA
hsa-miR-3612|MIMAT0017989	NA	NA	NA	NA	NA	NA	NA	NA	NA	NA	NA	NA	NA	NA	NA	NA	NA	NA	NA	NA	NA	NA	NA	NA	NA	NA	NA	NA	NA	NA	NA	NA	NA	NA	NA	NA	NA	NA	NA	NA	NA	NA	NA	NA	NA
hsa-miR-3613-5p|MIMAT0017990	1.87166704552074	3.31575503190962	2.83566056639083	5.41992792851451	3.37778704195145	3.07975322279804	3.36370193047305	3.95793205198093	4.48920604911252	2.91193523776045	3.96826174506174	2.17551981072761	4.12974411102767	3.41815107967927	3.24039035506917	3.88387854304856	3.91894040151099	2.4001886895391	3.72799481949282	1.87193982497286	3.98125901739007	3.7497778426779	1.97018993557848	3.79384720247171	3.70418762839291	2.55529762402724	3.52785266777757	3.47908863919187	3.84518732922169	4.00695548086498	3.61072427218731	2.18429997461354	5.4727965531382	2.61743555116778	3.79818544348631	2.21999338997836	3.97410837325245	2.71037445574962	3.11724953348512	2.35753933699626	3.00918877528597	3.71826769034333	2.10844884921342	3.47411125428973	3.60131178612172
hsa-miR-3613-3p|MIMAT0017991	-0.760601958433444	-2.43912855827956	-0.0574246916242429	0.719487502699707	-1.20717462602775	-0.401371817436244	-0.241159590436501	-1.65677639958902	1.75224077613395	-0.806881795672679	-0.985933274888856	-0.631835111329996	-1.97878182919197	0.0031128606078385	-0.384099746548338	0.768401162751768	0.315599848373369	-1.01484935634755	1.0117875832932	NA	-0.0187406172204049	0.699151815570275	-1.19973580227163	NA	0.616725617306948	-1.48909477722073	-0.279502629517654	-0.690837785422477	0.49941170605051	-0.774404232659682	-1.74682879530261	-1.27512973950308	1.55393353514529	-2.08300675304763	-1.35156032783198	-1.58736369972498	0.201518440949509	0.0258764389274767	-0.418803034234247	-0.186782352161127	-0.36932428150394	-0.259012013929404	-2.84574344651288	-1.08047837634621	0.39619785811189
hsa-miR-3614-5p|MIMAT0017992	-0.275175131263203	-1.43912855827956	NA	1.49709573848885	1.25225638697909	NA	-0.826122943749046	-0.071815415194987	0.904243612628901	NA	1.33599424851972	NA	-0.978778985930494	0.225505693254381	0.838291867881227	1.50536760387741	-1.38483986976772	0.570114116120669	1.20443248236615	-0.561019503472705	1.5662213963147	1.47675961638512	-0.784696646075775	-0.428544525404814	0.938653147682588	0.318258987742286	1.83597499200433	0.309163378991108	-1.08554875356105	1.22559576734032	-1.74682879530261	1.30983101540755	NA	-2.08300675304763	-0.0296322329446139	-0.587361532079246	1.42391157921023	-0.196515037709759	NA	0.813219289945609	-2.6912523763913	NA	0.0611430006128543	-1.08047837634621	1.03362738721153
hsa-miR-3614-3p|MIMAT0017993	-0.760601958433444	-0.117202028180642	-0.864777737085683	0.234061025996487	-0.622212125306591	-0.986333365428463	-0.504192291089029	-1.65677639958902	0.904243612628901	0.695617951000268	1.5990287496	NA	0.60618256703746	1.66607847947142	-1.96906224726949	0.598475737829549	-2.38483986976772	-0.0148493563475472	1.20443248236615	-1.88294334151746	-0.603704579500209	0.891796338134288	0.385227803061078	0.986491760318942	0.616725617306948	0.0958677235004287	1.72049780825956	-1.69083778542248	-0.500587273394333	1.54752386222768	-1.74682879530261	0.0467969587360309	-0.44606744756177	-0.0830052249122459	0.455793542344042	-2.58735936443677	-0.0615154630372537	-0.781474231988542	-1.15576862840045	-1.77174156867068	NA	-0.674049513208248	0.154252664284859	0.241449718541156	1.13316301378056
hsa-miR-3615|MIMAT0017994	1.37690156531649	2.14583035646557	0.942576059014515	2.66702079671979	2.185142162281	2.22311760550223	2.26134004795863	2.43068537131293	2.28275529517881	1.81760811424997	2.59902779713492	4.4556274669196	3.10868251731514	1.94171331739416	1.73137703638333	2.45645739008106	2.80498406979764	2.98515137246281	1.90487248945018	1.57648440726344	4.09673606616866	2.93619071666935	1.60762006659593	3.5410812471766	2.47470625555932	0.680828424296266	1.72049737048235	2.768595526907	2.08437488714185	2.03295068939792	3.95361176087211	2.85415148175103	2.80186078998182	1.23892378685557	2.60263503246834	2.45703239022064	2.82600984839463	3.52230224710964	4.36779311802386	2.35753933699626	2.47867366038284	2.87027060840662	2.40218024596015	2.56337854564933	3.27066647773537
hsa-miR-3616-5p|MIMAT0017995	NA	NA	NA	NA	NA	NA	NA	NA	NA	NA	NA	NA	NA	NA	NA	NA	NA	NA	NA	NA	NA	NA	NA	NA	NA	NA	NA	NA	NA	NA	NA	NA	NA	NA	NA	NA	NA	NA	NA	NA	NA	NA	NA	NA	NA
hsa-miR-3616-3p|MIMAT0017996	NA	NA	NA	NA	NA	-2.98633050724543	NA	-1.65677639958902	NA	NA	NA	NA	NA	NA	NA	NA	NA	NA	NA	NA	-1.60370457950021	-2.10820132927794	NA	NA	NA	NA	-1.86446513023881	NA	NA	NA	NA	NA	NA	NA	NA	NA	NA	-2.78147423198854	NA	NA	NA	NA	NA	NA	NA
hsa-miR-3617-5p|MIMAT0017997	NA	NA	NA	NA	NA	NA	NA	NA	NA	NA	NA	NA	NA	NA	NA	NA	NA	NA	NA	NA	NA	NA	NA	NA	NA	NA	NA	NA	NA	NA	NA	NA	NA	NA	NA	NA	NA	NA	NA	NA	NA	NA	NA	NA	NA
hsa-miR-3618|MIMAT0017998	NA	NA	NA	NA	NA	NA	NA	NA	NA	-3.39184934417964	NA	NA	NA	NA	NA	NA	NA	NA	NA	NA	NA	-2.10820132927794	NA	NA	NA	NA	NA	NA	NA	NA	NA	NA	NA	NA	NA	NA	NA	NA	NA	NA	NA	NA	NA	NA	NA
hsa-miR-3619-5p|MIMAT0017999	NA	-2.43912855827956	NA	NA	NA	NA	NA	NA	NA	-3.39184934417964	NA	NA	-1.97878182919197	NA	NA	NA	NA	NA	NA	-2.88294334151746	NA	NA	NA	-2.0135089678146	NA	NA	NA	NA	NA	NA	-0.746828795302606	NA	NA	NA	NA	-2.58735936443677	NA	-2.78147423198854	NA	NA	-2.6912523763913	NA	NA	-2.08047837634621	NA
hsa-miR-23c|MIMAT0018000	-0.760601958433444	1.46775838615329	1.3051452209518	-1.08786522894041	1.49326457965681	-1.40137181743624	0.633308442363239	0.665149875705602	-1.41768294055853	0.415509904552593	2.01406565358824	1.36816488867	NA	2.62760427022357	0.615899312060255	2.55267266294528	-0.799877369046567	-0.0148493563475472	1.66386467013342	0.286978112556884	-0.0187420787790525	1.97925968249211	0.0226575658747713	-0.0135075115478827	1.70418807114731	-0.167168302266051	2.77939147980205	-1.69083778542248	0.49941170605051	2.13248636294884	2.16006244590223	0.894793710107759	0.138895708297502	0.501957785187011	-0.351562168625255	-1.58735936443677	0.201518440949509	0.0258778559760636	0.718700489515688	0.398181790666765	1.11610387680709	3.32595005518821	0.154252664284859	-2.08047837634621	2.35555534115323
hsa-miR-3620-3p|MIMAT0018001	NA	NA	-2.86477510985516	-0.0878667622323014	NA	NA	NA	NA	NA	-3.39184934417964	NA	NA	NA	NA	NA	-2.40152045085577	NA	-2.5998118570687	NA	NA	-1.60370457950021	NA	NA	NA	NA	NA	NA	NA	NA	NA	NA	NA	-1.44606548214831	NA	NA	-2.58735936443677	-2.38344656900942	-2.78147423198854	NA	NA	NA	NA	NA	NA	-2.77372823957451
hsa-miR-3621|MIMAT0018002	NA	NA	NA	NA	NA	NA	NA	NA	NA	NA	NA	NA	NA	NA	NA	NA	NA	NA	NA	NA	NA	NA	NA	NA	NA	NA	NA	NA	NA	NA	NA	NA	NA	NA	NA	NA	NA	NA	NA	NA	NA	NA	NA	NA	NA
hsa-miR-3622a-5p|MIMAT0018003	NA	NA	NA	NA	NA	NA	NA	NA	NA	NA	NA	NA	NA	NA	NA	NA	NA	NA	NA	NA	NA	-2.10820132927794	NA	NA	NA	NA	NA	NA	NA	NA	NA	NA	NA	NA	NA	NA	NA	NA	NA	NA	NA	NA	NA	NA	NA
hsa-miR-3622a-3p|MIMAT0018004	-3.08253005332081	NA	NA	NA	-2.20717462602775	NA	NA	NA	0.582316095879204	NA	NA	NA	NA	NA	NA	NA	NA	NA	NA	NA	-1.60370457950021	-2.10820132927794	-1.78470161683252	NA	-2.38327344184067	NA	-1.86446513023881	NA	NA	NA	NA	NA	-1.44606548214831	NA	NA	NA	NA	NA	NA	-2.77174649499089	-1.6912523763913	-2.2590120139294	-2.84574344651288	NA	NA
hsa-miR-3622b-5p|MIMAT0018005	NA	NA	NA	NA	NA	NA	NA	NA	NA	NA	NA	NA	NA	NA	NA	NA	NA	NA	NA	NA	NA	NA	NA	NA	NA	NA	NA	NA	NA	NA	NA	NA	NA	NA	NA	NA	NA	NA	NA	NA	NA	NA	NA	NA	NA
hsa-miR-3622b-3p|MIMAT0018006	NA	NA	NA	NA	NA	NA	NA	NA	NA	NA	NA	NA	NA	NA	NA	NA	NA	NA	NA	NA	NA	NA	NA	NA	NA	NA	NA	NA	NA	NA	NA	NA	NA	NA	NA	NA	NA	NA	NA	NA	NA	NA	NA	-2.08047837634621	NA
hsa-miR-3646|MIMAT0018065	NA	NA	NA	NA	NA	NA	NA	NA	NA	NA	NA	NA	NA	NA	NA	NA	NA	NA	NA	NA	NA	NA	NA	NA	NA	NA	NA	NA	NA	NA	NA	NA	NA	NA	NA	NA	NA	NA	NA	NA	NA	NA	NA	NA	NA
hsa-miR-3648|MIMAT0018068	-1.49756755259965	NA	-1.86477510985516	NA	-2.20717462602775	NA	NA	NA	2.38967170619563	-1.80688684345848	-0.985933274888856	NA	-1.97878182919197	-1.58184676094512	-0.384099746548338	-0.0795954050193465	-2.38483986976772	-1.01484935634755	1.01178615233701	-1.88294334151746	NA	-0.523238828556783	-2.78470161683252	NA	-1.38327344184067	NA	NA	-1.69083778542248	-1.08555181522653	-0.189441731938525	-0.746828795302606	-1.27512973950308	-0.44606744756177	0.501955747673528	-0.76659782711082	-2.58735936443677	-0.383446569009422	NA	-2.74073112912161	NA	-2.6912523763913	0.325950486791752	-3.84574344651288	-2.08047837634621	1.03362668248309
hsa-miR-3649|MIMAT0018069	NA	NA	NA	NA	NA	NA	NA	NA	NA	NA	NA	NA	NA	NA	NA	NA	NA	NA	NA	NA	NA	NA	NA	NA	NA	NA	NA	NA	NA	NA	NA	NA	NA	NA	NA	NA	NA	NA	NA	NA	NA	NA	NA	NA	NA
hsa-miR-3650|MIMAT0018070	NA	NA	NA	NA	NA	NA	NA	NA	NA	NA	NA	NA	NA	NA	NA	NA	NA	NA	NA	NA	NA	NA	NA	NA	NA	NA	NA	NA	NA	NA	NA	NA	NA	NA	NA	NA	NA	NA	NA	NA	NA	NA	NA	NA	NA
hsa-miR-3651|MIMAT0018071	-2.08253005332081	NA	-2.86477510985516	NA	NA	-0.986333365428463	-0.0187669255026064	NA	-1.41768294055853	NA	-0.985933274888856	NA	NA	-0.996884260223962	-0.969062247269494	NA	-3.38483986976772	-2.5998118570687	NA	NA	0.71822439232252	0.47675909803205	NA	NA	NA	-0.904132276499571	NA	NA	NA	NA	-1.74682879530261	NA	0.138895708297502	-1.08300675304763	-2.35156032783198	NA	NA	-2.78147423198854	NA	NA	-2.6912523763913	NA	NA	NA	-1.18876573885335
hsa-miR-3652|MIMAT0018072	-3.08253005332081	NA	-0.864777737085683	-2.08786829552582	-2.20717462602775	NA	-2.82612038597639	NA	-1.41768294055853	-3.39184934417964	NA	NA	NA	NA	-1.96906224726949	NA	-1.79987736904657	NA	NA	-2.88294334151746	-1.60370457950021	NA	-1.78470161683252	NA	NA	NA	NA	NA	NA	NA	-1.74682879530261	NA	-1.44606548214831	NA	NA	-1.58735936443677	-2.38344656900942	-2.78147423198854	NA	-2.77174649499089	NA	-0.674049513208248	NA	NA	-1.77372823957451
hsa-miR-3653-3p|MIMAT0018073	0.617909664820285	-0.439132470253848	-0.279814360620486	-2.08786829552582	0.792825373972252	0.183593223894014	1.08076884548728	0.928185342968776	4.3636754414981	0.0675864044655393	2.01406601076263	2.17551981072761	1.1911444359228	2.17303946158875	1.49036834439533	1.40583229330896	0.615160130232277	1.4001881429313	2.20443279538766	-0.882943341517463	1.98125828661075	2.47675935720861	-0.462771533640406	-0.0135089678146013	2.37161294523843	1.09586772350043	2.83597478995332	1.63109124099583	0.236376279660837	2.22559576734032	0.575099299584757	1.72486807823344	0.138897018572841	-1.08300675304763	0.455794594225628	0.872070677733594	1.07598573396588	1.02587856449984	-0.155768628400453	0.928695496838544	0.308747623608697	2.06291608095796	-0.0383900060549015	0.919522386383802	1.22627176042549
hsa-miR-3654|MIMAT0018074	NA	-1.43912855827956	NA	NA	NA	-1.98633050724543	-1.82612038597639	NA	NA	NA	-0.985933274888856	0.368164888670004	NA	-2.58184676094512	NA	NA	NA	NA	NA	NA	NA	NA	NA	NA	-2.38327344184067	NA	NA	NA	NA	NA	NA	-2.27512973950309	NA	NA	NA	-2.58735936443677	NA	NA	NA	NA	-2.6912523763913	NA	NA	NA	-2.77372823957451
hsa-miR-3655|MIMAT0018075	NA	-2.43912855827956	NA	NA	-2.20717462602775	NA	NA	NA	NA	-3.39184934417964	-0.985933274888856	NA	NA	NA	-1.96906224726949	-2.40152045085577	-3.38483986976772	NA	NA	-2.88294334151746	NA	NA	NA	NA	-2.38327344184067	NA	-1.86446513023881	NA	NA	-0.774404232659682	-1.74682879530261	-2.27512973950309	NA	NA	NA	NA	NA	-2.78147423198854	NA	-2.77174649499089	NA	NA	-2.26078094579172	-2.08047837634621	-2.77372823957451
hsa-miR-3656|MIMAT0018076	NA	-2.43912855827956	NA	NA	NA	NA	NA	NA	NA	NA	NA	NA	NA	NA	NA	NA	NA	NA	NA	NA	NA	NA	NA	NA	NA	NA	NA	NA	NA	NA	NA	NA	NA	NA	NA	NA	NA	NA	NA	NA	NA	NA	-2.84574344651288	NA	NA
hsa-miR-3657|MIMAT0018077	NA	NA	NA	NA	NA	NA	-2.82612038597639	NA	-1.41768294055853	NA	NA	NA	NA	NA	NA	NA	NA	NA	NA	-2.88294334151746	NA	NA	NA	NA	NA	NA	NA	NA	NA	NA	NA	NA	NA	NA	-2.35156032783198	NA	NA	NA	NA	NA	NA	NA	NA	NA	NA
hsa-miR-3658|MIMAT0018078	NA	NA	NA	NA	NA	NA	NA	NA	NA	NA	NA	NA	NA	NA	NA	NA	NA	NA	NA	NA	NA	NA	NA	NA	NA	NA	NA	NA	NA	NA	NA	NA	NA	NA	NA	NA	NA	NA	NA	NA	NA	NA	NA	NA	NA
hsa-miR-1273e|MIMAT0018079	NA	NA	NA	NA	NA	NA	NA	NA	NA	NA	NA	NA	NA	NA	NA	NA	NA	NA	NA	NA	NA	NA	NA	NA	NA	NA	NA	NA	NA	NA	NA	NA	NA	NA	NA	NA	NA	NA	NA	NA	NA	NA	NA	NA	NA
hsa-miR-3659|MIMAT0018080	NA	NA	NA	NA	NA	NA	NA	NA	NA	NA	NA	NA	NA	NA	NA	NA	NA	NA	NA	NA	NA	NA	NA	NA	NA	NA	NA	NA	NA	NA	NA	NA	NA	NA	NA	NA	NA	NA	NA	NA	NA	NA	NA	NA	NA
hsa-miR-3660|MIMAT0018081	NA	NA	NA	NA	NA	NA	NA	NA	NA	NA	NA	NA	NA	NA	NA	NA	NA	NA	NA	NA	NA	NA	NA	NA	NA	NA	NA	NA	NA	NA	NA	NA	NA	NA	NA	NA	NA	NA	NA	NA	NA	NA	NA	NA	NA
hsa-miR-3661|MIMAT0018082	NA	NA	NA	NA	NA	NA	NA	NA	NA	NA	NA	NA	NA	NA	NA	NA	NA	NA	NA	NA	NA	NA	NA	NA	NA	NA	NA	NA	NA	NA	NA	NA	NA	NA	NA	-2.58735936443677	NA	NA	NA	NA	NA	NA	NA	-1.08047837634621	NA
hsa-miR-3662|MIMAT0018083	-2.08253005332081	-2.43912855827956	-2.86477510985516	NA	-2.20717462602775	NA	NA	NA	NA	-0.39184555833863	NA	-0.631835111329996	NA	NA	-1.96906224726949	-2.40152045085577	-3.38483986976772	-2.5998118570687	-1.7955687697206	NA	-1.60370457950021	-2.10820132927794	NA	-2.0135089678146	-2.38327344184067	NA	-1.86446513023881	NA	NA	NA	-1.74682879530261	-0.690169566529757	NA	NA	-2.35156032783198	-1.58736369972498	NA	-2.78147423198854	NA	NA	NA	NA	-2.26078785993632	NA	NA
hsa-miR-3663-5p|MIMAT0018084	NA	NA	NA	NA	NA	NA	NA	NA	NA	NA	NA	NA	NA	NA	NA	NA	NA	NA	NA	NA	NA	NA	NA	NA	NA	NA	NA	NA	NA	NA	NA	NA	NA	NA	NA	NA	NA	NA	NA	NA	NA	NA	NA	NA	NA
hsa-miR-3663-3p|MIMAT0018085	NA	NA	NA	NA	NA	NA	NA	NA	NA	NA	NA	NA	NA	NA	NA	NA	NA	NA	NA	NA	NA	NA	NA	NA	NA	NA	NA	NA	NA	NA	NA	NA	NA	-2.08300675304763	NA	NA	NA	NA	NA	NA	NA	NA	NA	NA	NA
hsa-miR-3664-5p|MIMAT0018086	NA	-2.43912855827956	NA	-1.08786829552582	0.114752136472257	-1.98633050724543	-0.826120385976391	0.343221325919695	NA	-1.39184934417964	0.5990292258323	-0.631835111329996	-0.393819328470814	-0.996887139392162	NA	0.405831204361296	-1.06291177488036	-2.5998118570687	-0.795568769720598	-1.29798084079631	3.30318689304368	0.21372552156308	-2.78470161683252	-1.0135089678146	0.201687804410508	NA	0.457462964648552	-0.105873732150083	-1.08555181522653	1.54752386222768	0.575100267979121	-1.27513323112624	-1.44606548214831	-1.08300369677848	-1.35156032783198	-1.58736369972498	-2.38344656900942	NA	-2.74073112912161	-0.771744031828681	-1.6912523763913	0.325950486791752	NA	NA	NA
hsa-miR-3665|MIMAT0018087	NA	NA	NA	NA	NA	NA	NA	NA	NA	NA	NA	NA	NA	NA	NA	NA	NA	NA	NA	NA	NA	NA	NA	NA	NA	NA	NA	NA	NA	NA	NA	NA	NA	NA	NA	NA	NA	NA	NA	NA	NA	NA	NA	NA	NA
hsa-miR-3666|MIMAT0018088	NA	NA	NA	NA	NA	NA	NA	NA	NA	NA	NA	NA	NA	NA	NA	NA	NA	NA	NA	NA	NA	NA	NA	NA	NA	NA	NA	NA	NA	NA	NA	NA	NA	NA	NA	NA	NA	NA	NA	NA	NA	NA	NA	NA	NA
hsa-miR-3667-5p|MIMAT0018089	NA	NA	NA	NA	NA	NA	NA	NA	0.582316095879204	NA	NA	NA	NA	NA	NA	NA	NA	NA	NA	NA	NA	-1.10820132927794	NA	-2.0135089678146	NA	NA	NA	NA	NA	NA	NA	NA	NA	NA	NA	NA	-2.38344656900942	NA	-2.74073112912161	NA	NA	NA	NA	NA	-2.77372823957451
hsa-miR-3667-3p|MIMAT0018090	NA	NA	NA	NA	NA	NA	NA	NA	NA	NA	NA	NA	NA	NA	NA	NA	NA	NA	NA	NA	NA	NA	NA	NA	-2.38327344184067	NA	-1.86446513023881	NA	NA	NA	NA	NA	NA	NA	NA	NA	-2.38344656900942	NA	NA	NA	NA	NA	-3.84574344651288	NA	NA
hsa-miR-3668|MIMAT0018091	NA	NA	NA	NA	NA	NA	NA	NA	NA	NA	NA	NA	NA	NA	NA	NA	NA	NA	NA	NA	NA	NA	NA	NA	NA	NA	NA	NA	NA	NA	NA	NA	NA	NA	NA	NA	NA	NA	NA	NA	NA	NA	NA	NA	NA
hsa-miR-3670|MIMAT0018093	NA	NA	NA	NA	NA	NA	NA	NA	NA	NA	NA	NA	NA	NA	NA	NA	NA	NA	NA	NA	NA	NA	NA	NA	NA	NA	NA	NA	NA	NA	NA	NA	NA	NA	NA	NA	NA	NA	NA	NA	NA	NA	NA	NA	NA
hsa-miR-3671|MIMAT0018094	NA	NA	NA	NA	NA	NA	NA	NA	NA	NA	NA	NA	NA	NA	NA	NA	NA	NA	NA	NA	NA	NA	NA	NA	NA	NA	NA	NA	NA	NA	NA	NA	NA	NA	NA	NA	NA	NA	NA	NA	NA	NA	NA	NA	NA
hsa-miR-3672|MIMAT0018095	NA	NA	NA	NA	NA	NA	NA	NA	NA	NA	NA	NA	NA	NA	NA	NA	NA	NA	NA	NA	NA	NA	NA	NA	NA	NA	NA	NA	NA	NA	NA	NA	NA	NA	NA	NA	NA	NA	NA	NA	NA	NA	NA	NA	NA
hsa-miR-3674|MIMAT0018097	NA	NA	NA	NA	NA	NA	NA	NA	NA	NA	NA	NA	NA	NA	NA	NA	NA	NA	NA	NA	NA	NA	NA	NA	NA	NA	NA	NA	NA	NA	NA	NA	NA	NA	NA	NA	NA	NA	NA	NA	NA	NA	NA	NA	NA
hsa-miR-3675-5p|MIMAT0018098	NA	NA	NA	NA	NA	NA	NA	NA	NA	-3.39184934417964	NA	NA	NA	NA	NA	NA	NA	NA	NA	NA	NA	NA	NA	-2.0135089678146	NA	-2.48909477722073	NA	NA	NA	NA	NA	NA	NA	NA	NA	NA	NA	NA	NA	NA	NA	NA	NA	NA	NA
hsa-miR-3675-3p|MIMAT0018099	NA	NA	NA	-2.08786829552582	NA	NA	NA	NA	NA	NA	NA	NA	NA	NA	NA	NA	NA	NA	NA	NA	NA	NA	NA	NA	NA	NA	NA	NA	NA	NA	NA	NA	NA	NA	NA	NA	NA	NA	NA	NA	NA	NA	NA	NA	NA
hsa-miR-3677-3p|MIMAT0018101	-0.497567552599651	-2.43912855827956	-1.864780364321	2.55598936621071	1.60017982017737	-0.66440469890404	0.874316971143949	0.665150785502262	1.16727891778785	0.308593868584276	0.0140652964137654	0.368164888670004	-0.978778985930494	-0.259920393557986	0.352864717948106	-2.40152045085577	-0.799877369046567	1.4001886895391	-1.7955687697206	-2.88294334151746	-0.603704579500209	0.891797115663965	-2.78470161683252	-0.428544525404814	1.07615680828387	-0.167168302266051	0.135534869761189	0.894126267849917	0.49941170605051	-0.774404232659682	2.34063518523515	2.24843039483856	1.36128831681621	-0.0830052249122459	0.648437831374745	-1.58735936443677	-0.383444687080682	-0.781479191654943	0.0666237929359952	-0.186780710054391	1.11610387680709	-0.674049513208248	-0.67582305449662	1.37895435171643	-1.77372823957451
hsa-miR-3678-5p|MIMAT0018102	-1.08253005332081	NA	-2.86477510985516	-2.08786829552582	NA	NA	NA	-0.0718154151949872	0.167278275412797	-3.39184934417964	0.599028273367538	-0.631835111329996	-0.393817432962541	-0.259920393557986	NA	-2.40152045085577	-1.38483986976772	NA	-1.7955687697206	NA	-1.60370457950021	NA	-2.78470161683252	-2.0135089678146	-1.38327344184067	NA	-0.864465130238811	NA	-1.08555181522653	-1.77440423265968	NA	NA	0.875861826573987	NA	-2.35156032783198	-2.58735936443677	-1.38344656900942	-2.78147423198854	NA	NA	-1.6912523763913	-0.259012013929404	-1.52381535162552	-0.495515875625051	-0.451800144687149
hsa-miR-3678-3p|MIMAT0018103	NA	NA	NA	NA	NA	NA	NA	NA	NA	NA	NA	-0.631835111329996	-1.97878182919197	NA	NA	NA	-3.38483986976772	NA	NA	NA	NA	NA	NA	NA	NA	NA	-1.86446513023881	-1.69083778542248	NA	-0.189441731938525	NA	NA	NA	NA	NA	NA	-2.38344656900942	NA	NA	NA	NA	-2.2590120139294	NA	NA	NA
hsa-miR-3679-5p|MIMAT0018104	NA	NA	NA	NA	-0.622212125306591	-2.98633050724543	-1.82612038597639	-1.65677639958902	NA	NA	NA	NA	NA	NA	NA	-2.40152045085577	-3.38483986976772	NA	NA	-2.88294334151746	NA	NA	NA	-2.0135089678146	NA	-2.48909477722073	NA	NA	NA	NA	NA	-2.27512973950309	NA	-2.08300675304763	NA	NA	NA	NA	NA	NA	NA	NA	NA	NA	-2.77372823957451
hsa-miR-3679-3p|MIMAT0018105	NA	NA	NA	NA	NA	NA	NA	-1.65677639958902	NA	NA	NA	-0.631835111329996	-1.97878182919197	-2.58184676094512	-1.96906224726949	NA	NA	NA	NA	NA	-1.60370457950021	NA	NA	-2.0135089678146	-2.38327344184067	NA	NA	NA	NA	NA	NA	NA	NA	NA	NA	NA	-2.38344656900942	NA	NA	NA	-2.6912523763913	NA	NA	NA	NA
hsa-miR-3680-5p|MIMAT0018106	NA	NA	NA	NA	NA	-2.98633050724543	NA	NA	-1.41768294055853	NA	NA	NA	NA	NA	NA	NA	NA	-2.5998118570687	NA	NA	-1.60370457950021	NA	NA	NA	NA	NA	NA	NA	NA	NA	NA	-2.27512973950309	NA	NA	NA	-2.58735936443677	NA	NA	NA	NA	NA	NA	NA	NA	NA
hsa-miR-3680-3p|MIMAT0018107	-3.08253005332081	-2.43912855827956	NA	-1.08786829552582	NA	NA	NA	-1.65677639958902	NA	-3.39184934417964	NA	-0.631835111329996	-1.97878182919197	-2.58184676094512	-1.96906224726949	NA	NA	NA	NA	-2.88294334151746	-1.60370457950021	-2.10820132927794	NA	NA	NA	NA	NA	NA	NA	NA	NA	-2.27512973950309	NA	-2.08300675304763	NA	-2.58735936443677	NA	NA	-1.15576862840045	NA	-2.6912523763913	-2.2590120139294	-3.84574344651288	NA	-2.77372823957451
hsa-miR-3681-5p|MIMAT0018108	-3.08253005332081	NA	NA	NA	NA	NA	NA	NA	-0.417682940558534	NA	NA	NA	NA	NA	NA	NA	NA	-2.5998118570687	NA	NA	NA	NA	NA	NA	NA	-2.48909477722073	-1.86446513023881	NA	NA	NA	NA	NA	-0.446065482148315	NA	NA	NA	-2.38344656900942	-2.78147423198854	NA	-1.77174156867068	NA	NA	NA	NA	NA
hsa-miR-3681-3p|MIMAT0018109	NA	NA	NA	NA	NA	NA	NA	NA	NA	NA	NA	NA	NA	NA	NA	NA	NA	NA	NA	NA	NA	NA	NA	NA	NA	NA	NA	NA	NA	NA	NA	NA	NA	NA	NA	NA	NA	NA	NA	NA	NA	NA	NA	NA	NA
hsa-miR-3682-3p|MIMAT0018110	-2.08253005332081	NA	-2.86477510985516	-2.08786829552582	NA	-0.986333365428463	-0.241161295619783	0.343221325919695	0.167278275412797	-3.39184934417964	-0.985933274888856	NA	0.0212195924394682	-0.581848920320729	-0.384099746548338	0.598476690659164	0.0745917488695738	-0.277883762181341	-1.7955687697206	-2.88294334151746	-0.603704579500209	-0.108202884336035	-1.19973911611137	-0.428546467093445	-0.383275323546045	NA	0.457462964648552	-1.69083778542248	-2.08555181522653	NA	0.253171204697394	-0.690167238781929	1.1388957082975	-2.08300675304763	-2.35156032783198	-1.58735936443677	-2.38344656900942	-1.78147919165494	-0.155768628400453	0.550184555690618	-0.691252376391303	NA	-2.26078094579172	-0.495515875625051	-0.773728239574511
hsa-miR-3683|MIMAT0018111	NA	NA	NA	NA	NA	NA	NA	NA	NA	NA	NA	NA	NA	NA	NA	NA	NA	NA	NA	NA	NA	NA	NA	NA	NA	NA	NA	NA	NA	NA	NA	NA	NA	NA	NA	NA	NA	NA	NA	NA	NA	NA	NA	NA	NA
hsa-miR-3684|MIMAT0018112	-3.08253005332081	-2.43912855827956	-1.86477510985516	-1.08786829552582	NA	-2.98633050724543	-2.82612038597639	NA	NA	-2.39184177250756	NA	-0.631835111329996	NA	-2.58184676094512	NA	-2.40152045085577	-1.79987736904657	NA	NA	NA	-0.603704579500209	NA	NA	NA	NA	-2.48909477722073	-1.86446513023881	-1.69083778542248	0.236377504327805	NA	NA	-2.27512973950309	-0.44606744756177	NA	-2.35156032783198	-2.58735936443677	-1.38344656900942	-1.78147919165494	-2.74073112912161	NA	-2.6912523763913	-2.2590120139294	-3.84574344651288	-0.495515875625051	NA
hsa-miR-3685|MIMAT0018113	NA	NA	NA	NA	NA	NA	NA	NA	NA	NA	NA	NA	NA	NA	NA	NA	NA	NA	NA	NA	NA	NA	NA	NA	NA	-2.48909477722073	NA	NA	NA	NA	NA	NA	NA	NA	NA	NA	NA	NA	-2.74073112912161	NA	NA	NA	NA	NA	NA
hsa-miR-3686|MIMAT0018114	NA	NA	NA	NA	NA	NA	NA	NA	NA	NA	NA	NA	NA	NA	NA	NA	NA	NA	NA	NA	NA	NA	NA	NA	NA	NA	NA	NA	NA	NA	NA	NA	NA	NA	NA	NA	NA	NA	NA	NA	NA	NA	NA	NA	NA
hsa-miR-3687|MIMAT0018115	-3.08253005332081	NA	-2.86477510985516	-2.08786829552582	-2.20717462602775	NA	-0.504192291089029	-0.656776399589015	1.75224163263396	-1.80688684345848	0.0140652964137654	NA	-1.97878182919197	0.418152159367481	-0.384099746548338	0.183439508990052	-3.38483986976772	-1.01484935634755	0.526359325166764	-2.88294334151746	-0.603704579500209	-1.10820132927794	-1.78470161683252	NA	0.201689058880483	NA	0.457462964648552	0.309162214577523	NA	0.225595767340318	1.25317120469739	NA	0.875861826573987	NA	-0.0296322329446139	NA	-1.38344656900942	NA	-1.15576862840045	-2.77174649499089	-2.6912523763913	-2.2590120139294	NA	NA	1.13316235603401
hsa-miR-3688-3p|MIMAT0018116	NA	NA	NA	NA	-2.20717462602775	NA	NA	NA	NA	-3.39184934417964	NA	NA	NA	NA	-1.96906224726949	NA	NA	-2.5998118570687	NA	NA	-1.60370457950021	NA	NA	NA	NA	NA	-1.86446513023881	NA	NA	NA	NA	NA	NA	NA	NA	NA	NA	NA	-2.74073112912161	NA	-2.6912523763913	-2.2590120139294	-3.84574344651288	-2.08047837634621	-1.77372823957451
hsa-miR-3689a-5p|MIMAT0018117	NA	NA	NA	NA	NA	NA	NA	NA	NA	NA	NA	NA	NA	NA	NA	NA	NA	NA	NA	NA	NA	NA	NA	NA	NA	NA	NA	NA	NA	NA	NA	NA	NA	NA	NA	NA	NA	NA	NA	NA	NA	NA	NA	NA	NA
hsa-miR-3689a-3p|MIMAT0018118	NA	NA	NA	NA	NA	NA	NA	NA	NA	NA	NA	NA	NA	NA	NA	NA	NA	NA	NA	NA	NA	NA	NA	NA	NA	NA	NA	NA	NA	NA	NA	NA	NA	NA	NA	NA	NA	NA	NA	NA	NA	NA	NA	NA	NA
hsa-miR-3690|MIMAT0018119	0.724824868736797	NA	NA	0.719487502699707	NA	-0.986336223617162	-1.24115788525523	NA	1.38967032967766	-3.39184934417964	NA	-0.631835111329996	-0.393819328470814	-1.58184676094512	-0.384099746548338	NA	-3.38483986976772	-2.5998118570687	NA	-1.88294334151746	0.981257921220947	-1.10820132927794	-2.78470161683252	-2.0135089678146	-0.383273441840673	-0.904132276499571	NA	1.30916279678443	-2.08555181522653	NA	-0.16186629458145	1.04679695873603	NA	0.916994775087754	-0.0296337055790493	-1.58736369972498	-2.38344656900942	NA	NA	1.03561124210889	-1.10628987567015	NA	-3.84574344651288	-0.495515875625051	NA
hsa-miR-3691-5p|MIMAT0018120	-1.49756755259965	-1.43913247025385	NA	NA	NA	-1.98633622361716	NA	NA	NA	-0.806881795672679	NA	NA	-0.97878182919197	NA	-0.969062247269494	NA	-2.38483986976772	-2.5998118570687	NA	-2.88294334151746	-0.603704579500209	NA	NA	-2.0135089678146	NA	NA	NA	NA	-1.08555181522653	NA	0.575099299584757	-0.690169566529757	0.875861040408498	-2.08300675304763	NA	-0.587359364436773	NA	-1.19651173126739	-1.74073112912161	-0.449816429573424	-2.6912523763913	-2.2590120139294	-3.84574344651288	-1.08047837634621	NA
hsa-miR-3692-5p|MIMAT0018121	NA	NA	NA	NA	NA	NA	NA	NA	NA	NA	NA	NA	NA	NA	NA	NA	NA	NA	NA	NA	NA	NA	NA	NA	NA	NA	NA	NA	NA	NA	NA	NA	-1.44606548214831	NA	NA	NA	NA	NA	NA	NA	NA	NA	NA	NA	NA
hsa-miR-3692-3p|MIMAT0018122	NA	NA	NA	NA	NA	NA	NA	-1.65677639958902	NA	NA	NA	NA	NA	NA	-1.96906224726949	-2.40152045085577	NA	NA	NA	NA	NA	NA	NA	-2.0135089678146	NA	NA	NA	NA	NA	NA	NA	NA	NA	NA	NA	NA	NA	NA	NA	NA	NA	NA	NA	NA	NA
hsa-miR-3713|MIMAT0018164	NA	NA	NA	NA	NA	NA	NA	NA	NA	NA	NA	NA	NA	NA	NA	NA	NA	NA	NA	NA	NA	NA	NA	NA	NA	NA	NA	NA	NA	NA	NA	NA	NA	NA	NA	NA	NA	NA	NA	NA	NA	NA	NA	NA	NA
hsa-miR-3714|MIMAT0018165	NA	NA	NA	NA	NA	NA	NA	NA	NA	NA	NA	NA	NA	NA	NA	NA	NA	NA	NA	NA	NA	NA	NA	NA	NA	NA	NA	NA	NA	NA	NA	NA	NA	NA	NA	NA	NA	NA	NA	NA	NA	NA	NA	NA	NA
hsa-miR-3180|MIMAT0018178	NA	NA	NA	NA	NA	NA	NA	NA	NA	NA	NA	NA	NA	NA	NA	NA	NA	NA	NA	NA	NA	NA	NA	NA	NA	NA	NA	NA	NA	NA	NA	NA	NA	NA	NA	NA	NA	NA	NA	NA	NA	NA	NA	NA	NA
hsa-miR-3907|MIMAT0018179	NA	NA	NA	NA	NA	NA	NA	NA	NA	NA	NA	NA	NA	NA	NA	NA	NA	NA	NA	NA	NA	NA	NA	NA	NA	NA	NA	NA	NA	NA	NA	NA	NA	NA	NA	NA	NA	NA	NA	NA	NA	NA	NA	NA	NA
hsa-miR-3689b-5p|MIMAT0018180	NA	NA	NA	NA	NA	NA	NA	NA	NA	NA	NA	NA	NA	NA	NA	NA	NA	NA	NA	NA	NA	NA	NA	NA	NA	NA	NA	NA	NA	NA	NA	NA	NA	NA	NA	NA	NA	NA	NA	NA	NA	NA	NA	NA	NA
hsa-miR-3689b-3p|MIMAT0018181	NA	NA	NA	NA	NA	NA	NA	NA	NA	NA	NA	NA	NA	NA	NA	NA	NA	NA	NA	NA	NA	NA	NA	NA	NA	NA	NA	NA	NA	NA	NA	NA	NA	NA	NA	NA	NA	NA	NA	NA	NA	NA	NA	NA	NA
hsa-miR-3908|MIMAT0018182	NA	NA	NA	NA	NA	NA	NA	NA	NA	NA	NA	NA	NA	NA	NA	NA	NA	NA	NA	NA	NA	NA	NA	NA	NA	NA	NA	NA	NA	NA	NA	NA	NA	NA	NA	NA	NA	NA	NA	NA	NA	NA	NA	NA	NA
hsa-miR-3909|MIMAT0018183	-2.08253005332081	NA	-1.2798161121091	-0.0878682955258233	0.114753468859615	-1.98633050724543	NA	-0.656778674080305	-1.41768294055853	-2.39184934417964	-0.985933274888856	NA	0.343148540305022	-1.58184676094512	NA	-0.0795954050193465	-0.799877369046567	-1.5998118570687	NA	-1.29798438816427	0.71822439232252	-1.10820443939581	-2.78470161683252	-1.0135089678146	-0.061346852317412	-0.489094777220727	NA	NA	0.236377504327805	-1.77440423265968	-0.746828795302606	-1.27513323112624	0.138895708297502	-2.08300675304763	NA	-0.587361532079246	-2.38344656900942	-1.19651503770976	-1.15576862840045	0.398180695929149	-1.6912523763913	-1.2590120139294	-2.26078094579172	-2.08047837634621	-2.77372823957451
hsa-miR-3910|MIMAT0018184	-3.08253005332081	NA	NA	NA	NA	NA	-1.82612038597639	-1.65677639958902	NA	NA	NA	NA	NA	-2.58184676094512	NA	NA	NA	NA	NA	NA	NA	NA	NA	-2.0135089678146	NA	NA	NA	-1.69083778542248	NA	NA	NA	NA	NA	NA	NA	NA	NA	NA	NA	NA	NA	NA	NA	NA	NA
hsa-miR-3911|MIMAT0018185	NA	NA	NA	NA	NA	NA	NA	NA	NA	NA	NA	NA	NA	NA	-1.96906224726949	NA	-3.38483986976772	NA	NA	NA	-1.60370457950021	NA	NA	NA	NA	NA	NA	NA	NA	-1.77440423265968	NA	NA	-1.44606548214831	NA	NA	NA	NA	NA	NA	NA	NA	NA	-3.84574344651288	NA	NA
hsa-miR-3912-3p|MIMAT0018186	-0.760601958433444	0.145831334459915	-1.2798161121091	NA	0.377786764370696	-0.66440469890404	0.343802341890451	-0.0718154151949872	0.904244383479071	0.515045289658936	-0.985933274888856	NA	0.343147403000655	-0.259922121060285	-1.96906224726949	0.598476690659164	-0.384839869767723	0.400188142931297	0.204432482366147	1.02394370672309	0.396296516668916	0.699151815570275	-0.784699131452008	-2.0135089678146	-0.061346852317412	-1.48909477722073	0.135534869761189	-1.69083778542248	-0.500587273394333	0.225595767340318	0.253172415190249	0.532223187342324	0.875861040408498	-0.498042214812989	-0.0296337055790493	-0.587361532079246	-0.383442805154396	-2.78147423198854	-0.418803034234247	-1.18678399426973	0.116103876807086	0.325950486791752	-1.0383944508629	-1.08047837634621	-1.18876573885335
hsa-miR-3913-5p|MIMAT0018187	1.50243244740035	1.80879648444466	1.59465316503337	1.08205806884414	2.31638704037994	1.96786211516228	2.45927999653672	1.1505778726143	1.16727891778785	2.44104465508063	0.5990292258323	1.69009298355737	2.10868201556306	1.32504210716317	1.61590025345166	0.768402009711208	2.90056215588955	1.92375047923724	1.90487210419291	2.6716418873162	5.62511504639338	1.35122859293226	1.53722995758636	1.30841970957962	0.938654653046689	1.51090421032156	1.3054598712035	2.11651846739343	3.37388161257752	-0.189441731938525	1.8381345124139	2.18429965719318	0.875861826573987	1.08692028590817	0.23340217288918	2.73456656280812	2.20151844094951	1.91896205253917	1.4291938723207	1.4761836112549	2.116103544022	-0.674049513208248	1.67781490216847	2.31183933699641	0.926711478566581
hsa-miR-3914|MIMAT0018188	NA	NA	NA	NA	NA	NA	NA	NA	NA	NA	NA	NA	NA	NA	NA	NA	NA	NA	NA	NA	NA	NA	NA	NA	NA	NA	NA	NA	NA	NA	NA	NA	NA	NA	NA	NA	NA	NA	NA	NA	NA	NA	NA	NA	NA
hsa-miR-3915|MIMAT0018189	NA	NA	NA	NA	NA	NA	NA	NA	NA	NA	NA	NA	NA	NA	NA	NA	NA	NA	-1.7955687697206	NA	NA	NA	NA	NA	NA	NA	NA	NA	NA	NA	NA	NA	NA	NA	NA	NA	NA	NA	NA	NA	NA	NA	NA	NA	NA
hsa-miR-3916|MIMAT0018190	NA	NA	NA	NA	-2.20717462602775	NA	NA	NA	NA	NA	NA	NA	NA	NA	NA	NA	NA	NA	NA	NA	NA	NA	NA	NA	NA	NA	NA	NA	NA	NA	NA	NA	NA	NA	NA	NA	NA	NA	NA	NA	-2.6912523763913	NA	NA	NA	NA
hsa-miR-3917|MIMAT0018191	-0.0825300533208068	-1.43912855827956	-1.86477510985516	-1.08786829552582	-2.20717462602775	-2.98633050724543	-0.504192291089029	NA	0.167279560162622	-2.39184934417964	NA	NA	NA	NA	0.838292674788111	-1.40152045085577	-0.799877369046567	NA	1.01178615233701	-0.0755914600604377	-1.60370457950021	-1.10820132927794	-1.78470161683252	-2.0135089678146	-0.798310941119517	-0.904132276499571	NA	-1.69083778542248	-0.500589314505369	NA	-0.746828795302606	-2.27512973950309	-1.44606548214831	-0.498044252326472	-0.0296322329446139	-2.58735936443677	-1.38344656900942	-1.78147423198854	-0.740731129121609	NA	-1.6912523763913	-1.2590120139294	-2.26078094579172	-2.08047837634621	-1.18876573885335
hsa-miR-3918|MIMAT0018192	NA	NA	NA	NA	NA	NA	NA	NA	NA	NA	NA	NA	NA	NA	NA	NA	NA	NA	NA	NA	NA	NA	NA	NA	NA	NA	NA	NA	NA	NA	NA	NA	NA	NA	NA	NA	NA	NA	NA	-2.77174649499089	NA	NA	NA	NA	NA
hsa-miR-3919|MIMAT0018193	NA	NA	NA	NA	NA	NA	NA	NA	NA	NA	NA	NA	NA	NA	NA	NA	NA	NA	NA	NA	NA	NA	NA	NA	NA	NA	NA	NA	NA	NA	NA	NA	NA	NA	NA	NA	NA	NA	NA	NA	NA	NA	NA	-1.08047837634621	NA
hsa-miR-3150b-3p|MIMAT0018194	-2.08253005332081	-2.43912855827956	-2.86477510985516	2.23406163931357	-0.622212125306591	-2.98633050724543	-2.82612038597639	NA	3.79176907087462	NA	NA	NA	0.0212195924394686	NA	NA	NA	-2.38483986976772	-2.5998118570687	-0.795566265548194	NA	-1.60370457950021	-2.10820132927794	-2.78470161683252	-0.428546467093445	-0.798310941119517	-1.48909477722073	NA	-0.690837785422477	0.236377504327805	NA	NA	-2.27512973950309	NA	NA	-2.35156032783198	-2.58735936443677	-0.061516968578871	-1.78147423198854	-1.15576862840045	-1.77174156867068	NA	-2.2590120139294	-0.523817425865419	-0.495515875625051	-2.77372823957451
hsa-miR-3920|MIMAT0018195	-2.08253005332081	NA	-2.86477510985516	-1.08786522894041	NA	NA	NA	NA	NA	NA	NA	NA	NA	NA	NA	NA	-2.38483986976772	NA	NA	NA	NA	NA	NA	NA	NA	-2.48909477722073	NA	NA	NA	NA	NA	NA	NA	NA	NA	NA	-2.38344656900942	NA	NA	NA	NA	NA	NA	NA	NA
hsa-miR-3921|MIMAT0018196	NA	NA	NA	NA	NA	NA	NA	NA	NA	NA	NA	NA	NA	NA	NA	NA	NA	NA	NA	NA	NA	NA	NA	NA	NA	NA	NA	NA	NA	NA	NA	NA	NA	NA	NA	NA	NA	NA	NA	NA	NA	NA	NA	NA	NA
hsa-miR-3922-3p|MIMAT0018197	-1.49756755259965	NA	-0.864777737085683	-0.502905794804667	0.377787874693409	-2.98633050724543	-0.50419433730679	-0.656778674080305	1.75224034788376	-2.39184934417964	NA	NA	NA	NA	0.352865847617869	NA	-2.38483986976772	-1.01484935634755	-0.795566265548194	-1.88294334151746	-0.603704579500209	-2.10820132927794	-1.78469664607577	-2.0135089678146	-1.38327344184067	-2.48909477722073	-1.86446513023881	0.894126267849917	-1.08554875356105	-1.77440423265968	0.253172415190249	0.532223187342324	-0.44606744756177	-1.08300675304763	-1.35156032783198	-0.00239975390630535	-0.798481559050491	-0.781479191654943	-2.74073112912161	-2.77174649499089	-1.6912523763913	NA	-1.26078440285988	0.919522386383802	-1.77372823957451
hsa-miR-3923|MIMAT0018198	NA	NA	NA	-2.08786829552582	NA	-2.98633050724543	NA	NA	NA	-1.39184555833863	NA	NA	NA	NA	NA	NA	NA	NA	NA	NA	NA	-2.10820132927794	NA	NA	NA	NA	NA	NA	NA	-1.77440423265968	NA	NA	NA	NA	NA	NA	NA	NA	NA	NA	NA	NA	NA	NA	-1.18876573885335
hsa-miR-3924|MIMAT0018199	NA	NA	NA	NA	NA	-2.98633050724543	NA	NA	NA	NA	NA	NA	NA	NA	NA	NA	NA	NA	NA	NA	NA	NA	NA	NA	NA	NA	NA	NA	NA	NA	-1.74682879530261	NA	NA	NA	NA	-2.58735936443677	NA	NA	NA	NA	NA	NA	NA	NA	NA
hsa-miR-3925-5p|MIMAT0018200	NA	NA	NA	NA	NA	NA	NA	NA	NA	NA	NA	NA	NA	NA	NA	NA	NA	NA	NA	NA	NA	NA	NA	NA	NA	NA	NA	NA	NA	NA	NA	-2.27512973950309	-1.44606548214831	NA	NA	NA	NA	NA	NA	NA	NA	NA	NA	NA	NA
hsa-miR-3926|MIMAT0018201	NA	NA	-1.864780364321	NA	-2.20717462602775	-2.98633050724543	-0.504192291089029	-0.656776399589015	NA	-3.39184934417964	NA	NA	0.0212195924394682	NA	-1.96906224726949	NA	-3.38483986976772	-1.01484935634755	NA	NA	NA	-2.10820132927794	NA	-0.0135089678146013	NA	NA	NA	0.631091240995828	-2.08555181522653	NA	NA	NA	NA	NA	-2.35156032783198	NA	-2.38344656900942	-2.78147423198854	NA	-2.77174649499089	-1.10628987567015	-1.2590120139294	-3.84574344651288	NA	NA
hsa-miR-3927-3p|MIMAT0018202	NA	NA	NA	NA	NA	NA	NA	NA	NA	NA	NA	NA	NA	NA	NA	NA	NA	NA	NA	NA	NA	NA	NA	NA	NA	NA	NA	NA	NA	NA	NA	NA	NA	NA	NA	NA	NA	NA	NA	NA	NA	NA	NA	NA	NA
hsa-miR-676-5p|MIMAT0018203	-3.08253005332081	-0.854168665540085	NA	NA	NA	NA	NA	-1.65677639958902	NA	NA	NA	NA	-0.97878182919197	-2.58184676094512	-0.384099746548338	-2.40152045085577	NA	-2.5998118570687	-1.7955687697206	-1.88294334151746	-0.603704579500209	-2.10820132927794	NA	-2.0135089678146	NA	NA	-0.864465130238811	-0.690837785422477	-0.0855518152265255	-0.774404232659682	0.838134512413899	NA	-0.44606744756177	-2.08300675304763	NA	-0.265433003663129	-2.38344656900942	NA	-1.15576862840045	-0.771744031828681	0.116102545666302	-1.2590120139294	-2.84574344651288	-1.08047837634621	-1.18876573885335
hsa-miR-676-3p|MIMAT0018204	-0.0825300533208068	1.36822301065787	-0.542851218538935	-2.08786829552582	0.114753468859615	-1.40137181743624	NA	-0.656776399589015	1.58231561409783	-1.80688684345848	0.599028273367538	2.17551981072761	0.606181619283634	-1.58185107969957	-0.969062247269494	1.05790770295042	-0.799877369046567	0.722116237818659	1.52636082767073	-0.882946002042619	-1.60370457950021	1.21372427751566	-0.462771533640406	-1.0135089678146	0.616725617306948	-0.904132276499571	0.720497370482346	0.309163378991108	1.37388203007721	-0.189441731938525	1.25317180994395	0.894792934191399	1.13889505315939	1.50195778518701	-1.35156032783198	1.73456569575021	0.938483784192134	0.218523288180389	1.4291938723207	1.4761836112549	1.11610321123685	0.5483429081282	-0.845746039313223	-0.0804783763462067	1.22627176042549
hsa-miR-3928-3p|MIMAT0018205	NA	-1.43913247025385	-1.2798161121091	-1.08786829552582	0.962749635199518	-1.98633050724543	-0.0187669255026062	0.665149875705602	0.5823151323163	0.193118204327321	1.01406601076263	0.95312738939116	2.1086826845658	0.00311430019265659	0.838291867881227	-0.401522356511851	1.07459174886957	1.20754368968351	-1.7955687697206	1.20451574369594	0.71822439232252	-2.10820132927794	-1.78470161683252	2.07395490138887	-0.383273441840673	0.0958663735566498	-0.864465130238811	0.309162214577523	-0.500587273394333	-0.189441731938525	2.5010994826629	1.53222318734232	1.36128831681621	NA	-0.351560327831976	0.872069889499482	0.786480941670665	-0.196515037709759	3.09215871586587	-0.771744031828681	1.11610387680709	0.5483429081282	-0.845746039313223	-1.08047837634621	-0.773728239574511
hsa-miR-3929|MIMAT0018206	NA	-2.43912855827956	NA	NA	NA	NA	NA	NA	NA	NA	NA	NA	NA	NA	NA	NA	NA	NA	NA	NA	NA	NA	NA	NA	NA	NA	NA	NA	NA	NA	NA	NA	NA	NA	NA	NA	NA	NA	NA	NA	NA	NA	NA	NA	NA
hsa-miR-3934-5p|MIMAT0018349	0.0873949481215057	-1.43913247025385	-0.057424691624243	0.719488378867101	-2.20717462602775	-1.98633622361716	-1.82612038597639	-1.65677639958902	-0.417682940558534	-1.06991822061867	NA	1.69009253645608	NA	NA	0.352865847617869	NA	-1.38483986976772	-2.5998118570687	-0.795568769720598	-2.88294334151746	-1.60370457950021	NA	-2.78470161683252	0.308420292086253	-2.38327344184067	NA	NA	-0.690835456596247	NA	NA	NA	0.532223187342324	-1.44606548214831	-2.08300675304763	-0.351562168625255	-0.265433003663129	-2.38344656900942	-1.19651503770976	-1.74073112912161	0.550183570426576	NA	NA	-1.26078440285988	-2.08047837634621	-2.77372823957451
hsa-miR-3935|MIMAT0018350	NA	NA	NA	NA	NA	NA	NA	NA	NA	NA	NA	NA	-1.97878182919197	NA	NA	NA	NA	NA	NA	NA	NA	NA	NA	NA	NA	NA	NA	NA	NA	NA	NA	NA	NA	NA	NA	NA	NA	NA	NA	NA	NA	NA	NA	NA	NA
hsa-miR-3936|MIMAT0018351	NA	NA	NA	NA	-2.20717462602775	-2.98633050724543	NA	NA	NA	-3.39184934417964	NA	NA	NA	NA	NA	NA	NA	-2.5998118570687	NA	NA	NA	NA	NA	NA	NA	NA	NA	NA	NA	NA	-0.746828795302606	NA	NA	NA	NA	NA	NA	NA	NA	NA	NA	NA	NA	NA	NA
hsa-miR-3937|MIMAT0018352	NA	NA	NA	NA	NA	NA	NA	NA	NA	NA	NA	NA	-1.97878182919197	NA	NA	NA	NA	NA	NA	NA	-1.60370457950021	NA	NA	NA	NA	NA	NA	NA	NA	NA	NA	NA	NA	NA	NA	NA	NA	NA	NA	NA	NA	NA	NA	NA	NA
hsa-miR-3938|MIMAT0018353	NA	NA	NA	-2.08786829552582	NA	NA	NA	NA	NA	NA	NA	NA	NA	NA	NA	NA	NA	NA	NA	NA	NA	NA	NA	NA	NA	NA	NA	NA	NA	NA	NA	NA	NA	NA	NA	NA	NA	NA	NA	NA	NA	NA	NA	NA	NA
hsa-miR-548y|MIMAT0018354	NA	NA	NA	NA	NA	NA	NA	NA	NA	NA	NA	NA	NA	NA	NA	NA	NA	NA	NA	NA	NA	NA	NA	NA	NA	NA	NA	-1.69083778542248	NA	NA	NA	NA	NA	NA	NA	NA	NA	-2.78147423198854	0.581196965765753	NA	NA	NA	NA	NA	-2.77372823957451
hsa-miR-3939|MIMAT0018355	NA	NA	NA	NA	NA	NA	NA	NA	-1.41768294055853	NA	NA	NA	NA	NA	NA	-1.40152426217045	-3.38483986976772	NA	NA	NA	-1.60370457950021	-2.10820132927794	NA	NA	NA	NA	NA	NA	NA	-1.77440423265968	NA	-2.27512973950309	NA	NA	NA	NA	NA	NA	NA	NA	NA	NA	NA	NA	-2.77372823957451
hsa-miR-3940-3p|MIMAT0018356	NA	NA	-1.864780364321	NA	-1.20717462602775	NA	-1.82612038597639	NA	NA	-1.39184555833863	NA	1.36816488867	-0.978778985930494	-2.58184676094512	-0.969062247269494	-0.0795938804930711	0.702622971482616	NA	NA	-1.88294334151746	NA	-2.10820132927794	NA	NA	-0.798310941119517	0.318257830646768	-1.86446513023881	-1.69083778542248	NA	-0.189441731938525	-0.746828795302606	-0.690169566529757	0.553933535145292	NA	NA	-2.58735936443677	-1.38344656900942	-2.78147423198854	-0.740731129121609	-0.449816429573424	NA	NA	-2.26078785993632	-2.08047837634621	-1.77372823957451
hsa-miR-3941|MIMAT0018357	NA	NA	NA	NA	NA	NA	NA	NA	NA	NA	NA	NA	NA	NA	NA	NA	NA	NA	NA	NA	NA	NA	NA	NA	NA	NA	NA	NA	NA	NA	NA	NA	NA	NA	NA	NA	NA	NA	NA	NA	NA	NA	NA	NA	NA
hsa-miR-3942-5p|MIMAT0018358	-2.08253005332081	-1.43913247025385	NA	-1.08786829552582	-2.20717462602775	NA	-0.826120385976391	NA	-0.417682940558534	-0.584490095447407	-0.985933274888856	NA	-1.97878182919197	-0.581848920320729	NA	-1.40152426217045	-0.577484947710119	-1.01484935634755	0.204432482366147	-2.88294334151746	-0.0187406172204049	NA	-1.19973580227163	NA	-2.38327344184067	-1.48909477722073	-1.86446513023881	-1.69083778542248	0.236378728993734	-1.77440423265968	NA	-2.27512973950309	0.875861826573987	NA	NA	NA	NA	-1.78147423198854	0.0666237929359952	-1.77174156867068	NA	NA	-1.26078094579172	-0.495515875625051	-2.77372823957451
hsa-miR-3943|MIMAT0018359	-3.08253005332081	NA	NA	-2.08786829552582	NA	NA	NA	NA	NA	-3.39184934417964	NA	NA	NA	NA	NA	NA	NA	NA	NA	-1.88294866257268	NA	NA	NA	NA	NA	NA	NA	NA	NA	NA	NA	NA	NA	NA	NA	-2.58735936443677	-1.38344656900942	NA	-2.74073112912161	NA	NA	NA	NA	NA	NA
hsa-miR-3944-3p|MIMAT0018360	NA	NA	NA	-0.502903750413667	-1.20717462602775	NA	-2.82612038597639	NA	-0.417682940558534	NA	0.0140652964137654	NA	-1.97878182919197	-0.996887139392162	NA	-0.401522356511851	-1.38483986976772	NA	-0.21060459955069	NA	-1.60370457950021	-2.10820132927794	-2.78470161683252	NA	NA	NA	-0.279502629517654	NA	-2.08555181522653	0.225595767340318	NA	NA	0.875861826573987	NA	NA	NA	NA	-1.78147423198854	-2.74073112912161	-2.77174649499089	NA	-2.2590120139294	NA	-2.08047837634621	-0.773728239574511
hsa-miR-3945|MIMAT0018361	NA	NA	NA	NA	NA	NA	NA	NA	NA	NA	NA	NA	NA	NA	NA	NA	NA	NA	NA	NA	NA	NA	NA	NA	NA	NA	NA	NA	NA	NA	NA	NA	NA	NA	NA	NA	NA	NA	NA	NA	NA	NA	NA	NA	NA
hsa-miR-374c-5p|MIMAT0018443	NA	NA	NA	NA	NA	NA	NA	NA	NA	-3.39184934417964	NA	NA	NA	NA	NA	NA	NA	NA	NA	NA	NA	NA	NA	NA	-2.38327344184067	NA	NA	NA	NA	NA	NA	NA	NA	NA	NA	NA	NA	NA	NA	NA	NA	NA	-3.84574344651288	NA	NA
hsa-miR-642b-3p|MIMAT0018444	NA	NA	NA	NA	NA	NA	NA	NA	NA	NA	NA	NA	NA	NA	NA	NA	NA	NA	NA	NA	NA	NA	NA	NA	NA	NA	NA	NA	NA	NA	NA	NA	NA	NA	NA	NA	NA	NA	NA	NA	NA	NA	NA	NA	NA
hsa-miR-550b-3p|MIMAT0018445	NA	NA	NA	NA	-1.20717462602775	NA	NA	NA	NA	NA	NA	NA	NA	NA	NA	NA	NA	NA	NA	NA	NA	NA	NA	NA	NA	NA	NA	NA	NA	NA	NA	NA	NA	NA	NA	NA	NA	NA	NA	NA	NA	NA	-3.84574344651288	NA	NA
hsa-miR-548z|MIMAT0018446	NA	NA	NA	NA	NA	NA	NA	NA	NA	NA	NA	NA	NA	NA	NA	NA	NA	NA	NA	NA	NA	NA	NA	NA	NA	NA	NA	NA	NA	NA	NA	NA	NA	NA	NA	NA	NA	NA	NA	NA	NA	NA	NA	NA	NA
hsa-miR-548aa|MIMAT0018447	NA	NA	NA	NA	NA	NA	NA	NA	NA	NA	NA	NA	NA	NA	NA	NA	NA	NA	NA	NA	NA	NA	NA	NA	NA	NA	NA	NA	NA	NA	NA	NA	NA	NA	NA	NA	NA	NA	NA	NA	NA	NA	NA	NA	NA
hsa-miR-151b|MIMAT0010214	NA	NA	NA	NA	NA	NA	NA	NA	NA	NA	NA	NA	NA	NA	NA	NA	NA	NA	NA	NA	NA	NA	NA	NA	NA	NA	NA	NA	NA	NA	NA	NA	NA	NA	NA	NA	NA	NA	NA	NA	NA	NA	NA	NA	NA
hsa-miR-548ah-5p|MIMAT0018972	NA	NA	NA	NA	NA	NA	NA	NA	NA	NA	NA	NA	NA	NA	NA	NA	NA	NA	NA	NA	NA	NA	NA	NA	NA	NA	NA	NA	NA	NA	NA	NA	NA	NA	NA	NA	NA	NA	NA	NA	NA	NA	NA	NA	NA
hsa-miR-548ah-3p|MIMAT0020957	NA	NA	NA	NA	NA	NA	NA	NA	NA	NA	NA	NA	NA	NA	NA	NA	NA	NA	NA	NA	NA	NA	NA	NA	NA	NA	NA	NA	NA	NA	NA	NA	NA	NA	NA	NA	NA	NA	NA	NA	NA	NA	NA	NA	NA
hsa-miR-3156-3p|MIMAT0019209	NA	NA	NA	NA	NA	NA	NA	NA	NA	NA	NA	NA	NA	NA	NA	NA	NA	NA	NA	NA	NA	NA	NA	NA	NA	NA	NA	NA	NA	NA	NA	NA	NA	NA	NA	NA	NA	NA	NA	NA	NA	NA	NA	NA	NA
hsa-miR-1296-3p|MIMAT0026637	NA	NA	NA	NA	NA	NA	NA	NA	NA	NA	NA	NA	NA	NA	NA	NA	NA	NA	NA	NA	NA	NA	NA	NA	NA	NA	NA	NA	NA	NA	NA	NA	NA	NA	NA	NA	NA	NA	NA	NA	NA	NA	NA	NA	NA
hsa-miR-3157-3p|MIMAT0019210	NA	NA	NA	NA	NA	NA	NA	NA	NA	NA	NA	NA	NA	NA	NA	NA	NA	NA	NA	NA	NA	NA	NA	NA	NA	NA	NA	NA	NA	NA	NA	NA	NA	NA	NA	NA	NA	NA	NA	NA	NA	NA	NA	NA	NA
hsa-let-7c-3p|MIMAT0026472	NA	NA	NA	NA	NA	NA	NA	NA	NA	NA	NA	NA	NA	NA	NA	NA	NA	NA	NA	NA	NA	NA	NA	NA	NA	NA	NA	NA	NA	NA	NA	NA	NA	NA	NA	NA	NA	NA	NA	NA	NA	NA	NA	NA	NA
hsa-miR-345-3p|MIMAT0022698	NA	NA	NA	NA	NA	NA	NA	NA	NA	NA	NA	NA	NA	NA	NA	NA	NA	NA	NA	NA	NA	NA	NA	NA	NA	NA	NA	NA	NA	NA	NA	NA	NA	NA	NA	NA	NA	NA	NA	NA	NA	NA	NA	NA	NA
hsa-miR-4456|MIMAT0018978	NA	NA	NA	NA	NA	NA	NA	NA	NA	NA	NA	NA	NA	NA	NA	NA	NA	NA	NA	NA	NA	NA	NA	NA	NA	NA	NA	NA	NA	NA	NA	NA	NA	NA	NA	NA	NA	NA	NA	NA	NA	NA	NA	NA	NA
hsa-miR-1271-3p|MIMAT0022712	NA	NA	NA	NA	NA	NA	NA	NA	NA	NA	NA	NA	NA	NA	NA	NA	NA	NA	NA	NA	NA	NA	NA	NA	NA	NA	NA	NA	NA	NA	NA	NA	NA	NA	NA	NA	NA	NA	NA	NA	NA	NA	NA	NA	NA
hsa-miR-1301-5p|MIMAT0026639	NA	NA	NA	NA	NA	NA	NA	NA	NA	NA	NA	NA	NA	NA	NA	NA	NA	NA	NA	NA	NA	NA	NA	NA	NA	NA	NA	NA	NA	NA	NA	NA	NA	NA	NA	NA	NA	NA	NA	NA	NA	NA	NA	NA	NA
hsa-miR-4459|MIMAT0018981	NA	NA	NA	NA	NA	NA	NA	NA	NA	NA	NA	NA	NA	NA	NA	NA	NA	NA	NA	NA	NA	NA	NA	NA	NA	NA	NA	NA	NA	NA	NA	NA	NA	NA	NA	NA	NA	NA	NA	NA	NA	NA	NA	NA	NA
hsa-miR-4460|MIMAT0018982	NA	NA	NA	NA	NA	NA	NA	NA	NA	NA	NA	NA	NA	NA	NA	NA	NA	NA	NA	NA	NA	NA	NA	NA	NA	NA	NA	NA	NA	NA	NA	NA	NA	NA	NA	NA	NA	NA	NA	NA	NA	NA	NA	NA	NA
hsa-miR-3162-3p|MIMAT0019213	NA	NA	NA	NA	NA	NA	NA	NA	NA	NA	NA	NA	NA	NA	NA	NA	NA	NA	NA	NA	NA	NA	NA	NA	NA	NA	NA	NA	NA	NA	NA	NA	NA	NA	NA	NA	NA	NA	NA	NA	NA	NA	NA	NA	NA
hsa-miR-378h|MIMAT0018984	NA	NA	NA	NA	NA	NA	NA	NA	NA	NA	NA	NA	NA	NA	NA	NA	NA	NA	NA	NA	NA	NA	NA	NA	NA	NA	NA	NA	NA	NA	NA	NA	NA	NA	NA	NA	NA	NA	NA	NA	NA	NA	NA	NA	NA
hsa-miR-1185-2-3p|MIMAT0022713	NA	NA	NA	NA	NA	NA	NA	NA	NA	NA	NA	NA	NA	NA	NA	NA	NA	NA	NA	NA	NA	NA	NA	NA	NA	NA	NA	NA	NA	NA	NA	NA	NA	NA	NA	NA	NA	NA	NA	NA	NA	NA	NA	NA	NA
hsa-miR-4462|MIMAT0018986	NA	NA	NA	NA	NA	NA	NA	NA	NA	NA	NA	NA	NA	NA	NA	NA	NA	NA	NA	NA	NA	NA	NA	NA	NA	NA	NA	NA	NA	NA	NA	NA	NA	NA	NA	NA	NA	NA	NA	NA	NA	NA	NA	NA	NA
hsa-miR-4463|MIMAT0018987	NA	NA	NA	NA	NA	NA	NA	NA	NA	NA	NA	NA	NA	NA	NA	NA	NA	NA	NA	NA	NA	NA	NA	NA	NA	NA	NA	NA	NA	NA	NA	NA	NA	NA	NA	NA	NA	NA	NA	NA	NA	NA	NA	NA	NA
hsa-miR-4464|MIMAT0018988	NA	NA	NA	NA	NA	NA	NA	NA	NA	NA	NA	NA	NA	NA	NA	NA	NA	NA	NA	NA	NA	NA	NA	NA	NA	NA	NA	NA	NA	NA	NA	NA	NA	NA	NA	NA	NA	NA	NA	NA	NA	NA	NA	NA	NA
hsa-miR-548ai|MIMAT0018989	NA	NA	NA	NA	NA	NA	NA	NA	NA	NA	NA	NA	NA	NA	NA	NA	NA	NA	NA	NA	NA	NA	NA	NA	NA	NA	NA	NA	NA	NA	NA	NA	NA	NA	NA	NA	NA	NA	NA	NA	NA	NA	NA	NA	NA
hsa-miR-548aj-3p|MIMAT0018990	NA	NA	NA	NA	NA	NA	NA	NA	NA	NA	NA	NA	NA	NA	NA	NA	NA	NA	NA	NA	NA	NA	NA	NA	NA	NA	NA	NA	NA	NA	NA	NA	NA	NA	NA	NA	NA	NA	NA	NA	NA	NA	NA	NA	NA
hsa-miR-766-5p|MIMAT0022714	NA	NA	NA	NA	NA	NA	NA	NA	NA	NA	NA	NA	NA	NA	NA	NA	NA	NA	NA	NA	NA	NA	NA	NA	NA	NA	NA	NA	NA	NA	NA	NA	NA	NA	NA	NA	NA	NA	NA	NA	NA	NA	NA	NA	NA
hsa-miR-4465|MIMAT0018992	NA	NA	NA	NA	NA	NA	NA	NA	NA	NA	NA	NA	NA	NA	NA	NA	NA	NA	NA	NA	NA	NA	NA	NA	NA	NA	NA	NA	NA	NA	NA	NA	NA	NA	NA	NA	NA	NA	NA	NA	NA	NA	NA	NA	NA
hsa-miR-378d|MIMAT0018926	NA	NA	NA	NA	NA	NA	NA	NA	NA	NA	NA	NA	NA	NA	NA	NA	NA	NA	NA	NA	NA	NA	NA	NA	NA	NA	NA	NA	NA	NA	NA	NA	NA	NA	NA	NA	NA	NA	NA	NA	NA	NA	NA	NA	NA
hsa-miR-1185-1-3p|MIMAT0022838	NA	NA	NA	NA	NA	NA	NA	NA	NA	NA	NA	NA	NA	NA	NA	NA	NA	NA	NA	NA	NA	NA	NA	NA	NA	NA	NA	NA	NA	NA	NA	NA	NA	NA	NA	NA	NA	NA	NA	NA	NA	NA	NA	NA	NA
hsa-miR-4468|MIMAT0018995	NA	NA	NA	NA	NA	NA	NA	NA	NA	NA	NA	NA	NA	NA	NA	NA	NA	NA	NA	NA	NA	NA	NA	NA	NA	NA	NA	NA	NA	NA	NA	NA	NA	NA	NA	NA	NA	NA	NA	NA	NA	NA	NA	NA	NA
hsa-miR-4469|MIMAT0018996	NA	NA	NA	NA	NA	NA	NA	NA	NA	NA	NA	NA	NA	NA	NA	NA	NA	NA	NA	NA	NA	NA	NA	NA	NA	NA	NA	NA	NA	NA	NA	NA	NA	NA	NA	NA	NA	NA	NA	NA	NA	NA	NA	NA	NA
hsa-miR-450a-1-3p|MIMAT0022700	NA	NA	NA	NA	NA	NA	NA	NA	NA	NA	NA	NA	NA	NA	NA	NA	NA	NA	NA	NA	NA	NA	NA	NA	NA	NA	NA	NA	NA	NA	NA	NA	NA	NA	NA	NA	NA	NA	NA	NA	NA	NA	NA	NA	NA
hsa-miR-670-3p|MIMAT0026640	NA	NA	NA	NA	NA	NA	NA	NA	NA	NA	NA	NA	NA	NA	NA	NA	NA	NA	NA	NA	NA	NA	NA	NA	NA	NA	NA	NA	NA	NA	NA	NA	NA	NA	NA	NA	NA	NA	NA	NA	NA	NA	NA	NA	NA
hsa-miR-4472|MIMAT0018999	NA	NA	NA	NA	NA	NA	NA	NA	NA	NA	NA	NA	NA	NA	NA	NA	NA	NA	NA	NA	NA	NA	NA	NA	NA	NA	NA	NA	NA	NA	NA	NA	NA	NA	NA	NA	NA	NA	NA	NA	NA	NA	NA	NA	NA
hsa-miR-433-5p|MIMAT0026554	NA	NA	NA	NA	NA	NA	NA	NA	NA	NA	NA	NA	NA	NA	NA	NA	NA	NA	NA	NA	NA	NA	NA	NA	NA	NA	NA	NA	NA	NA	NA	NA	NA	NA	NA	NA	NA	NA	NA	NA	NA	NA	NA	NA	NA
hsa-miR-4474-5p|MIMAT0019234	NA	NA	NA	NA	NA	NA	NA	NA	NA	NA	NA	NA	NA	NA	NA	NA	NA	NA	NA	NA	NA	NA	NA	NA	NA	NA	NA	NA	NA	NA	NA	NA	NA	NA	NA	NA	NA	NA	NA	NA	NA	NA	NA	NA	NA
hsa-miR-329-5p|MIMAT0026555	NA	NA	NA	NA	NA	NA	NA	NA	NA	NA	NA	NA	NA	NA	NA	NA	NA	NA	NA	NA	NA	NA	NA	NA	NA	NA	NA	NA	NA	NA	NA	NA	NA	NA	NA	NA	NA	NA	NA	NA	NA	NA	NA	NA	NA
hsa-miR-4475|MIMAT0019002	NA	NA	NA	NA	NA	NA	NA	NA	NA	NA	NA	NA	NA	NA	NA	NA	NA	NA	NA	NA	NA	NA	NA	NA	NA	NA	NA	NA	NA	NA	NA	NA	NA	NA	NA	NA	NA	NA	NA	NA	NA	NA	NA	NA	NA
hsa-miR-4476|MIMAT0019003	NA	NA	NA	NA	NA	NA	NA	NA	NA	NA	NA	NA	NA	NA	NA	NA	NA	NA	NA	NA	NA	NA	NA	NA	NA	NA	NA	NA	NA	NA	NA	NA	NA	NA	NA	NA	NA	NA	NA	NA	NA	NA	NA	NA	NA
hsa-miR-4477a|MIMAT0019004	NA	NA	NA	NA	NA	NA	NA	NA	NA	NA	NA	NA	NA	NA	NA	NA	NA	NA	NA	NA	NA	NA	NA	NA	NA	NA	NA	NA	NA	NA	NA	NA	NA	NA	NA	NA	NA	NA	NA	NA	NA	NA	NA	NA	NA
hsa-miR-4477b|MIMAT0019005	NA	NA	NA	NA	NA	NA	NA	NA	NA	NA	NA	NA	NA	NA	NA	NA	NA	NA	NA	NA	NA	NA	NA	NA	NA	NA	NA	NA	NA	NA	NA	NA	NA	NA	NA	NA	NA	NA	NA	NA	NA	NA	NA	NA	NA
hsa-miR-4478|MIMAT0019006	NA	NA	NA	NA	NA	NA	NA	NA	NA	NA	NA	NA	NA	NA	NA	NA	NA	NA	NA	NA	NA	NA	NA	NA	NA	NA	NA	NA	NA	NA	NA	NA	NA	NA	NA	NA	NA	NA	NA	NA	NA	NA	NA	NA	NA
hsa-miR-3689c|MIMAT0019007	NA	NA	NA	NA	NA	NA	NA	NA	NA	NA	NA	NA	NA	NA	NA	NA	NA	NA	NA	NA	NA	NA	NA	NA	NA	NA	NA	NA	NA	NA	NA	NA	NA	NA	NA	NA	NA	NA	NA	NA	NA	NA	NA	NA	NA
hsa-miR-412-5p|MIMAT0026557	NA	NA	NA	NA	NA	NA	NA	NA	NA	NA	NA	NA	NA	NA	NA	NA	NA	NA	NA	NA	NA	NA	NA	NA	NA	NA	NA	NA	NA	NA	NA	NA	NA	NA	NA	NA	NA	NA	NA	NA	NA	NA	NA	NA	NA
hsa-miR-3689e|MIMAT0019009	NA	NA	NA	NA	NA	NA	NA	NA	NA	NA	NA	NA	NA	NA	NA	NA	NA	NA	NA	NA	NA	NA	NA	NA	NA	NA	NA	NA	NA	NA	NA	NA	NA	NA	NA	NA	NA	NA	NA	NA	NA	NA	NA	NA	NA
hsa-miR-410-5p|MIMAT0026558	NA	NA	NA	NA	NA	NA	NA	NA	NA	NA	NA	NA	NA	NA	NA	NA	NA	NA	NA	NA	NA	NA	NA	NA	NA	NA	NA	NA	NA	NA	NA	NA	NA	NA	NA	NA	NA	NA	NA	NA	NA	NA	NA	NA	NA
hsa-miR-4479|MIMAT0019011	NA	NA	NA	NA	NA	NA	NA	NA	NA	NA	NA	NA	NA	NA	NA	NA	NA	NA	NA	NA	NA	NA	NA	NA	NA	NA	NA	NA	NA	NA	NA	NA	NA	NA	NA	NA	NA	NA	NA	NA	NA	NA	NA	NA	NA
hsa-miR-376b-5p|MIMAT0022923	NA	NA	NA	NA	NA	NA	NA	NA	NA	NA	NA	NA	NA	NA	NA	NA	NA	NA	NA	NA	NA	NA	NA	NA	NA	NA	NA	NA	NA	NA	NA	NA	NA	NA	NA	NA	NA	NA	NA	NA	NA	NA	NA	NA	NA
hsa-miR-548ak|MIMAT0019013	NA	NA	NA	NA	NA	NA	NA	NA	NA	NA	NA	NA	NA	NA	NA	NA	NA	NA	NA	NA	NA	NA	NA	NA	NA	NA	NA	NA	NA	NA	NA	NA	NA	NA	NA	NA	NA	NA	NA	NA	NA	NA	NA	NA	NA
hsa-miR-4480|MIMAT0019014	NA	NA	NA	NA	NA	NA	NA	NA	NA	NA	NA	NA	NA	NA	NA	NA	NA	NA	NA	NA	NA	NA	NA	NA	NA	NA	NA	NA	NA	NA	NA	NA	NA	NA	NA	NA	NA	NA	NA	NA	NA	NA	NA	NA	NA
hsa-miR-874-5p|MIMAT0026718	NA	NA	NA	NA	NA	NA	NA	NA	NA	NA	NA	NA	NA	NA	NA	NA	NA	NA	NA	NA	NA	NA	NA	NA	NA	NA	NA	NA	NA	NA	NA	NA	NA	NA	NA	NA	NA	NA	NA	NA	NA	NA	NA	NA	NA
hsa-miR-4482-5p|MIMAT0019016	NA	NA	NA	NA	NA	NA	NA	NA	NA	NA	NA	NA	NA	NA	NA	NA	NA	NA	NA	NA	NA	NA	NA	NA	NA	NA	NA	NA	NA	NA	NA	NA	NA	NA	NA	NA	NA	NA	NA	NA	NA	NA	NA	NA	NA
hsa-miR-4482-3p|MIMAT0020958	NA	NA	NA	NA	NA	NA	NA	NA	NA	NA	NA	NA	NA	NA	NA	NA	NA	NA	NA	NA	NA	NA	NA	NA	NA	NA	NA	NA	NA	NA	NA	NA	NA	NA	NA	NA	NA	NA	NA	NA	NA	NA	NA	NA	NA
hsa-miR-3187-5p|MIMAT0019216	NA	NA	NA	NA	NA	NA	NA	NA	NA	NA	NA	NA	NA	NA	NA	NA	NA	NA	NA	NA	NA	NA	NA	NA	NA	NA	NA	NA	NA	NA	NA	NA	NA	NA	NA	NA	NA	NA	NA	NA	NA	NA	NA	NA	NA
hsa-miR-4484|MIMAT0019018	NA	NA	NA	NA	NA	NA	NA	NA	NA	NA	NA	NA	NA	NA	NA	NA	NA	NA	NA	NA	NA	NA	NA	NA	NA	NA	NA	NA	NA	NA	NA	NA	NA	NA	NA	NA	NA	NA	NA	NA	NA	NA	NA	NA	NA
hsa-miR-4485-5p|MIMAT0032116	NA	NA	NA	NA	NA	NA	NA	NA	NA	NA	NA	NA	NA	NA	NA	NA	NA	NA	NA	NA	NA	NA	NA	NA	NA	NA	NA	NA	NA	NA	NA	NA	NA	NA	NA	NA	NA	NA	NA	NA	NA	NA	NA	NA	NA
hsa-miR-487a-5p|MIMAT0026559	NA	NA	NA	NA	NA	NA	NA	NA	NA	NA	NA	NA	NA	NA	NA	NA	NA	NA	NA	NA	NA	NA	NA	NA	NA	NA	NA	NA	NA	NA	NA	NA	NA	NA	NA	NA	NA	NA	NA	NA	NA	NA	NA	NA	NA
hsa-miR-4486|MIMAT0019020	NA	NA	NA	NA	NA	NA	NA	NA	NA	NA	NA	NA	NA	NA	NA	NA	NA	NA	NA	NA	NA	NA	NA	NA	NA	NA	NA	NA	NA	NA	NA	NA	NA	NA	NA	NA	NA	NA	NA	NA	NA	NA	NA	NA	NA
hsa-miR-4487|MIMAT0019021	NA	NA	NA	NA	NA	NA	NA	NA	NA	NA	NA	NA	NA	NA	NA	NA	NA	NA	NA	NA	NA	NA	NA	NA	NA	NA	NA	NA	NA	NA	NA	NA	NA	NA	NA	NA	NA	NA	NA	NA	NA	NA	NA	NA	NA
hsa-miR-889-5p|MIMAT0026719	NA	NA	NA	NA	NA	NA	NA	NA	NA	NA	NA	NA	NA	NA	NA	NA	NA	NA	NA	NA	NA	NA	NA	NA	NA	NA	NA	NA	NA	NA	NA	NA	NA	NA	NA	NA	NA	NA	NA	NA	NA	NA	NA	NA	NA
hsa-miR-489-5p|MIMAT0026605	NA	NA	NA	NA	NA	NA	NA	NA	NA	NA	NA	NA	NA	NA	NA	NA	NA	NA	NA	NA	NA	NA	NA	NA	NA	NA	NA	NA	NA	NA	NA	NA	NA	NA	NA	NA	NA	NA	NA	NA	NA	NA	NA	NA	NA
hsa-miR-3191-5p|MIMAT0022732	NA	NA	NA	NA	NA	NA	NA	NA	NA	NA	NA	NA	NA	NA	NA	NA	NA	NA	NA	NA	NA	NA	NA	NA	NA	NA	NA	NA	NA	NA	NA	NA	NA	NA	NA	NA	NA	NA	NA	NA	NA	NA	NA	NA	NA
hsa-miR-4490|MIMAT0019025	NA	NA	NA	NA	NA	NA	NA	NA	NA	NA	NA	NA	NA	NA	NA	NA	NA	NA	NA	NA	NA	NA	NA	NA	NA	NA	NA	NA	NA	NA	NA	NA	NA	NA	NA	NA	NA	NA	NA	NA	NA	NA	NA	NA	NA
hsa-miR-4491|MIMAT0019026	NA	NA	NA	NA	NA	NA	NA	NA	NA	NA	NA	NA	NA	NA	NA	NA	NA	NA	NA	NA	NA	NA	NA	NA	NA	NA	NA	NA	NA	NA	NA	NA	NA	NA	NA	NA	NA	NA	NA	NA	NA	NA	NA	NA	NA
hsa-miR-3192-3p|MIMAT0027027	NA	NA	NA	NA	NA	NA	NA	NA	NA	NA	NA	NA	NA	NA	NA	NA	NA	NA	NA	NA	NA	NA	NA	NA	NA	NA	NA	NA	NA	NA	NA	NA	NA	NA	NA	NA	NA	NA	NA	NA	NA	NA	NA	NA	NA
hsa-miR-4493|MIMAT0019028	NA	NA	NA	NA	NA	NA	NA	NA	NA	NA	NA	NA	NA	NA	NA	NA	NA	NA	NA	NA	NA	NA	NA	NA	NA	NA	NA	NA	NA	NA	NA	NA	NA	NA	NA	NA	NA	NA	NA	NA	NA	NA	NA	NA	NA
hsa-miR-4494|MIMAT0019029	NA	NA	NA	NA	NA	NA	NA	NA	NA	NA	NA	NA	NA	NA	NA	NA	NA	NA	NA	NA	NA	NA	NA	NA	NA	NA	NA	NA	NA	NA	NA	NA	NA	NA	NA	NA	NA	NA	NA	NA	NA	NA	NA	NA	NA
hsa-miR-95-5p|MIMAT0026473	NA	NA	NA	NA	NA	NA	NA	NA	NA	NA	NA	NA	NA	NA	NA	NA	NA	NA	NA	NA	NA	NA	NA	NA	NA	NA	NA	NA	NA	NA	NA	NA	NA	NA	NA	NA	NA	NA	NA	NA	NA	NA	NA	NA	NA
hsa-miR-4496|MIMAT0019031	NA	NA	NA	NA	NA	NA	NA	NA	NA	NA	NA	NA	NA	NA	NA	NA	NA	NA	NA	NA	NA	NA	NA	NA	NA	NA	NA	NA	NA	NA	NA	NA	NA	NA	NA	NA	NA	NA	NA	NA	NA	NA	NA	NA	NA
hsa-miR-4497|MIMAT0019032	NA	NA	NA	NA	NA	NA	NA	NA	NA	NA	NA	NA	NA	NA	NA	NA	NA	NA	NA	NA	NA	NA	NA	NA	NA	NA	NA	NA	NA	NA	NA	NA	NA	NA	NA	NA	NA	NA	NA	NA	NA	NA	NA	NA	NA
hsa-miR-548x-5p|MIMAT0022733	NA	NA	NA	NA	NA	NA	NA	NA	NA	NA	NA	NA	NA	NA	NA	NA	NA	NA	NA	NA	NA	NA	NA	NA	NA	NA	NA	NA	NA	NA	NA	NA	NA	NA	NA	NA	NA	NA	NA	NA	NA	NA	NA	NA	NA
hsa-miR-4419b|MIMAT0019034	NA	NA	NA	NA	NA	NA	NA	NA	NA	NA	NA	NA	NA	NA	NA	NA	NA	NA	NA	NA	NA	NA	NA	NA	NA	NA	NA	NA	NA	NA	NA	NA	NA	NA	NA	NA	NA	NA	NA	NA	NA	NA	NA	NA	NA
hsa-miR-98-3p|MIMAT0022842	NA	NA	NA	NA	NA	NA	NA	NA	NA	NA	NA	NA	NA	NA	NA	NA	NA	NA	NA	NA	NA	NA	NA	NA	NA	NA	NA	NA	NA	NA	NA	NA	NA	NA	NA	NA	NA	NA	NA	NA	NA	NA	NA	NA	NA
hsa-miR-4500|MIMAT0019036	NA	NA	NA	NA	NA	NA	NA	NA	NA	NA	NA	NA	NA	NA	NA	NA	NA	NA	NA	NA	NA	NA	NA	NA	NA	NA	NA	NA	NA	NA	NA	NA	NA	NA	NA	NA	NA	NA	NA	NA	NA	NA	NA	NA	NA
hsa-miR-4501|MIMAT0019037	NA	NA	NA	NA	NA	NA	NA	NA	NA	NA	NA	NA	NA	NA	NA	NA	NA	NA	NA	NA	NA	NA	NA	NA	NA	NA	NA	NA	NA	NA	NA	NA	NA	NA	NA	NA	NA	NA	NA	NA	NA	NA	NA	NA	NA
hsa-miR-887-5p|MIMAT0026720	NA	NA	NA	NA	NA	NA	NA	NA	NA	NA	NA	NA	NA	NA	NA	NA	NA	NA	NA	NA	NA	NA	NA	NA	NA	NA	NA	NA	NA	NA	NA	NA	NA	NA	NA	NA	NA	NA	NA	NA	NA	NA	NA	NA	NA
hsa-miR-4503|MIMAT0019039	NA	NA	NA	NA	NA	NA	NA	NA	NA	NA	NA	NA	NA	NA	NA	NA	NA	NA	NA	NA	NA	NA	NA	NA	NA	NA	NA	NA	NA	NA	NA	NA	NA	NA	NA	NA	NA	NA	NA	NA	NA	NA	NA	NA	NA
hsa-miR-494-5p|MIMAT0026607	NA	NA	NA	NA	NA	NA	NA	NA	NA	NA	NA	NA	NA	NA	NA	NA	NA	NA	NA	NA	NA	NA	NA	NA	NA	NA	NA	NA	NA	NA	NA	NA	NA	NA	NA	NA	NA	NA	NA	NA	NA	NA	NA	NA	NA
hsa-miR-4505|MIMAT0019041	NA	NA	NA	NA	NA	NA	NA	NA	NA	NA	NA	NA	NA	NA	NA	NA	NA	NA	NA	NA	NA	NA	NA	NA	NA	NA	NA	NA	NA	NA	NA	NA	NA	NA	NA	NA	NA	NA	NA	NA	NA	NA	NA	NA	NA
hsa-miR-495-5p|MIMAT0022924	NA	NA	NA	NA	NA	NA	NA	NA	NA	NA	NA	NA	NA	NA	NA	NA	NA	NA	NA	NA	NA	NA	NA	NA	NA	NA	NA	NA	NA	NA	NA	NA	NA	NA	NA	NA	NA	NA	NA	NA	NA	NA	NA	NA	NA
hsa-miR-2392|MIMAT0019043	NA	NA	NA	NA	NA	NA	NA	NA	NA	NA	NA	NA	NA	NA	NA	NA	NA	NA	NA	NA	NA	NA	NA	NA	NA	NA	NA	NA	NA	NA	NA	NA	NA	NA	NA	NA	NA	NA	NA	NA	NA	NA	NA	NA	NA
hsa-miR-4507|MIMAT0019044	NA	NA	NA	NA	NA	NA	NA	NA	NA	NA	NA	NA	NA	NA	NA	NA	NA	NA	NA	NA	NA	NA	NA	NA	NA	NA	NA	NA	NA	NA	NA	NA	NA	NA	NA	NA	NA	NA	NA	NA	NA	NA	NA	NA	NA
hsa-miR-4508|MIMAT0019045	NA	NA	NA	NA	NA	NA	NA	NA	NA	NA	NA	NA	NA	NA	NA	NA	NA	NA	NA	NA	NA	NA	NA	NA	NA	NA	NA	NA	NA	NA	NA	NA	NA	NA	NA	NA	NA	NA	NA	NA	NA	NA	NA	NA	NA
hsa-miR-4509|MIMAT0019046	NA	NA	NA	NA	NA	NA	NA	NA	NA	NA	NA	NA	NA	NA	NA	NA	NA	NA	NA	NA	NA	NA	NA	NA	NA	NA	NA	NA	NA	NA	NA	NA	NA	NA	NA	NA	NA	NA	NA	NA	NA	NA	NA	NA	NA
hsa-miR-301b-5p|MIMAT0032026	NA	NA	NA	NA	NA	NA	NA	NA	NA	NA	NA	NA	NA	NA	NA	NA	NA	NA	NA	NA	NA	NA	NA	NA	NA	NA	NA	NA	NA	NA	NA	NA	NA	NA	NA	NA	NA	NA	NA	NA	NA	NA	NA	NA	NA
hsa-miR-4511|MIMAT0019048	NA	NA	NA	NA	NA	NA	NA	NA	NA	NA	NA	NA	NA	NA	NA	NA	NA	NA	NA	NA	NA	NA	NA	NA	NA	NA	NA	NA	NA	NA	NA	NA	NA	NA	NA	NA	NA	NA	NA	NA	NA	NA	NA	NA	NA
hsa-miR-4512|MIMAT0019049	NA	NA	NA	NA	NA	NA	NA	NA	NA	NA	NA	NA	NA	NA	NA	NA	NA	NA	NA	NA	NA	NA	NA	NA	NA	NA	NA	NA	NA	NA	NA	NA	NA	NA	NA	NA	NA	NA	NA	NA	NA	NA	NA	NA	NA
hsa-miR-181d-3p|MIMAT0026608	NA	NA	NA	NA	NA	NA	NA	NA	NA	NA	NA	NA	NA	NA	NA	NA	NA	NA	NA	NA	NA	NA	NA	NA	NA	NA	NA	NA	NA	NA	NA	NA	NA	NA	NA	NA	NA	NA	NA	NA	NA	NA	NA	NA	NA
hsa-miR-208b-5p|MIMAT0026722	NA	NA	NA	NA	NA	NA	NA	NA	NA	NA	NA	NA	NA	NA	NA	NA	NA	NA	NA	NA	NA	NA	NA	NA	NA	NA	NA	NA	NA	NA	NA	NA	NA	NA	NA	NA	NA	NA	NA	NA	NA	NA	NA	NA	NA
hsa-miR-4515|MIMAT0019052	NA	NA	NA	NA	NA	NA	NA	NA	NA	NA	NA	NA	NA	NA	NA	NA	NA	NA	NA	NA	NA	NA	NA	NA	NA	NA	NA	NA	NA	NA	NA	NA	NA	NA	NA	NA	NA	NA	NA	NA	NA	NA	NA	NA	NA
hsa-miR-4516|MIMAT0019053	NA	NA	NA	NA	NA	NA	NA	NA	NA	NA	NA	NA	NA	NA	NA	NA	NA	NA	NA	NA	NA	NA	NA	NA	NA	NA	NA	NA	NA	NA	NA	NA	NA	NA	NA	NA	NA	NA	NA	NA	NA	NA	NA	NA	NA
hsa-miR-4517|MIMAT0019054	NA	NA	NA	NA	NA	NA	NA	NA	NA	NA	NA	NA	NA	NA	NA	NA	NA	NA	NA	NA	NA	NA	NA	NA	NA	NA	NA	NA	NA	NA	NA	NA	NA	NA	NA	NA	NA	NA	NA	NA	NA	NA	NA	NA	NA
hsa-miR-4518|MIMAT0019055	NA	NA	NA	NA	NA	NA	NA	NA	NA	NA	NA	NA	NA	NA	NA	NA	NA	NA	NA	NA	NA	NA	NA	NA	NA	NA	NA	NA	NA	NA	NA	NA	NA	NA	NA	NA	NA	NA	NA	NA	NA	NA	NA	NA	NA
hsa-miR-197-5p|MIMAT0022691	NA	NA	NA	NA	NA	NA	NA	NA	NA	NA	NA	NA	NA	NA	NA	NA	NA	NA	NA	NA	NA	NA	NA	NA	NA	NA	NA	NA	NA	NA	NA	NA	NA	NA	NA	NA	NA	NA	NA	NA	NA	NA	NA	NA	NA
hsa-miR-4520-5p|MIMAT0019235	NA	NA	NA	NA	NA	NA	NA	NA	NA	NA	NA	NA	NA	NA	NA	NA	NA	NA	NA	NA	NA	NA	NA	NA	NA	NA	NA	NA	NA	NA	NA	NA	NA	NA	NA	NA	NA	NA	NA	NA	NA	NA	NA	NA	NA
hsa-miR-4520-3p|MIMAT0019057	NA	NA	NA	NA	NA	NA	NA	NA	NA	NA	NA	NA	NA	NA	NA	NA	NA	NA	NA	NA	NA	NA	NA	NA	NA	NA	NA	NA	NA	NA	NA	NA	NA	NA	NA	NA	NA	NA	NA	NA	NA	NA	NA	NA	NA
hsa-miR-520f-5p|MIMAT0026609	NA	NA	NA	NA	NA	NA	NA	NA	NA	NA	NA	NA	NA	NA	NA	NA	NA	NA	NA	NA	NA	NA	NA	NA	NA	NA	NA	NA	NA	NA	NA	NA	NA	NA	NA	NA	NA	NA	NA	NA	NA	NA	NA	NA	NA
hsa-miR-1269b|MIMAT0019059	NA	NA	NA	NA	NA	NA	NA	NA	NA	NA	NA	NA	NA	NA	NA	NA	NA	NA	NA	NA	NA	NA	NA	NA	NA	NA	NA	NA	NA	NA	NA	NA	NA	NA	NA	NA	NA	NA	NA	NA	NA	NA	NA	NA	NA
hsa-miR-208a-5p|MIMAT0026474	NA	NA	NA	NA	NA	NA	NA	NA	NA	NA	NA	NA	NA	NA	NA	NA	NA	NA	NA	NA	NA	NA	NA	NA	NA	NA	NA	NA	NA	NA	NA	NA	NA	NA	NA	NA	NA	NA	NA	NA	NA	NA	NA	NA	NA
hsa-miR-937-5p|MIMAT0022938	NA	NA	NA	NA	NA	NA	NA	NA	NA	NA	NA	NA	NA	NA	NA	NA	NA	NA	NA	NA	NA	NA	NA	NA	NA	NA	NA	NA	NA	NA	NA	NA	NA	NA	NA	NA	NA	NA	NA	NA	NA	NA	NA	NA	NA
hsa-miR-4524a-5p|MIMAT0019062	NA	NA	NA	NA	NA	NA	NA	NA	NA	NA	NA	NA	NA	NA	NA	NA	NA	NA	NA	NA	NA	NA	NA	NA	NA	NA	NA	NA	NA	NA	NA	NA	NA	NA	NA	NA	NA	NA	NA	NA	NA	NA	NA	NA	NA
hsa-miR-4524a-3p|MIMAT0019063	NA	NA	NA	NA	NA	NA	NA	NA	NA	NA	NA	NA	NA	NA	NA	NA	NA	NA	NA	NA	NA	NA	NA	NA	NA	NA	NA	NA	NA	NA	NA	NA	NA	NA	NA	NA	NA	NA	NA	NA	NA	NA	NA	NA	NA
hsa-miR-4525|MIMAT0019064	NA	NA	NA	NA	NA	NA	NA	NA	NA	NA	NA	NA	NA	NA	NA	NA	NA	NA	NA	NA	NA	NA	NA	NA	NA	NA	NA	NA	NA	NA	NA	NA	NA	NA	NA	NA	NA	NA	NA	NA	NA	NA	NA	NA	NA
hsa-miR-939-3p|MIMAT0022939	NA	NA	NA	NA	NA	NA	NA	NA	NA	NA	NA	NA	NA	NA	NA	NA	NA	NA	NA	NA	NA	NA	NA	NA	NA	NA	NA	NA	NA	NA	NA	NA	NA	NA	NA	NA	NA	NA	NA	NA	NA	NA	NA	NA	NA
hsa-miR-4527|MIMAT0019066	NA	NA	NA	NA	NA	NA	NA	NA	NA	NA	NA	NA	NA	NA	NA	NA	NA	NA	NA	NA	NA	NA	NA	NA	NA	NA	NA	NA	NA	NA	NA	NA	NA	NA	NA	NA	NA	NA	NA	NA	NA	NA	NA	NA	NA
hsa-miR-4528|MIMAT0019067	NA	NA	NA	NA	NA	NA	NA	NA	NA	NA	NA	NA	NA	NA	NA	NA	NA	NA	NA	NA	NA	NA	NA	NA	NA	NA	NA	NA	NA	NA	NA	NA	NA	NA	NA	NA	NA	NA	NA	NA	NA	NA	NA	NA	NA
hsa-miR-4529-5p|MIMAT0019236	NA	NA	NA	NA	NA	NA	NA	NA	NA	NA	NA	NA	NA	NA	NA	NA	NA	NA	NA	NA	NA	NA	NA	NA	NA	NA	NA	NA	NA	NA	NA	NA	NA	NA	NA	NA	NA	NA	NA	NA	NA	NA	NA	NA	NA
hsa-miR-942-3p|MIMAT0026734	NA	NA	NA	NA	NA	NA	NA	NA	NA	NA	NA	NA	NA	NA	NA	NA	NA	NA	NA	NA	NA	NA	NA	NA	NA	NA	NA	NA	NA	NA	NA	NA	NA	NA	NA	NA	NA	NA	NA	NA	NA	NA	NA	NA	NA
hsa-miR-4530|MIMAT0019069	NA	NA	NA	NA	NA	NA	NA	NA	NA	NA	NA	NA	NA	NA	NA	NA	NA	NA	NA	NA	NA	NA	NA	NA	NA	NA	NA	NA	NA	NA	NA	NA	NA	NA	NA	NA	NA	NA	NA	NA	NA	NA	NA	NA	NA
hsa-miR-4531|MIMAT0019070	NA	NA	NA	NA	NA	NA	NA	NA	NA	NA	NA	NA	NA	NA	NA	NA	NA	NA	NA	NA	NA	NA	NA	NA	NA	NA	NA	NA	NA	NA	NA	NA	NA	NA	NA	NA	NA	NA	NA	NA	NA	NA	NA	NA	NA
hsa-miR-4532|MIMAT0019071	NA	NA	NA	NA	NA	NA	NA	NA	NA	NA	NA	NA	NA	NA	NA	NA	NA	NA	NA	NA	NA	NA	NA	NA	NA	NA	NA	NA	NA	NA	NA	NA	NA	NA	NA	NA	NA	NA	NA	NA	NA	NA	NA	NA	NA
hsa-miR-1178-5p|MIMAT0022940	NA	NA	NA	NA	NA	NA	NA	NA	NA	NA	NA	NA	NA	NA	NA	NA	NA	NA	NA	NA	NA	NA	NA	NA	NA	NA	NA	NA	NA	NA	NA	NA	NA	NA	NA	NA	NA	NA	NA	NA	NA	NA	NA	NA	NA
hsa-miR-4534|MIMAT0019073	NA	NA	NA	NA	NA	NA	NA	NA	NA	NA	NA	NA	NA	NA	NA	NA	NA	NA	NA	NA	NA	NA	NA	NA	NA	NA	NA	NA	NA	NA	NA	NA	NA	NA	NA	NA	NA	NA	NA	NA	NA	NA	NA	NA	NA
hsa-miR-378i|MIMAT0019074	NA	NA	NA	NA	NA	NA	NA	NA	NA	NA	NA	NA	NA	NA	NA	NA	NA	NA	NA	NA	NA	NA	NA	NA	NA	NA	NA	NA	NA	NA	NA	NA	NA	NA	NA	NA	NA	NA	NA	NA	NA	NA	NA	NA	NA
hsa-miR-1180-5p|MIMAT0026735	NA	NA	NA	NA	NA	NA	NA	NA	NA	NA	NA	NA	NA	NA	NA	NA	NA	NA	NA	NA	NA	NA	NA	NA	NA	NA	NA	NA	NA	NA	NA	NA	NA	NA	NA	NA	NA	NA	NA	NA	NA	NA	NA	NA	NA
hsa-miR-548am-5p|MIMAT0022740	NA	NA	NA	NA	NA	NA	NA	NA	NA	NA	NA	NA	NA	NA	NA	NA	NA	NA	NA	NA	NA	NA	NA	NA	NA	NA	NA	NA	NA	NA	NA	NA	NA	NA	NA	NA	NA	NA	NA	NA	NA	NA	NA	NA	NA
hsa-miR-548am-3p|MIMAT0019076	NA	NA	NA	NA	NA	NA	NA	NA	NA	NA	NA	NA	NA	NA	NA	NA	NA	NA	NA	NA	NA	NA	NA	NA	NA	NA	NA	NA	NA	NA	NA	NA	NA	NA	NA	NA	NA	NA	NA	NA	NA	NA	NA	NA	NA
hsa-miR-1587|MIMAT0019077	NA	NA	NA	NA	NA	NA	NA	NA	NA	NA	NA	NA	NA	NA	NA	NA	NA	NA	NA	NA	NA	NA	NA	NA	NA	NA	NA	NA	NA	NA	NA	NA	NA	NA	NA	NA	NA	NA	NA	NA	NA	NA	NA	NA	NA
hsa-miR-4536-5p|MIMAT0019078	NA	NA	NA	NA	NA	NA	NA	NA	NA	NA	NA	NA	NA	NA	NA	NA	NA	NA	NA	NA	NA	NA	NA	NA	NA	NA	NA	NA	NA	NA	NA	NA	NA	NA	NA	NA	NA	NA	NA	NA	NA	NA	NA	NA	NA
hsa-miR-4536-3p|MIMAT0020959	NA	NA	NA	NA	NA	NA	NA	NA	NA	NA	NA	NA	NA	NA	NA	NA	NA	NA	NA	NA	NA	NA	NA	NA	NA	NA	NA	NA	NA	NA	NA	NA	NA	NA	NA	NA	NA	NA	NA	NA	NA	NA	NA	NA	NA
hsa-miR-548an|MIMAT0019079	NA	NA	NA	NA	NA	NA	NA	NA	NA	NA	NA	NA	NA	NA	NA	NA	NA	NA	NA	NA	NA	NA	NA	NA	NA	NA	NA	NA	NA	NA	NA	NA	NA	NA	NA	NA	NA	NA	NA	NA	NA	NA	NA	NA	NA
hsa-miR-4537|MIMAT0019080	NA	NA	NA	NA	NA	NA	NA	NA	NA	NA	NA	NA	NA	NA	NA	NA	NA	NA	NA	NA	NA	NA	NA	NA	NA	NA	NA	NA	NA	NA	NA	NA	NA	NA	NA	NA	NA	NA	NA	NA	NA	NA	NA	NA	NA
hsa-miR-4538|MIMAT0019081	NA	NA	NA	NA	NA	NA	NA	NA	NA	NA	NA	NA	NA	NA	NA	NA	NA	NA	NA	NA	NA	NA	NA	NA	NA	NA	NA	NA	NA	NA	NA	NA	NA	NA	NA	NA	NA	NA	NA	NA	NA	NA	NA	NA	NA
hsa-miR-181b-3p|MIMAT0022692	NA	NA	NA	NA	NA	NA	NA	NA	NA	NA	NA	NA	NA	NA	NA	NA	NA	NA	NA	NA	NA	NA	NA	NA	NA	NA	NA	NA	NA	NA	NA	NA	NA	NA	NA	NA	NA	NA	NA	NA	NA	NA	NA	NA	NA
hsa-miR-1227-5p|MIMAT0022941	NA	NA	NA	NA	NA	NA	NA	NA	NA	NA	NA	NA	NA	NA	NA	NA	NA	NA	NA	NA	NA	NA	NA	NA	NA	NA	NA	NA	NA	NA	NA	NA	NA	NA	NA	NA	NA	NA	NA	NA	NA	NA	NA	NA	NA
hsa-miR-3960|MIMAT0019337	NA	NA	NA	NA	NA	NA	NA	NA	NA	NA	NA	NA	NA	NA	NA	NA	NA	NA	NA	NA	NA	NA	NA	NA	NA	NA	NA	NA	NA	NA	NA	NA	NA	NA	NA	NA	NA	NA	NA	NA	NA	NA	NA	NA	NA
hsa-miR-3972|MIMAT0019357	NA	NA	NA	NA	NA	NA	NA	NA	NA	NA	NA	NA	NA	NA	NA	NA	NA	NA	NA	NA	NA	NA	NA	NA	NA	NA	NA	NA	NA	NA	NA	NA	NA	NA	NA	NA	NA	NA	NA	NA	NA	NA	NA	NA	NA
hsa-miR-3973|MIMAT0019358	NA	NA	NA	NA	NA	NA	NA	NA	NA	NA	NA	NA	NA	NA	NA	NA	NA	NA	NA	NA	NA	NA	NA	NA	NA	NA	NA	NA	NA	NA	NA	NA	NA	NA	NA	NA	NA	NA	NA	NA	NA	NA	NA	NA	NA
hsa-miR-1229-5p|MIMAT0022942	NA	NA	NA	NA	NA	NA	NA	NA	NA	NA	NA	NA	NA	NA	NA	NA	NA	NA	NA	NA	NA	NA	NA	NA	NA	NA	NA	NA	NA	NA	NA	NA	NA	NA	NA	NA	NA	NA	NA	NA	NA	NA	NA	NA	NA
hsa-miR-520g-5p|MIMAT0026611	NA	NA	NA	NA	NA	NA	NA	NA	NA	NA	NA	NA	NA	NA	NA	NA	NA	NA	NA	NA	NA	NA	NA	NA	NA	NA	NA	NA	NA	NA	NA	NA	NA	NA	NA	NA	NA	NA	NA	NA	NA	NA	NA	NA	NA
hsa-miR-3976|MIMAT0019361	NA	NA	NA	NA	NA	NA	NA	NA	NA	NA	NA	NA	NA	NA	NA	NA	NA	NA	NA	NA	NA	NA	NA	NA	NA	NA	NA	NA	NA	NA	NA	NA	NA	NA	NA	NA	NA	NA	NA	NA	NA	NA	NA	NA	NA
hsa-miR-1233-5p|MIMAT0022943	NA	NA	NA	NA	NA	NA	NA	NA	NA	NA	NA	NA	NA	NA	NA	NA	NA	NA	NA	NA	NA	NA	NA	NA	NA	NA	NA	NA	NA	NA	NA	NA	NA	NA	NA	NA	NA	NA	NA	NA	NA	NA	NA	NA	NA
hsa-miR-3978|MIMAT0019363	NA	NA	NA	NA	NA	NA	NA	NA	NA	NA	NA	NA	NA	NA	NA	NA	NA	NA	NA	NA	NA	NA	NA	NA	NA	NA	NA	NA	NA	NA	NA	NA	NA	NA	NA	NA	NA	NA	NA	NA	NA	NA	NA	NA	NA
hsa-miR-4632-5p|MIMAT0022977	NA	NA	NA	NA	NA	NA	NA	NA	NA	NA	NA	NA	NA	NA	NA	NA	NA	NA	NA	NA	NA	NA	NA	NA	NA	NA	NA	NA	NA	NA	NA	NA	NA	NA	NA	NA	NA	NA	NA	NA	NA	NA	NA	NA	NA
hsa-miR-1236-5p|MIMAT0022945	NA	NA	NA	NA	NA	NA	NA	NA	NA	NA	NA	NA	NA	NA	NA	NA	NA	NA	NA	NA	NA	NA	NA	NA	NA	NA	NA	NA	NA	NA	NA	NA	NA	NA	NA	NA	NA	NA	NA	NA	NA	NA	NA	NA	NA
hsa-miR-203a-5p|MIMAT0031890	NA	NA	NA	NA	NA	NA	NA	NA	NA	NA	NA	NA	NA	NA	NA	NA	NA	NA	NA	NA	NA	NA	NA	NA	NA	NA	NA	NA	NA	NA	NA	NA	NA	NA	NA	NA	NA	NA	NA	NA	NA	NA	NA	NA	NA
hsa-miR-1237-5p|MIMAT0022946	NA	NA	NA	NA	NA	NA	NA	NA	NA	NA	NA	NA	NA	NA	NA	NA	NA	NA	NA	NA	NA	NA	NA	NA	NA	NA	NA	NA	NA	NA	NA	NA	NA	NA	NA	NA	NA	NA	NA	NA	NA	NA	NA	NA	NA
hsa-miR-4634|MIMAT0019691	NA	NA	NA	NA	NA	NA	NA	NA	NA	NA	NA	NA	NA	NA	NA	NA	NA	NA	NA	NA	NA	NA	NA	NA	NA	NA	NA	NA	NA	NA	NA	NA	NA	NA	NA	NA	NA	NA	NA	NA	NA	NA	NA	NA	NA
hsa-miR-204-3p|MIMAT0022693	NA	NA	NA	NA	NA	NA	NA	NA	NA	NA	NA	NA	NA	NA	NA	NA	NA	NA	NA	NA	NA	NA	NA	NA	NA	NA	NA	NA	NA	NA	NA	NA	NA	NA	NA	NA	NA	NA	NA	NA	NA	NA	NA	NA	NA
hsa-miR-4636|MIMAT0019693	NA	NA	NA	NA	NA	NA	NA	NA	NA	NA	NA	NA	NA	NA	NA	NA	NA	NA	NA	NA	NA	NA	NA	NA	NA	NA	NA	NA	NA	NA	NA	NA	NA	NA	NA	NA	NA	NA	NA	NA	NA	NA	NA	NA	NA
hsa-miR-4637|MIMAT0019694	NA	NA	NA	NA	NA	NA	NA	NA	NA	NA	NA	NA	NA	NA	NA	NA	NA	NA	NA	NA	NA	NA	NA	NA	NA	NA	NA	NA	NA	NA	NA	NA	NA	NA	NA	NA	NA	NA	NA	NA	NA	NA	NA	NA	NA
hsa-miR-210-5p|MIMAT0026475	NA	NA	NA	NA	NA	NA	NA	NA	NA	NA	NA	NA	NA	NA	NA	NA	NA	NA	NA	NA	NA	NA	NA	NA	NA	NA	NA	NA	NA	NA	NA	NA	NA	NA	NA	NA	NA	NA	NA	NA	NA	NA	NA	NA	NA
hsa-miR-4638-3p|MIMAT0019696	NA	NA	NA	NA	NA	NA	NA	NA	NA	NA	NA	NA	NA	NA	NA	NA	NA	NA	NA	NA	NA	NA	NA	NA	NA	NA	NA	NA	NA	NA	NA	NA	NA	NA	NA	NA	NA	NA	NA	NA	NA	NA	NA	NA	NA
hsa-miR-4639-5p|MIMAT0019697	NA	NA	NA	NA	NA	NA	NA	NA	NA	NA	NA	NA	NA	NA	NA	NA	NA	NA	NA	NA	NA	NA	NA	NA	NA	NA	NA	NA	NA	NA	NA	NA	NA	NA	NA	NA	NA	NA	NA	NA	NA	NA	NA	NA	NA
hsa-miR-211-3p|MIMAT0022694	NA	NA	NA	NA	NA	NA	NA	NA	NA	NA	NA	NA	NA	NA	NA	NA	NA	NA	NA	NA	NA	NA	NA	NA	NA	NA	NA	NA	NA	NA	NA	NA	NA	NA	NA	NA	NA	NA	NA	NA	NA	NA	NA	NA	NA
hsa-miR-212-5p|MIMAT0022695	NA	NA	NA	NA	NA	NA	NA	NA	NA	NA	NA	NA	NA	NA	NA	NA	NA	NA	NA	NA	NA	NA	NA	NA	NA	NA	NA	NA	NA	NA	NA	NA	NA	NA	NA	NA	NA	NA	NA	NA	NA	NA	NA	NA	NA
hsa-miR-4640-3p|MIMAT0019700	NA	NA	NA	NA	NA	NA	NA	NA	NA	NA	NA	NA	NA	NA	NA	NA	NA	NA	NA	NA	NA	NA	NA	NA	NA	NA	NA	NA	NA	NA	NA	NA	NA	NA	NA	NA	NA	NA	NA	NA	NA	NA	NA	NA	NA
hsa-miR-4641|MIMAT0019701	NA	NA	NA	NA	NA	NA	NA	NA	NA	NA	NA	NA	NA	NA	NA	NA	NA	NA	NA	NA	NA	NA	NA	NA	NA	NA	NA	NA	NA	NA	NA	NA	NA	NA	NA	NA	NA	NA	NA	NA	NA	NA	NA	NA	NA
hsa-miR-4642|MIMAT0019702	NA	NA	NA	NA	NA	NA	NA	NA	NA	NA	NA	NA	NA	NA	NA	NA	NA	NA	NA	NA	NA	NA	NA	NA	NA	NA	NA	NA	NA	NA	NA	NA	NA	NA	NA	NA	NA	NA	NA	NA	NA	NA	NA	NA	NA
hsa-miR-4643|MIMAT0019703	NA	NA	NA	NA	NA	NA	NA	NA	NA	NA	NA	NA	NA	NA	NA	NA	NA	NA	NA	NA	NA	NA	NA	NA	NA	NA	NA	NA	NA	NA	NA	NA	NA	NA	NA	NA	NA	NA	NA	NA	NA	NA	NA	NA	NA
hsa-miR-548e-5p|MIMAT0026736	NA	NA	NA	NA	NA	NA	NA	NA	NA	NA	NA	NA	NA	NA	NA	NA	NA	NA	NA	NA	NA	NA	NA	NA	NA	NA	NA	NA	NA	NA	NA	NA	NA	NA	NA	NA	NA	NA	NA	NA	NA	NA	NA	NA	NA
hsa-miR-215-3p|MIMAT0026476	NA	NA	NA	NA	NA	NA	NA	NA	NA	NA	NA	NA	NA	NA	NA	NA	NA	NA	NA	NA	NA	NA	NA	NA	NA	NA	NA	NA	NA	NA	NA	NA	NA	NA	NA	NA	NA	NA	NA	NA	NA	NA	NA	NA	NA
hsa-miR-4645-3p|MIMAT0019706	NA	NA	NA	NA	NA	NA	NA	NA	NA	NA	NA	NA	NA	NA	NA	NA	NA	NA	NA	NA	NA	NA	NA	NA	NA	NA	NA	NA	NA	NA	NA	NA	NA	NA	NA	NA	NA	NA	NA	NA	NA	NA	NA	NA	NA
hsa-miR-216a-3p|MIMAT0022844	NA	NA	NA	NA	NA	NA	NA	NA	NA	NA	NA	NA	NA	NA	NA	NA	NA	NA	NA	NA	NA	NA	NA	NA	NA	NA	NA	NA	NA	NA	NA	NA	NA	NA	NA	NA	NA	NA	NA	NA	NA	NA	NA	NA	NA
hsa-miR-1285-5p|MIMAT0022719	NA	NA	NA	NA	NA	NA	NA	NA	NA	NA	NA	NA	NA	NA	NA	NA	NA	NA	NA	NA	NA	NA	NA	NA	NA	NA	NA	NA	NA	NA	NA	NA	NA	NA	NA	NA	NA	NA	NA	NA	NA	NA	NA	NA	NA
hsa-miR-4647|MIMAT0019709	NA	NA	NA	NA	NA	NA	NA	NA	NA	NA	NA	NA	NA	NA	NA	NA	NA	NA	NA	NA	NA	NA	NA	NA	NA	NA	NA	NA	NA	NA	NA	NA	NA	NA	NA	NA	NA	NA	NA	NA	NA	NA	NA	NA	NA
hsa-miR-450a-2-3p|MIMAT0031074	NA	NA	NA	NA	NA	NA	NA	NA	NA	NA	NA	NA	NA	NA	NA	NA	NA	NA	NA	NA	NA	NA	NA	NA	NA	NA	NA	NA	NA	NA	NA	NA	NA	NA	NA	NA	NA	NA	NA	NA	NA	NA	NA	NA	NA
hsa-miR-4649-5p|MIMAT0019711	NA	NA	NA	NA	NA	NA	NA	NA	NA	NA	NA	NA	NA	NA	NA	NA	NA	NA	NA	NA	NA	NA	NA	NA	NA	NA	NA	NA	NA	NA	NA	NA	NA	NA	NA	NA	NA	NA	NA	NA	NA	NA	NA	NA	NA
hsa-miR-503-3p|MIMAT0022925	NA	NA	NA	NA	NA	NA	NA	NA	NA	NA	NA	NA	NA	NA	NA	NA	NA	NA	NA	NA	NA	NA	NA	NA	NA	NA	NA	NA	NA	NA	NA	NA	NA	NA	NA	NA	NA	NA	NA	NA	NA	NA	NA	NA	NA
hsa-miR-4650-5p|MIMAT0019713	NA	NA	NA	NA	NA	NA	NA	NA	NA	NA	NA	NA	NA	NA	NA	NA	NA	NA	NA	NA	NA	NA	NA	NA	NA	NA	NA	NA	NA	NA	NA	NA	NA	NA	NA	NA	NA	NA	NA	NA	NA	NA	NA	NA	NA
hsa-miR-504-3p|MIMAT0026612	NA	NA	NA	NA	NA	NA	NA	NA	NA	NA	NA	NA	NA	NA	NA	NA	NA	NA	NA	NA	NA	NA	NA	NA	NA	NA	NA	NA	NA	NA	NA	NA	NA	NA	NA	NA	NA	NA	NA	NA	NA	NA	NA	NA	NA
hsa-miR-4651|MIMAT0019715	NA	NA	NA	NA	NA	NA	NA	NA	NA	NA	NA	NA	NA	NA	NA	NA	NA	NA	NA	NA	NA	NA	NA	NA	NA	NA	NA	NA	NA	NA	NA	NA	NA	NA	NA	NA	NA	NA	NA	NA	NA	NA	NA	NA	NA
hsa-miR-4652-5p|MIMAT0019716	NA	NA	NA	NA	NA	NA	NA	NA	NA	NA	NA	NA	NA	NA	NA	NA	NA	NA	NA	NA	NA	NA	NA	NA	NA	NA	NA	NA	NA	NA	NA	NA	NA	NA	NA	NA	NA	NA	NA	NA	NA	NA	NA	NA	NA
hsa-miR-4652-3p|MIMAT0019717	NA	NA	NA	NA	NA	NA	NA	NA	NA	NA	NA	NA	NA	NA	NA	NA	NA	NA	NA	NA	NA	NA	NA	NA	NA	NA	NA	NA	NA	NA	NA	NA	NA	NA	NA	NA	NA	NA	NA	NA	NA	NA	NA	NA	NA
hsa-miR-4653-5p|MIMAT0019718	NA	NA	NA	NA	NA	NA	NA	NA	NA	NA	NA	NA	NA	NA	NA	NA	NA	NA	NA	NA	NA	NA	NA	NA	NA	NA	NA	NA	NA	NA	NA	NA	NA	NA	NA	NA	NA	NA	NA	NA	NA	NA	NA	NA	NA
hsa-miR-506-5p|MIMAT0022701	NA	NA	NA	NA	NA	NA	NA	NA	NA	NA	NA	NA	NA	NA	NA	NA	NA	NA	NA	NA	NA	NA	NA	NA	NA	NA	NA	NA	NA	NA	NA	NA	NA	NA	NA	NA	NA	NA	NA	NA	NA	NA	NA	NA	NA
hsa-miR-4654|MIMAT0019720	NA	NA	NA	NA	NA	NA	NA	NA	NA	NA	NA	NA	NA	NA	NA	NA	NA	NA	NA	NA	NA	NA	NA	NA	NA	NA	NA	NA	NA	NA	NA	NA	NA	NA	NA	NA	NA	NA	NA	NA	NA	NA	NA	NA	NA
hsa-miR-4655-5p|MIMAT0019721	NA	NA	NA	NA	NA	NA	NA	NA	NA	NA	NA	NA	NA	NA	NA	NA	NA	NA	NA	NA	NA	NA	NA	NA	NA	NA	NA	NA	NA	NA	NA	NA	NA	NA	NA	NA	NA	NA	NA	NA	NA	NA	NA	NA	NA
hsa-miR-4655-3p|MIMAT0019722	NA	NA	NA	NA	NA	NA	NA	NA	NA	NA	NA	NA	NA	NA	NA	NA	NA	NA	NA	NA	NA	NA	NA	NA	NA	NA	NA	NA	NA	NA	NA	NA	NA	NA	NA	NA	NA	NA	NA	NA	NA	NA	NA	NA	NA
hsa-miR-4656|MIMAT0019723	NA	NA	NA	NA	NA	NA	NA	NA	NA	NA	NA	NA	NA	NA	NA	NA	NA	NA	NA	NA	NA	NA	NA	NA	NA	NA	NA	NA	NA	NA	NA	NA	NA	NA	NA	NA	NA	NA	NA	NA	NA	NA	NA	NA	NA
hsa-miR-3606-3p|MIMAT0022965	NA	NA	NA	NA	NA	NA	NA	NA	NA	NA	NA	NA	NA	NA	NA	NA	NA	NA	NA	NA	NA	NA	NA	NA	NA	NA	NA	NA	NA	NA	NA	NA	NA	NA	NA	NA	NA	NA	NA	NA	NA	NA	NA	NA	NA
hsa-miR-4658|MIMAT0019725	NA	NA	NA	NA	NA	NA	NA	NA	NA	NA	NA	NA	NA	NA	NA	NA	NA	NA	NA	NA	NA	NA	NA	NA	NA	NA	NA	NA	NA	NA	NA	NA	NA	NA	NA	NA	NA	NA	NA	NA	NA	NA	NA	NA	NA
hsa-miR-1304-3p|MIMAT0022720	NA	NA	NA	NA	NA	NA	NA	NA	NA	NA	NA	NA	NA	NA	NA	NA	NA	NA	NA	NA	NA	NA	NA	NA	NA	NA	NA	NA	NA	NA	NA	NA	NA	NA	NA	NA	NA	NA	NA	NA	NA	NA	NA	NA	NA
hsa-miR-510-3p|MIMAT0026613	NA	NA	NA	NA	NA	NA	NA	NA	NA	NA	NA	NA	NA	NA	NA	NA	NA	NA	NA	NA	NA	NA	NA	NA	NA	NA	NA	NA	NA	NA	NA	NA	NA	NA	NA	NA	NA	NA	NA	NA	NA	NA	NA	NA	NA
hsa-miR-514a-5p|MIMAT0022702	NA	NA	NA	NA	NA	NA	NA	NA	NA	NA	NA	NA	NA	NA	NA	NA	NA	NA	NA	NA	NA	NA	NA	NA	NA	NA	NA	NA	NA	NA	NA	NA	NA	NA	NA	NA	NA	NA	NA	NA	NA	NA	NA	NA	NA
hsa-miR-548f-5p|MIMAT0026739	NA	NA	NA	NA	NA	NA	NA	NA	NA	NA	NA	NA	NA	NA	NA	NA	NA	NA	NA	NA	NA	NA	NA	NA	NA	NA	NA	NA	NA	NA	NA	NA	NA	NA	NA	NA	NA	NA	NA	NA	NA	NA	NA	NA	NA
hsa-miR-4661-3p|MIMAT0019730	NA	NA	NA	NA	NA	NA	NA	NA	NA	NA	NA	NA	NA	NA	NA	NA	NA	NA	NA	NA	NA	NA	NA	NA	NA	NA	NA	NA	NA	NA	NA	NA	NA	NA	NA	NA	NA	NA	NA	NA	NA	NA	NA	NA	NA
hsa-miR-4662a-5p|MIMAT0019731	NA	NA	NA	NA	NA	NA	NA	NA	NA	NA	NA	NA	NA	NA	NA	NA	NA	NA	NA	NA	NA	NA	NA	NA	NA	NA	NA	NA	NA	NA	NA	NA	NA	NA	NA	NA	NA	NA	NA	NA	NA	NA	NA	NA	NA
hsa-miR-4662a-3p|MIMAT0019732	NA	NA	NA	NA	NA	NA	NA	NA	NA	NA	NA	NA	NA	NA	NA	NA	NA	NA	NA	NA	NA	NA	NA	NA	NA	NA	NA	NA	NA	NA	NA	NA	NA	NA	NA	NA	NA	NA	NA	NA	NA	NA	NA	NA	NA
hsa-miR-4659b-5p|MIMAT0019733	NA	NA	NA	NA	NA	NA	NA	NA	NA	NA	NA	NA	NA	NA	NA	NA	NA	NA	NA	NA	NA	NA	NA	NA	NA	NA	NA	NA	NA	NA	NA	NA	NA	NA	NA	NA	NA	NA	NA	NA	NA	NA	NA	NA	NA
hsa-miR-4659b-3p|MIMAT0019734	NA	NA	NA	NA	NA	NA	NA	NA	NA	NA	NA	NA	NA	NA	NA	NA	NA	NA	NA	NA	NA	NA	NA	NA	NA	NA	NA	NA	NA	NA	NA	NA	NA	NA	NA	NA	NA	NA	NA	NA	NA	NA	NA	NA	NA
hsa-miR-539-3p|MIMAT0022705	NA	NA	NA	NA	NA	NA	NA	NA	NA	NA	NA	NA	NA	NA	NA	NA	NA	NA	NA	NA	NA	NA	NA	NA	NA	NA	NA	NA	NA	NA	NA	NA	NA	NA	NA	NA	NA	NA	NA	NA	NA	NA	NA	NA	NA
hsa-miR-4662b|MIMAT0019736	NA	NA	NA	NA	NA	NA	NA	NA	NA	NA	NA	NA	NA	NA	NA	NA	NA	NA	NA	NA	NA	NA	NA	NA	NA	NA	NA	NA	NA	NA	NA	NA	NA	NA	NA	NA	NA	NA	NA	NA	NA	NA	NA	NA	NA
hsa-miR-1249-5p|MIMAT0032029	NA	NA	NA	NA	NA	NA	NA	NA	NA	NA	NA	NA	NA	NA	NA	NA	NA	NA	NA	NA	NA	NA	NA	NA	NA	NA	NA	NA	NA	NA	NA	NA	NA	NA	NA	NA	NA	NA	NA	NA	NA	NA	NA	NA	NA
hsa-miR-4664-3p|MIMAT0019738	NA	NA	NA	NA	NA	NA	NA	NA	NA	NA	NA	NA	NA	NA	NA	NA	NA	NA	NA	NA	NA	NA	NA	NA	NA	NA	NA	NA	NA	NA	NA	NA	NA	NA	NA	NA	NA	NA	NA	NA	NA	NA	NA	NA	NA
hsa-miR-376a-2-5p|MIMAT0022928	NA	NA	NA	NA	NA	NA	NA	NA	NA	NA	NA	NA	NA	NA	NA	NA	NA	NA	NA	NA	NA	NA	NA	NA	NA	NA	NA	NA	NA	NA	NA	NA	NA	NA	NA	NA	NA	NA	NA	NA	NA	NA	NA	NA	NA
hsa-miR-487b-5p|MIMAT0026614	NA	NA	NA	NA	NA	NA	NA	NA	NA	NA	NA	NA	NA	NA	NA	NA	NA	NA	NA	NA	NA	NA	NA	NA	NA	NA	NA	NA	NA	NA	NA	NA	NA	NA	NA	NA	NA	NA	NA	NA	NA	NA	NA	NA	NA
hsa-miR-4666a-5p|MIMAT0019741	NA	NA	NA	NA	NA	NA	NA	NA	NA	NA	NA	NA	NA	NA	NA	NA	NA	NA	NA	NA	NA	NA	NA	NA	NA	NA	NA	NA	NA	NA	NA	NA	NA	NA	NA	NA	NA	NA	NA	NA	NA	NA	NA	NA	NA
hsa-miR-1251-3p|MIMAT0026741	NA	NA	NA	NA	NA	NA	NA	NA	NA	NA	NA	NA	NA	NA	NA	NA	NA	NA	NA	NA	NA	NA	NA	NA	NA	NA	NA	NA	NA	NA	NA	NA	NA	NA	NA	NA	NA	NA	NA	NA	NA	NA	NA	NA	NA
hsa-miR-128-1-5p|MIMAT0026477	NA	NA	NA	NA	NA	NA	NA	NA	NA	NA	NA	NA	NA	NA	NA	NA	NA	NA	NA	NA	NA	NA	NA	NA	NA	NA	NA	NA	NA	NA	NA	NA	NA	NA	NA	NA	NA	NA	NA	NA	NA	NA	NA	NA	NA
hsa-miR-3620-5p|MIMAT0022967	NA	NA	NA	NA	NA	NA	NA	NA	NA	NA	NA	NA	NA	NA	NA	NA	NA	NA	NA	NA	NA	NA	NA	NA	NA	NA	NA	NA	NA	NA	NA	NA	NA	NA	NA	NA	NA	NA	NA	NA	NA	NA	NA	NA	NA
hsa-miR-4668-5p|MIMAT0019745	NA	NA	NA	NA	NA	NA	NA	NA	NA	NA	NA	NA	NA	NA	NA	NA	NA	NA	NA	NA	NA	NA	NA	NA	NA	NA	NA	NA	NA	NA	NA	NA	NA	NA	NA	NA	NA	NA	NA	NA	NA	NA	NA	NA	NA
hsa-miR-4668-3p|MIMAT0019746	NA	NA	NA	NA	NA	NA	NA	NA	NA	NA	NA	NA	NA	NA	NA	NA	NA	NA	NA	NA	NA	NA	NA	NA	NA	NA	NA	NA	NA	NA	NA	NA	NA	NA	NA	NA	NA	NA	NA	NA	NA	NA	NA	NA	NA
hsa-miR-219b-5p|MIMAT0019747	NA	NA	NA	NA	NA	NA	NA	NA	NA	NA	NA	NA	NA	NA	NA	NA	NA	NA	NA	NA	NA	NA	NA	NA	NA	NA	NA	NA	NA	NA	NA	NA	NA	NA	NA	NA	NA	NA	NA	NA	NA	NA	NA	NA	NA
hsa-miR-219b-3p|MIMAT0019748	NA	NA	NA	NA	NA	NA	NA	NA	NA	NA	NA	NA	NA	NA	NA	NA	NA	NA	NA	NA	NA	NA	NA	NA	NA	NA	NA	NA	NA	NA	NA	NA	NA	NA	NA	NA	NA	NA	NA	NA	NA	NA	NA	NA	NA
hsa-miR-133a-5p|MIMAT0026478	NA	NA	NA	NA	NA	NA	NA	NA	NA	NA	NA	NA	NA	NA	NA	NA	NA	NA	NA	NA	NA	NA	NA	NA	NA	NA	NA	NA	NA	NA	NA	NA	NA	NA	NA	NA	NA	NA	NA	NA	NA	NA	NA	NA	NA
hsa-miR-548g-5p|MIMAT0022722	NA	NA	NA	NA	NA	NA	NA	NA	NA	NA	NA	NA	NA	NA	NA	NA	NA	NA	NA	NA	NA	NA	NA	NA	NA	NA	NA	NA	NA	NA	NA	NA	NA	NA	NA	NA	NA	NA	NA	NA	NA	NA	NA	NA	NA
hsa-miR-4670-3p|MIMAT0019751	NA	NA	NA	NA	NA	NA	NA	NA	NA	NA	NA	NA	NA	NA	NA	NA	NA	NA	NA	NA	NA	NA	NA	NA	NA	NA	NA	NA	NA	NA	NA	NA	NA	NA	NA	NA	NA	NA	NA	NA	NA	NA	NA	NA	NA
hsa-miR-4671-5p|MIMAT0019752	NA	NA	NA	NA	NA	NA	NA	NA	NA	NA	NA	NA	NA	NA	NA	NA	NA	NA	NA	NA	NA	NA	NA	NA	NA	NA	NA	NA	NA	NA	NA	NA	NA	NA	NA	NA	NA	NA	NA	NA	NA	NA	NA	NA	NA
hsa-miR-4671-3p|MIMAT0019753	NA	NA	NA	NA	NA	NA	NA	NA	NA	NA	NA	NA	NA	NA	NA	NA	NA	NA	NA	NA	NA	NA	NA	NA	NA	NA	NA	NA	NA	NA	NA	NA	NA	NA	NA	NA	NA	NA	NA	NA	NA	NA	NA	NA	NA
hsa-miR-4672|MIMAT0019754	NA	NA	NA	NA	NA	NA	NA	NA	NA	NA	NA	NA	NA	NA	NA	NA	NA	NA	NA	NA	NA	NA	NA	NA	NA	NA	NA	NA	NA	NA	NA	NA	NA	NA	NA	NA	NA	NA	NA	NA	NA	NA	NA	NA	NA
hsa-miR-561-5p|MIMAT0022706	NA	NA	NA	NA	NA	NA	NA	NA	NA	NA	NA	NA	NA	NA	NA	NA	NA	NA	NA	NA	NA	NA	NA	NA	NA	NA	NA	NA	NA	NA	NA	NA	NA	NA	NA	NA	NA	NA	NA	NA	NA	NA	NA	NA	NA
hsa-miR-4674|MIMAT0019756	NA	NA	NA	NA	NA	NA	NA	NA	NA	NA	NA	NA	NA	NA	NA	NA	NA	NA	NA	NA	NA	NA	NA	NA	NA	NA	NA	NA	NA	NA	NA	NA	NA	NA	NA	NA	NA	NA	NA	NA	NA	NA	NA	NA	NA
hsa-miR-3653-5p|MIMAT0032110	NA	NA	NA	NA	NA	NA	NA	NA	NA	NA	NA	NA	NA	NA	NA	NA	NA	NA	NA	NA	NA	NA	NA	NA	NA	NA	NA	NA	NA	NA	NA	NA	NA	NA	NA	NA	NA	NA	NA	NA	NA	NA	NA	NA	NA
hsa-miR-4676-5p|MIMAT0019758	NA	NA	NA	NA	NA	NA	NA	NA	NA	NA	NA	NA	NA	NA	NA	NA	NA	NA	NA	NA	NA	NA	NA	NA	NA	NA	NA	NA	NA	NA	NA	NA	NA	NA	NA	NA	NA	NA	NA	NA	NA	NA	NA	NA	NA
hsa-miR-4676-3p|MIMAT0019759	NA	NA	NA	NA	NA	NA	NA	NA	NA	NA	NA	NA	NA	NA	NA	NA	NA	NA	NA	NA	NA	NA	NA	NA	NA	NA	NA	NA	NA	NA	NA	NA	NA	NA	NA	NA	NA	NA	NA	NA	NA	NA	NA	NA	NA
hsa-miR-1266-3p|MIMAT0026742	NA	NA	NA	NA	NA	NA	NA	NA	NA	NA	NA	NA	NA	NA	NA	NA	NA	NA	NA	NA	NA	NA	NA	NA	NA	NA	NA	NA	NA	NA	NA	NA	NA	NA	NA	NA	NA	NA	NA	NA	NA	NA	NA	NA	NA
hsa-miR-4677-3p|MIMAT0019761	NA	NA	NA	NA	NA	NA	NA	NA	NA	NA	NA	NA	NA	NA	NA	NA	NA	NA	NA	NA	NA	NA	NA	NA	NA	NA	NA	NA	NA	NA	NA	NA	NA	NA	NA	NA	NA	NA	NA	NA	NA	NA	NA	NA	NA
hsa-miR-4678|MIMAT0019762	NA	NA	NA	NA	NA	NA	NA	NA	NA	NA	NA	NA	NA	NA	NA	NA	NA	NA	NA	NA	NA	NA	NA	NA	NA	NA	NA	NA	NA	NA	NA	NA	NA	NA	NA	NA	NA	NA	NA	NA	NA	NA	NA	NA	NA
hsa-miR-4679|MIMAT0019763	NA	NA	NA	NA	NA	NA	NA	NA	NA	NA	NA	NA	NA	NA	NA	NA	NA	NA	NA	NA	NA	NA	NA	NA	NA	NA	NA	NA	NA	NA	NA	NA	NA	NA	NA	NA	NA	NA	NA	NA	NA	NA	NA	NA	NA
hsa-miR-4680-5p|MIMAT0019764	NA	NA	NA	NA	NA	NA	NA	NA	NA	NA	NA	NA	NA	NA	NA	NA	NA	NA	NA	NA	NA	NA	NA	NA	NA	NA	NA	NA	NA	NA	NA	NA	NA	NA	NA	NA	NA	NA	NA	NA	NA	NA	NA	NA	NA
hsa-miR-4680-3p|MIMAT0019765	NA	NA	NA	NA	NA	NA	NA	NA	NA	NA	NA	NA	NA	NA	NA	NA	NA	NA	NA	NA	NA	NA	NA	NA	NA	NA	NA	NA	NA	NA	NA	NA	NA	NA	NA	NA	NA	NA	NA	NA	NA	NA	NA	NA	NA
hsa-miR-570-5p|MIMAT0022707	NA	NA	NA	NA	NA	NA	NA	NA	NA	NA	NA	NA	NA	NA	NA	NA	NA	NA	NA	NA	NA	NA	NA	NA	NA	NA	NA	NA	NA	NA	NA	NA	NA	NA	NA	NA	NA	NA	NA	NA	NA	NA	NA	NA	NA
hsa-miR-4682|MIMAT0019767	NA	NA	NA	NA	NA	NA	NA	NA	NA	NA	NA	NA	NA	NA	NA	NA	NA	NA	NA	NA	NA	NA	NA	NA	NA	NA	NA	NA	NA	NA	NA	NA	NA	NA	NA	NA	NA	NA	NA	NA	NA	NA	NA	NA	NA
hsa-miR-152-5p|MIMAT0026479	NA	NA	NA	NA	NA	NA	NA	NA	NA	NA	NA	NA	NA	NA	NA	NA	NA	NA	NA	NA	NA	NA	NA	NA	NA	NA	NA	NA	NA	NA	NA	NA	NA	NA	NA	NA	NA	NA	NA	NA	NA	NA	NA	NA	NA
hsa-miR-4684-5p|MIMAT0019769	NA	NA	NA	NA	NA	NA	NA	NA	NA	NA	NA	NA	NA	NA	NA	NA	NA	NA	NA	NA	NA	NA	NA	NA	NA	NA	NA	NA	NA	NA	NA	NA	NA	NA	NA	NA	NA	NA	NA	NA	NA	NA	NA	NA	NA
hsa-miR-4684-3p|MIMAT0019770	NA	NA	NA	NA	NA	NA	NA	NA	NA	NA	NA	NA	NA	NA	NA	NA	NA	NA	NA	NA	NA	NA	NA	NA	NA	NA	NA	NA	NA	NA	NA	NA	NA	NA	NA	NA	NA	NA	NA	NA	NA	NA	NA	NA	NA
hsa-miR-153-5p|MIMAT0026480	NA	NA	NA	NA	NA	NA	NA	NA	NA	NA	NA	NA	NA	NA	NA	NA	NA	NA	NA	NA	NA	NA	NA	NA	NA	NA	NA	NA	NA	NA	NA	NA	NA	NA	NA	NA	NA	NA	NA	NA	NA	NA	NA	NA	NA
hsa-miR-3664-3p|MIMAT0019220	NA	NA	NA	NA	NA	NA	NA	NA	NA	NA	NA	NA	NA	NA	NA	NA	NA	NA	NA	NA	NA	NA	NA	NA	NA	NA	NA	NA	NA	NA	NA	NA	NA	NA	NA	NA	NA	NA	NA	NA	NA	NA	NA	NA	NA
hsa-miR-1277-5p|MIMAT0022724	NA	NA	NA	NA	NA	NA	NA	NA	NA	NA	NA	NA	NA	NA	NA	NA	NA	NA	NA	NA	NA	NA	NA	NA	NA	NA	NA	NA	NA	NA	NA	NA	NA	NA	NA	NA	NA	NA	NA	NA	NA	NA	NA	NA	NA
hsa-miR-4687-5p|MIMAT0019774	NA	NA	NA	NA	NA	NA	NA	NA	NA	NA	NA	NA	NA	NA	NA	NA	NA	NA	NA	NA	NA	NA	NA	NA	NA	NA	NA	NA	NA	NA	NA	NA	NA	NA	NA	NA	NA	NA	NA	NA	NA	NA	NA	NA	NA
hsa-miR-4687-3p|MIMAT0019775	NA	NA	NA	NA	NA	NA	NA	NA	NA	NA	NA	NA	NA	NA	NA	NA	NA	NA	NA	NA	NA	NA	NA	NA	NA	NA	NA	NA	NA	NA	NA	NA	NA	NA	NA	NA	NA	NA	NA	NA	NA	NA	NA	NA	NA
hsa-miR-1343-5p|MIMAT0027038	NA	NA	NA	NA	NA	NA	NA	NA	NA	NA	NA	NA	NA	NA	NA	NA	NA	NA	NA	NA	NA	NA	NA	NA	NA	NA	NA	NA	NA	NA	NA	NA	NA	NA	NA	NA	NA	NA	NA	NA	NA	NA	NA	NA	NA
hsa-miR-1343-3p|MIMAT0019776	NA	NA	NA	NA	NA	NA	NA	NA	NA	NA	NA	NA	NA	NA	NA	NA	NA	NA	NA	NA	NA	NA	NA	NA	NA	NA	NA	NA	NA	NA	NA	NA	NA	NA	NA	NA	NA	NA	NA	NA	NA	NA	NA	NA	NA
hsa-miR-579-5p|MIMAT0026616	NA	NA	NA	NA	NA	NA	NA	NA	NA	NA	NA	NA	NA	NA	NA	NA	NA	NA	NA	NA	NA	NA	NA	NA	NA	NA	NA	NA	NA	NA	NA	NA	NA	NA	NA	NA	NA	NA	NA	NA	NA	NA	NA	NA	NA
hsa-miR-4689|MIMAT0019778	NA	NA	NA	NA	NA	NA	NA	NA	NA	NA	NA	NA	NA	NA	NA	NA	NA	NA	NA	NA	NA	NA	NA	NA	NA	NA	NA	NA	NA	NA	NA	NA	NA	NA	NA	NA	NA	NA	NA	NA	NA	NA	NA	NA	NA
hsa-miR-580-5p|MIMAT0026617	NA	NA	NA	NA	NA	NA	NA	NA	NA	NA	NA	NA	NA	NA	NA	NA	NA	NA	NA	NA	NA	NA	NA	NA	NA	NA	NA	NA	NA	NA	NA	NA	NA	NA	NA	NA	NA	NA	NA	NA	NA	NA	NA	NA	NA
hsa-miR-4690-3p|MIMAT0019780	NA	NA	NA	NA	NA	NA	NA	NA	NA	NA	NA	NA	NA	NA	NA	NA	NA	NA	NA	NA	NA	NA	NA	NA	NA	NA	NA	NA	NA	NA	NA	NA	NA	NA	NA	NA	NA	NA	NA	NA	NA	NA	NA	NA	NA
hsa-miR-1288-5p|MIMAT0026743	NA	NA	NA	NA	NA	NA	NA	NA	NA	NA	NA	NA	NA	NA	NA	NA	NA	NA	NA	NA	NA	NA	NA	NA	NA	NA	NA	NA	NA	NA	NA	NA	NA	NA	NA	NA	NA	NA	NA	NA	NA	NA	NA	NA	NA
hsa-miR-4691-3p|MIMAT0019782	NA	NA	NA	NA	NA	NA	NA	NA	NA	NA	NA	NA	NA	NA	NA	NA	NA	NA	NA	NA	NA	NA	NA	NA	NA	NA	NA	NA	NA	NA	NA	NA	NA	NA	NA	NA	NA	NA	NA	NA	NA	NA	NA	NA	NA
hsa-miR-3677-5p|MIMAT0019221	NA	NA	NA	NA	NA	NA	NA	NA	NA	NA	NA	NA	NA	NA	NA	NA	NA	NA	NA	NA	NA	NA	NA	NA	NA	NA	NA	NA	NA	NA	NA	NA	NA	NA	NA	NA	NA	NA	NA	NA	NA	NA	NA	NA	NA
hsa-miR-134-3p|MIMAT0026481	NA	NA	NA	NA	NA	NA	NA	NA	NA	NA	NA	NA	NA	NA	NA	NA	NA	NA	NA	NA	NA	NA	NA	NA	NA	NA	NA	NA	NA	NA	NA	NA	NA	NA	NA	NA	NA	NA	NA	NA	NA	NA	NA	NA	NA
hsa-miR-4693-3p|MIMAT0019785	NA	NA	NA	NA	NA	NA	NA	NA	NA	NA	NA	NA	NA	NA	NA	NA	NA	NA	NA	NA	NA	NA	NA	NA	NA	NA	NA	NA	NA	NA	NA	NA	NA	NA	NA	NA	NA	NA	NA	NA	NA	NA	NA	NA	NA
hsa-miR-584-3p|MIMAT0022708	NA	NA	NA	NA	NA	NA	NA	NA	NA	NA	NA	NA	NA	NA	NA	NA	NA	NA	NA	NA	NA	NA	NA	NA	NA	NA	NA	NA	NA	NA	NA	NA	NA	NA	NA	NA	NA	NA	NA	NA	NA	NA	NA	NA	NA
hsa-miR-585-5p|MIMAT0026618	NA	NA	NA	NA	NA	NA	NA	NA	NA	NA	NA	NA	NA	NA	NA	NA	NA	NA	NA	NA	NA	NA	NA	NA	NA	NA	NA	NA	NA	NA	NA	NA	NA	NA	NA	NA	NA	NA	NA	NA	NA	NA	NA	NA	NA
hsa-miR-1255b-2-3p|MIMAT0022725	NA	NA	NA	NA	NA	NA	NA	NA	NA	NA	NA	NA	NA	NA	NA	NA	NA	NA	NA	NA	NA	NA	NA	NA	NA	NA	NA	NA	NA	NA	NA	NA	NA	NA	NA	NA	NA	NA	NA	NA	NA	NA	NA	NA	NA
hsa-miR-4695-3p|MIMAT0019789	NA	NA	NA	NA	NA	NA	NA	NA	NA	NA	NA	NA	NA	NA	NA	NA	NA	NA	NA	NA	NA	NA	NA	NA	NA	NA	NA	NA	NA	NA	NA	NA	NA	NA	NA	NA	NA	NA	NA	NA	NA	NA	NA	NA	NA
hsa-miR-4696|MIMAT0019790	NA	NA	NA	NA	NA	NA	NA	NA	NA	NA	NA	NA	NA	NA	NA	NA	NA	NA	NA	NA	NA	NA	NA	NA	NA	NA	NA	NA	NA	NA	NA	NA	NA	NA	NA	NA	NA	NA	NA	NA	NA	NA	NA	NA	NA
hsa-miR-1306-5p|MIMAT0022726	NA	NA	NA	NA	NA	NA	NA	NA	NA	NA	NA	NA	NA	NA	NA	NA	NA	NA	NA	NA	NA	NA	NA	NA	NA	NA	NA	NA	NA	NA	NA	NA	NA	NA	NA	NA	NA	NA	NA	NA	NA	NA	NA	NA	NA
hsa-miR-4697-3p|MIMAT0019792	NA	NA	NA	NA	NA	NA	NA	NA	NA	NA	NA	NA	NA	NA	NA	NA	NA	NA	NA	NA	NA	NA	NA	NA	NA	NA	NA	NA	NA	NA	NA	NA	NA	NA	NA	NA	NA	NA	NA	NA	NA	NA	NA	NA	NA
hsa-miR-1307-5p|MIMAT0022727	NA	NA	NA	NA	NA	NA	NA	NA	NA	NA	NA	NA	NA	NA	NA	NA	NA	NA	NA	NA	NA	NA	NA	NA	NA	NA	NA	NA	NA	NA	NA	NA	NA	NA	NA	NA	NA	NA	NA	NA	NA	NA	NA	NA	NA
hsa-miR-4699-5p|MIMAT0019794	NA	NA	NA	NA	NA	NA	NA	NA	NA	NA	NA	NA	NA	NA	NA	NA	NA	NA	NA	NA	NA	NA	NA	NA	NA	NA	NA	NA	NA	NA	NA	NA	NA	NA	NA	NA	NA	NA	NA	NA	NA	NA	NA	NA	NA
hsa-miR-4699-3p|MIMAT0019795	NA	NA	NA	NA	NA	NA	NA	NA	NA	NA	NA	NA	NA	NA	NA	NA	NA	NA	NA	NA	NA	NA	NA	NA	NA	NA	NA	NA	NA	NA	NA	NA	NA	NA	NA	NA	NA	NA	NA	NA	NA	NA	NA	NA	NA
hsa-miR-513b-3p|MIMAT0026749	NA	NA	NA	NA	NA	NA	NA	NA	NA	NA	NA	NA	NA	NA	NA	NA	NA	NA	NA	NA	NA	NA	NA	NA	NA	NA	NA	NA	NA	NA	NA	NA	NA	NA	NA	NA	NA	NA	NA	NA	NA	NA	NA	NA	NA
hsa-miR-4700-3p|MIMAT0019797	NA	NA	NA	NA	NA	NA	NA	NA	NA	NA	NA	NA	NA	NA	NA	NA	NA	NA	NA	NA	NA	NA	NA	NA	NA	NA	NA	NA	NA	NA	NA	NA	NA	NA	NA	NA	NA	NA	NA	NA	NA	NA	NA	NA	NA
hsa-miR-513c-3p|MIMAT0022728	NA	NA	NA	NA	NA	NA	NA	NA	NA	NA	NA	NA	NA	NA	NA	NA	NA	NA	NA	NA	NA	NA	NA	NA	NA	NA	NA	NA	NA	NA	NA	NA	NA	NA	NA	NA	NA	NA	NA	NA	NA	NA	NA	NA	NA
hsa-miR-4701-3p|MIMAT0019799	NA	NA	NA	NA	NA	NA	NA	NA	NA	NA	NA	NA	NA	NA	NA	NA	NA	NA	NA	NA	NA	NA	NA	NA	NA	NA	NA	NA	NA	NA	NA	NA	NA	NA	NA	NA	NA	NA	NA	NA	NA	NA	NA	NA	NA
hsa-miR-3688-5p|MIMAT0019223	NA	NA	NA	NA	NA	NA	NA	NA	NA	NA	NA	NA	NA	NA	NA	NA	NA	NA	NA	NA	NA	NA	NA	NA	NA	NA	NA	NA	NA	NA	NA	NA	NA	NA	NA	NA	NA	NA	NA	NA	NA	NA	NA	NA	NA
hsa-miR-4703-3p|MIMAT0019802	NA	NA	NA	NA	NA	NA	NA	NA	NA	NA	NA	NA	NA	NA	NA	NA	NA	NA	NA	NA	NA	NA	NA	NA	NA	NA	NA	NA	NA	NA	NA	NA	NA	NA	NA	NA	NA	NA	NA	NA	NA	NA	NA	NA	NA
hsa-miR-4704-5p|MIMAT0019803	NA	NA	NA	NA	NA	NA	NA	NA	NA	NA	NA	NA	NA	NA	NA	NA	NA	NA	NA	NA	NA	NA	NA	NA	NA	NA	NA	NA	NA	NA	NA	NA	NA	NA	NA	NA	NA	NA	NA	NA	NA	NA	NA	NA	NA
hsa-miR-4704-3p|MIMAT0019804	NA	NA	NA	NA	NA	NA	NA	NA	NA	NA	NA	NA	NA	NA	NA	NA	NA	NA	NA	NA	NA	NA	NA	NA	NA	NA	NA	NA	NA	NA	NA	NA	NA	NA	NA	NA	NA	NA	NA	NA	NA	NA	NA	NA	NA
hsa-miR-190a-3p|MIMAT0026482	NA	NA	NA	NA	NA	NA	NA	NA	NA	NA	NA	NA	NA	NA	NA	NA	NA	NA	NA	NA	NA	NA	NA	NA	NA	NA	NA	NA	NA	NA	NA	NA	NA	NA	NA	NA	NA	NA	NA	NA	NA	NA	NA	NA	NA
hsa-miR-4706|MIMAT0019806	NA	NA	NA	NA	NA	NA	NA	NA	NA	NA	NA	NA	NA	NA	NA	NA	NA	NA	NA	NA	NA	NA	NA	NA	NA	NA	NA	NA	NA	NA	NA	NA	NA	NA	NA	NA	NA	NA	NA	NA	NA	NA	NA	NA	NA
hsa-miR-1537-5p|MIMAT0026765	NA	NA	NA	NA	NA	NA	NA	NA	NA	NA	NA	NA	NA	NA	NA	NA	NA	NA	NA	NA	NA	NA	NA	NA	NA	NA	NA	NA	NA	NA	NA	NA	NA	NA	NA	NA	NA	NA	NA	NA	NA	NA	NA	NA	NA
hsa-miR-4707-3p|MIMAT0019808	NA	NA	NA	NA	NA	NA	NA	NA	NA	NA	NA	NA	NA	NA	NA	NA	NA	NA	NA	NA	NA	NA	NA	NA	NA	NA	NA	NA	NA	NA	NA	NA	NA	NA	NA	NA	NA	NA	NA	NA	NA	NA	NA	NA	NA
hsa-miR-597-3p|MIMAT0026619	NA	NA	NA	NA	NA	NA	NA	NA	NA	NA	NA	NA	NA	NA	NA	NA	NA	NA	NA	NA	NA	NA	NA	NA	NA	NA	NA	NA	NA	NA	NA	NA	NA	NA	NA	NA	NA	NA	NA	NA	NA	NA	NA	NA	NA
hsa-miR-598-5p|MIMAT0026620	NA	NA	NA	NA	NA	NA	NA	NA	NA	NA	NA	NA	NA	NA	NA	NA	NA	NA	NA	NA	NA	NA	NA	NA	NA	NA	NA	NA	NA	NA	NA	NA	NA	NA	NA	NA	NA	NA	NA	NA	NA	NA	NA	NA	NA
hsa-miR-4709-5p|MIMAT0019811	NA	NA	NA	NA	NA	NA	NA	NA	NA	NA	NA	NA	NA	NA	NA	NA	NA	NA	NA	NA	NA	NA	NA	NA	NA	NA	NA	NA	NA	NA	NA	NA	NA	NA	NA	NA	NA	NA	NA	NA	NA	NA	NA	NA	NA
hsa-miR-4709-3p|MIMAT0019812	NA	NA	NA	NA	NA	NA	NA	NA	NA	NA	NA	NA	NA	NA	NA	NA	NA	NA	NA	NA	NA	NA	NA	NA	NA	NA	NA	NA	NA	NA	NA	NA	NA	NA	NA	NA	NA	NA	NA	NA	NA	NA	NA	NA	NA
hsa-miR-203b-5p|MIMAT0019813	NA	NA	NA	NA	NA	NA	NA	NA	NA	NA	NA	NA	NA	NA	NA	NA	NA	NA	NA	NA	NA	NA	NA	NA	NA	NA	NA	NA	NA	NA	NA	NA	NA	NA	NA	NA	NA	NA	NA	NA	NA	NA	NA	NA	NA
hsa-miR-203b-3p|MIMAT0019814	NA	NA	NA	NA	NA	NA	NA	NA	NA	NA	NA	NA	NA	NA	NA	NA	NA	NA	NA	NA	NA	NA	NA	NA	NA	NA	NA	NA	NA	NA	NA	NA	NA	NA	NA	NA	NA	NA	NA	NA	NA	NA	NA	NA	NA
hsa-miR-1-5p|MIMAT0031892	NA	NA	NA	NA	NA	NA	NA	NA	NA	NA	NA	NA	NA	NA	NA	NA	NA	NA	NA	NA	NA	NA	NA	NA	NA	NA	NA	NA	NA	NA	NA	NA	NA	NA	NA	NA	NA	NA	NA	NA	NA	NA	NA	NA	NA
hsa-miR-1908-3p|MIMAT0026916	NA	NA	NA	NA	NA	NA	NA	NA	NA	NA	NA	NA	NA	NA	NA	NA	NA	NA	NA	NA	NA	NA	NA	NA	NA	NA	NA	NA	NA	NA	NA	NA	NA	NA	NA	NA	NA	NA	NA	NA	NA	NA	NA	NA	NA
hsa-miR-4711-3p|MIMAT0019817	NA	NA	NA	NA	NA	NA	NA	NA	NA	NA	NA	NA	NA	NA	NA	NA	NA	NA	NA	NA	NA	NA	NA	NA	NA	NA	NA	NA	NA	NA	NA	NA	NA	NA	NA	NA	NA	NA	NA	NA	NA	NA	NA	NA	NA
hsa-miR-181b-2-3p|MIMAT0031893	NA	NA	NA	NA	NA	NA	NA	NA	NA	NA	NA	NA	NA	NA	NA	NA	NA	NA	NA	NA	NA	NA	NA	NA	NA	NA	NA	NA	NA	NA	NA	NA	NA	NA	NA	NA	NA	NA	NA	NA	NA	NA	NA	NA	NA
hsa-miR-128-2-5p|MIMAT0031095	NA	NA	NA	NA	NA	NA	NA	NA	NA	NA	NA	NA	NA	NA	NA	NA	NA	NA	NA	NA	NA	NA	NA	NA	NA	NA	NA	NA	NA	NA	NA	NA	NA	NA	NA	NA	NA	NA	NA	NA	NA	NA	NA	NA	NA
hsa-miR-605-3p|MIMAT0026621	NA	NA	NA	NA	NA	NA	NA	NA	NA	NA	NA	NA	NA	NA	NA	NA	NA	NA	NA	NA	NA	NA	NA	NA	NA	NA	NA	NA	NA	NA	NA	NA	NA	NA	NA	NA	NA	NA	NA	NA	NA	NA	NA	NA	NA
hsa-miR-4713-3p|MIMAT0019821	NA	NA	NA	NA	NA	NA	NA	NA	NA	NA	NA	NA	NA	NA	NA	NA	NA	NA	NA	NA	NA	NA	NA	NA	NA	NA	NA	NA	NA	NA	NA	NA	NA	NA	NA	NA	NA	NA	NA	NA	NA	NA	NA	NA	NA
hsa-miR-4714-5p|MIMAT0019822	NA	NA	NA	NA	NA	NA	NA	NA	NA	NA	NA	NA	NA	NA	NA	NA	NA	NA	NA	NA	NA	NA	NA	NA	NA	NA	NA	NA	NA	NA	NA	NA	NA	NA	NA	NA	NA	NA	NA	NA	NA	NA	NA	NA	NA
hsa-miR-3913-3p|MIMAT0019225	NA	NA	NA	NA	NA	NA	NA	NA	NA	NA	NA	NA	NA	NA	NA	NA	NA	NA	NA	NA	NA	NA	NA	NA	NA	NA	NA	NA	NA	NA	NA	NA	NA	NA	NA	NA	NA	NA	NA	NA	NA	NA	NA	NA	NA
hsa-miR-4715-5p|MIMAT0019824	NA	NA	NA	NA	NA	NA	NA	NA	NA	NA	NA	NA	NA	NA	NA	NA	NA	NA	NA	NA	NA	NA	NA	NA	NA	NA	NA	NA	NA	NA	NA	NA	NA	NA	NA	NA	NA	NA	NA	NA	NA	NA	NA	NA	NA
hsa-miR-4715-3p|MIMAT0019825	NA	NA	NA	NA	NA	NA	NA	NA	NA	NA	NA	NA	NA	NA	NA	NA	NA	NA	NA	NA	NA	NA	NA	NA	NA	NA	NA	NA	NA	NA	NA	NA	NA	NA	NA	NA	NA	NA	NA	NA	NA	NA	NA	NA	NA
hsa-miR-4716-5p|MIMAT0019826	NA	NA	NA	NA	NA	NA	NA	NA	NA	NA	NA	NA	NA	NA	NA	NA	NA	NA	NA	NA	NA	NA	NA	NA	NA	NA	NA	NA	NA	NA	NA	NA	NA	NA	NA	NA	NA	NA	NA	NA	NA	NA	NA	NA	NA
hsa-miR-4716-3p|MIMAT0019827	NA	NA	NA	NA	NA	NA	NA	NA	NA	NA	NA	NA	NA	NA	NA	NA	NA	NA	NA	NA	NA	NA	NA	NA	NA	NA	NA	NA	NA	NA	NA	NA	NA	NA	NA	NA	NA	NA	NA	NA	NA	NA	NA	NA	NA
hsa-miR-3529-5p|MIMAT0019828	NA	NA	NA	NA	NA	NA	NA	NA	NA	NA	NA	NA	NA	NA	NA	NA	NA	NA	NA	NA	NA	NA	NA	NA	NA	NA	NA	NA	NA	NA	NA	NA	NA	NA	NA	NA	NA	NA	NA	NA	NA	NA	NA	NA	NA
hsa-miR-3529-3p|MIMAT0022741	NA	NA	NA	NA	NA	NA	NA	NA	NA	NA	NA	NA	NA	NA	NA	NA	NA	NA	NA	NA	NA	NA	NA	NA	NA	NA	NA	NA	NA	NA	NA	NA	NA	NA	NA	NA	NA	NA	NA	NA	NA	NA	NA	NA	NA
hsa-miR-3150b-5p|MIMAT0019226	NA	NA	NA	NA	NA	NA	NA	NA	NA	NA	NA	NA	NA	NA	NA	NA	NA	NA	NA	NA	NA	NA	NA	NA	NA	NA	NA	NA	NA	NA	NA	NA	NA	NA	NA	NA	NA	NA	NA	NA	NA	NA	NA	NA	NA
hsa-miR-4717-3p|MIMAT0019830	NA	NA	NA	NA	NA	NA	NA	NA	NA	NA	NA	NA	NA	NA	NA	NA	NA	NA	NA	NA	NA	NA	NA	NA	NA	NA	NA	NA	NA	NA	NA	NA	NA	NA	NA	NA	NA	NA	NA	NA	NA	NA	NA	NA	NA
hsa-miR-4718|MIMAT0019831	NA	NA	NA	NA	NA	NA	NA	NA	NA	NA	NA	NA	NA	NA	NA	NA	NA	NA	NA	NA	NA	NA	NA	NA	NA	NA	NA	NA	NA	NA	NA	NA	NA	NA	NA	NA	NA	NA	NA	NA	NA	NA	NA	NA	NA
hsa-miR-4719|MIMAT0019832	NA	NA	NA	NA	NA	NA	NA	NA	NA	NA	NA	NA	NA	NA	NA	NA	NA	NA	NA	NA	NA	NA	NA	NA	NA	NA	NA	NA	NA	NA	NA	NA	NA	NA	NA	NA	NA	NA	NA	NA	NA	NA	NA	NA	NA
hsa-miR-3922-5p|MIMAT0019227	NA	NA	NA	NA	NA	NA	NA	NA	NA	NA	NA	NA	NA	NA	NA	NA	NA	NA	NA	NA	NA	NA	NA	NA	NA	NA	NA	NA	NA	NA	NA	NA	NA	NA	NA	NA	NA	NA	NA	NA	NA	NA	NA	NA	NA
hsa-miR-4720-3p|MIMAT0019834	NA	NA	NA	NA	NA	NA	NA	NA	NA	NA	NA	NA	NA	NA	NA	NA	NA	NA	NA	NA	NA	NA	NA	NA	NA	NA	NA	NA	NA	NA	NA	NA	NA	NA	NA	NA	NA	NA	NA	NA	NA	NA	NA	NA	NA
hsa-miR-4721|MIMAT0019835	NA	NA	NA	NA	NA	NA	NA	NA	NA	NA	NA	NA	NA	NA	NA	NA	NA	NA	NA	NA	NA	NA	NA	NA	NA	NA	NA	NA	NA	NA	NA	NA	NA	NA	NA	NA	NA	NA	NA	NA	NA	NA	NA	NA	NA
hsa-miR-301a-5p|MIMAT0022696	NA	NA	NA	NA	NA	NA	NA	NA	NA	NA	NA	NA	NA	NA	NA	NA	NA	NA	NA	NA	NA	NA	NA	NA	NA	NA	NA	NA	NA	NA	NA	NA	NA	NA	NA	NA	NA	NA	NA	NA	NA	NA	NA	NA	NA
hsa-miR-619-5p|MIMAT0026622	NA	NA	NA	NA	NA	NA	NA	NA	NA	NA	NA	NA	NA	NA	NA	NA	NA	NA	NA	NA	NA	NA	NA	NA	NA	NA	NA	NA	NA	NA	NA	NA	NA	NA	NA	NA	NA	NA	NA	NA	NA	NA	NA	NA	NA
hsa-miR-3925-3p|MIMAT0019228	NA	NA	NA	NA	NA	NA	NA	NA	NA	NA	NA	NA	NA	NA	NA	NA	NA	NA	NA	NA	NA	NA	NA	NA	NA	NA	NA	NA	NA	NA	NA	NA	NA	NA	NA	NA	NA	NA	NA	NA	NA	NA	NA	NA	NA
hsa-miR-4723-5p|MIMAT0019838	NA	NA	NA	NA	NA	NA	NA	NA	NA	NA	NA	NA	NA	NA	NA	NA	NA	NA	NA	NA	NA	NA	NA	NA	NA	NA	NA	NA	NA	NA	NA	NA	NA	NA	NA	NA	NA	NA	NA	NA	NA	NA	NA	NA	NA
hsa-miR-3927-5p|MIMAT0022970	NA	NA	NA	NA	NA	NA	NA	NA	NA	NA	NA	NA	NA	NA	NA	NA	NA	NA	NA	NA	NA	NA	NA	NA	NA	NA	NA	NA	NA	NA	NA	NA	NA	NA	NA	NA	NA	NA	NA	NA	NA	NA	NA	NA	NA
hsa-miR-451b|MIMAT0019840	NA	NA	NA	NA	NA	NA	NA	NA	NA	NA	NA	NA	NA	NA	NA	NA	NA	NA	NA	NA	NA	NA	NA	NA	NA	NA	NA	NA	NA	NA	NA	NA	NA	NA	NA	NA	NA	NA	NA	NA	NA	NA	NA	NA	NA
hsa-miR-4724-5p|MIMAT0019841	NA	NA	NA	NA	NA	NA	NA	NA	NA	NA	NA	NA	NA	NA	NA	NA	NA	NA	NA	NA	NA	NA	NA	NA	NA	NA	NA	NA	NA	NA	NA	NA	NA	NA	NA	NA	NA	NA	NA	NA	NA	NA	NA	NA	NA
hsa-miR-2276-5p|MIMAT0026921	NA	NA	NA	NA	NA	NA	NA	NA	NA	NA	NA	NA	NA	NA	NA	NA	NA	NA	NA	NA	NA	NA	NA	NA	NA	NA	NA	NA	NA	NA	NA	NA	NA	NA	NA	NA	NA	NA	NA	NA	NA	NA	NA	NA	NA
hsa-miR-3928-5p|MIMAT0027037	NA	NA	NA	NA	NA	NA	NA	NA	NA	NA	NA	NA	NA	NA	NA	NA	NA	NA	NA	NA	NA	NA	NA	NA	NA	NA	NA	NA	NA	NA	NA	NA	NA	NA	NA	NA	NA	NA	NA	NA	NA	NA	NA	NA	NA
hsa-miR-4725-3p|MIMAT0019844	NA	NA	NA	NA	NA	NA	NA	NA	NA	NA	NA	NA	NA	NA	NA	NA	NA	NA	NA	NA	NA	NA	NA	NA	NA	NA	NA	NA	NA	NA	NA	NA	NA	NA	NA	NA	NA	NA	NA	NA	NA	NA	NA	NA	NA
hsa-miR-4726-5p|MIMAT0019845	NA	NA	NA	NA	NA	NA	NA	NA	NA	NA	NA	NA	NA	NA	NA	NA	NA	NA	NA	NA	NA	NA	NA	NA	NA	NA	NA	NA	NA	NA	NA	NA	NA	NA	NA	NA	NA	NA	NA	NA	NA	NA	NA	NA	NA
hsa-miR-4726-3p|MIMAT0019846	NA	NA	NA	NA	NA	NA	NA	NA	NA	NA	NA	NA	NA	NA	NA	NA	NA	NA	NA	NA	NA	NA	NA	NA	NA	NA	NA	NA	NA	NA	NA	NA	NA	NA	NA	NA	NA	NA	NA	NA	NA	NA	NA	NA	NA
hsa-miR-2681-5p|MIMAT0013515	NA	NA	NA	NA	NA	NA	NA	NA	NA	NA	NA	NA	NA	NA	NA	NA	NA	NA	NA	NA	NA	NA	NA	NA	NA	NA	NA	NA	NA	NA	NA	NA	NA	NA	NA	NA	NA	NA	NA	NA	NA	NA	NA	NA	NA
hsa-miR-627-3p|MIMAT0026623	NA	NA	NA	NA	NA	NA	NA	NA	NA	NA	NA	NA	NA	NA	NA	NA	NA	NA	NA	NA	NA	NA	NA	NA	NA	NA	NA	NA	NA	NA	NA	NA	NA	NA	NA	NA	NA	NA	NA	NA	NA	NA	NA	NA	NA
hsa-miR-2682-5p|MIMAT0013517	NA	NA	NA	NA	NA	NA	NA	NA	NA	NA	NA	NA	NA	NA	NA	NA	NA	NA	NA	NA	NA	NA	NA	NA	NA	NA	NA	NA	NA	NA	NA	NA	NA	NA	NA	NA	NA	NA	NA	NA	NA	NA	NA	NA	NA
hsa-miR-2682-3p|MIMAT0013518	NA	NA	NA	NA	NA	NA	NA	NA	NA	NA	NA	NA	NA	NA	NA	NA	NA	NA	NA	NA	NA	NA	NA	NA	NA	NA	NA	NA	NA	NA	NA	NA	NA	NA	NA	NA	NA	NA	NA	NA	NA	NA	NA	NA	NA
hsa-miR-4729|MIMAT0019851	NA	NA	NA	NA	NA	NA	NA	NA	NA	NA	NA	NA	NA	NA	NA	NA	NA	NA	NA	NA	NA	NA	NA	NA	NA	NA	NA	NA	NA	NA	NA	NA	NA	NA	NA	NA	NA	NA	NA	NA	NA	NA	NA	NA	NA
hsa-miR-4730|MIMAT0019852	NA	NA	NA	NA	NA	NA	NA	NA	NA	NA	NA	NA	NA	NA	NA	NA	NA	NA	NA	NA	NA	NA	NA	NA	NA	NA	NA	NA	NA	NA	NA	NA	NA	NA	NA	NA	NA	NA	NA	NA	NA	NA	NA	NA	NA
hsa-miR-4731-5p|MIMAT0019853	NA	NA	NA	NA	NA	NA	NA	NA	NA	NA	NA	NA	NA	NA	NA	NA	NA	NA	NA	NA	NA	NA	NA	NA	NA	NA	NA	NA	NA	NA	NA	NA	NA	NA	NA	NA	NA	NA	NA	NA	NA	NA	NA	NA	NA
hsa-miR-365b-5p|MIMAT0022833	NA	NA	NA	NA	NA	NA	NA	NA	NA	NA	NA	NA	NA	NA	NA	NA	NA	NA	NA	NA	NA	NA	NA	NA	NA	NA	NA	NA	NA	NA	NA	NA	NA	NA	NA	NA	NA	NA	NA	NA	NA	NA	NA	NA	NA
hsa-miR-365b-3p|MIMAT0022834	NA	NA	NA	NA	NA	NA	NA	NA	NA	NA	NA	NA	NA	NA	NA	NA	NA	NA	NA	NA	NA	NA	NA	NA	NA	NA	NA	NA	NA	NA	NA	NA	NA	NA	NA	NA	NA	NA	NA	NA	NA	NA	NA	NA	NA
hsa-miR-4732-3p|MIMAT0019856	NA	NA	NA	NA	NA	NA	NA	NA	NA	NA	NA	NA	NA	NA	NA	NA	NA	NA	NA	NA	NA	NA	NA	NA	NA	NA	NA	NA	NA	NA	NA	NA	NA	NA	NA	NA	NA	NA	NA	NA	NA	NA	NA	NA	NA
hsa-miR-3117-5p|MIMAT0019197	NA	NA	NA	NA	NA	NA	NA	NA	NA	NA	NA	NA	NA	NA	NA	NA	NA	NA	NA	NA	NA	NA	NA	NA	NA	NA	NA	NA	NA	NA	NA	NA	NA	NA	NA	NA	NA	NA	NA	NA	NA	NA	NA	NA	NA
hsa-miR-3942-3p|MIMAT0019230	NA	NA	NA	NA	NA	NA	NA	NA	NA	NA	NA	NA	NA	NA	NA	NA	NA	NA	NA	NA	NA	NA	NA	NA	NA	NA	NA	NA	NA	NA	NA	NA	NA	NA	NA	NA	NA	NA	NA	NA	NA	NA	NA	NA	NA
hsa-miR-4734|MIMAT0019859	NA	NA	NA	NA	NA	NA	NA	NA	NA	NA	NA	NA	NA	NA	NA	NA	NA	NA	NA	NA	NA	NA	NA	NA	NA	NA	NA	NA	NA	NA	NA	NA	NA	NA	NA	NA	NA	NA	NA	NA	NA	NA	NA	NA	NA
hsa-miR-3944-5p|MIMAT0019231	NA	NA	NA	NA	NA	NA	NA	NA	NA	NA	NA	NA	NA	NA	NA	NA	NA	NA	NA	NA	NA	NA	NA	NA	NA	NA	NA	NA	NA	NA	NA	NA	NA	NA	NA	NA	NA	NA	NA	NA	NA	NA	NA	NA	NA
hsa-miR-3120-5p|MIMAT0019198	NA	NA	NA	NA	NA	NA	NA	NA	NA	NA	NA	NA	NA	NA	NA	NA	NA	NA	NA	NA	NA	NA	NA	NA	NA	NA	NA	NA	NA	NA	NA	NA	NA	NA	NA	NA	NA	NA	NA	NA	NA	NA	NA	NA	NA
hsa-miR-4736|MIMAT0019862	NA	NA	NA	NA	NA	NA	NA	NA	NA	NA	NA	NA	NA	NA	NA	NA	NA	NA	NA	NA	NA	NA	NA	NA	NA	NA	NA	NA	NA	NA	NA	NA	NA	NA	NA	NA	NA	NA	NA	NA	NA	NA	NA	NA	NA
hsa-miR-3121-5p|MIMAT0019199	NA	NA	NA	NA	NA	NA	NA	NA	NA	NA	NA	NA	NA	NA	NA	NA	NA	NA	NA	NA	NA	NA	NA	NA	NA	NA	NA	NA	NA	NA	NA	NA	NA	NA	NA	NA	NA	NA	NA	NA	NA	NA	NA	NA	NA
hsa-miR-376c-5p|MIMAT0022861	NA	NA	NA	NA	NA	NA	NA	NA	NA	NA	NA	NA	NA	NA	NA	NA	NA	NA	NA	NA	NA	NA	NA	NA	NA	NA	NA	NA	NA	NA	NA	NA	NA	NA	NA	NA	NA	NA	NA	NA	NA	NA	NA	NA	NA
hsa-miR-642b-5p|MIMAT0022736	NA	NA	NA	NA	NA	NA	NA	NA	NA	NA	NA	NA	NA	NA	NA	NA	NA	NA	NA	NA	NA	NA	NA	NA	NA	NA	NA	NA	NA	NA	NA	NA	NA	NA	NA	NA	NA	NA	NA	NA	NA	NA	NA	NA	NA
hsa-miR-4738-5p|MIMAT0019866	NA	NA	NA	NA	NA	NA	NA	NA	NA	NA	NA	NA	NA	NA	NA	NA	NA	NA	NA	NA	NA	NA	NA	NA	NA	NA	NA	NA	NA	NA	NA	NA	NA	NA	NA	NA	NA	NA	NA	NA	NA	NA	NA	NA	NA
hsa-miR-550b-2-5p|MIMAT0022737	NA	NA	NA	NA	NA	NA	NA	NA	NA	NA	NA	NA	NA	NA	NA	NA	NA	NA	NA	NA	NA	NA	NA	NA	NA	NA	NA	NA	NA	NA	NA	NA	NA	NA	NA	NA	NA	NA	NA	NA	NA	NA	NA	NA	NA
hsa-miR-370-5p|MIMAT0026483	NA	NA	NA	NA	NA	NA	NA	NA	NA	NA	NA	NA	NA	NA	NA	NA	NA	NA	NA	NA	NA	NA	NA	NA	NA	NA	NA	NA	NA	NA	NA	NA	NA	NA	NA	NA	NA	NA	NA	NA	NA	NA	NA	NA	NA
hsa-miR-4740-5p|MIMAT0019869	NA	NA	NA	NA	NA	NA	NA	NA	NA	NA	NA	NA	NA	NA	NA	NA	NA	NA	NA	NA	NA	NA	NA	NA	NA	NA	NA	NA	NA	NA	NA	NA	NA	NA	NA	NA	NA	NA	NA	NA	NA	NA	NA	NA	NA
hsa-miR-4740-3p|MIMAT0019870	NA	NA	NA	NA	NA	NA	NA	NA	NA	NA	NA	NA	NA	NA	NA	NA	NA	NA	NA	NA	NA	NA	NA	NA	NA	NA	NA	NA	NA	NA	NA	NA	NA	NA	NA	NA	NA	NA	NA	NA	NA	NA	NA	NA	NA
hsa-miR-548o-5p|MIMAT0022738	NA	NA	NA	NA	NA	NA	NA	NA	NA	NA	NA	NA	NA	NA	NA	NA	NA	NA	NA	NA	NA	NA	NA	NA	NA	NA	NA	NA	NA	NA	NA	NA	NA	NA	NA	NA	NA	NA	NA	NA	NA	NA	NA	NA	NA
hsa-miR-372-5p|MIMAT0026484	NA	NA	NA	NA	NA	NA	NA	NA	NA	NA	NA	NA	NA	NA	NA	NA	NA	NA	NA	NA	NA	NA	NA	NA	NA	NA	NA	NA	NA	NA	NA	NA	NA	NA	NA	NA	NA	NA	NA	NA	NA	NA	NA	NA	NA
hsa-miR-378e|MIMAT0018927	NA	NA	NA	NA	NA	NA	NA	NA	NA	NA	NA	NA	NA	NA	NA	NA	NA	NA	NA	NA	NA	NA	NA	NA	NA	NA	NA	NA	NA	NA	NA	NA	NA	NA	NA	NA	NA	NA	NA	NA	NA	NA	NA	NA	NA
hsa-miR-3127-3p|MIMAT0019201	NA	NA	NA	NA	NA	NA	NA	NA	NA	NA	NA	NA	NA	NA	NA	NA	NA	NA	NA	NA	NA	NA	NA	NA	NA	NA	NA	NA	NA	NA	NA	NA	NA	NA	NA	NA	NA	NA	NA	NA	NA	NA	NA	NA	NA
hsa-miR-4417|MIMAT0018929	NA	NA	NA	NA	NA	NA	NA	NA	NA	NA	NA	NA	NA	NA	NA	NA	NA	NA	NA	NA	NA	NA	NA	NA	NA	NA	NA	NA	NA	NA	NA	NA	NA	NA	NA	NA	NA	NA	NA	NA	NA	NA	NA	NA	NA
hsa-miR-4418|MIMAT0018930	NA	NA	NA	NA	NA	NA	NA	NA	NA	NA	NA	NA	NA	NA	NA	NA	NA	NA	NA	NA	NA	NA	NA	NA	NA	NA	NA	NA	NA	NA	NA	NA	NA	NA	NA	NA	NA	NA	NA	NA	NA	NA	NA	NA	NA
hsa-miR-3129-3p|MIMAT0019202	NA	NA	NA	NA	NA	NA	NA	NA	NA	NA	NA	NA	NA	NA	NA	NA	NA	NA	NA	NA	NA	NA	NA	NA	NA	NA	NA	NA	NA	NA	NA	NA	NA	NA	NA	NA	NA	NA	NA	NA	NA	NA	NA	NA	NA
hsa-miR-651-3p|MIMAT0026624	NA	NA	NA	NA	NA	NA	NA	NA	NA	NA	NA	NA	NA	NA	NA	NA	NA	NA	NA	NA	NA	NA	NA	NA	NA	NA	NA	NA	NA	NA	NA	NA	NA	NA	NA	NA	NA	NA	NA	NA	NA	NA	NA	NA	NA
hsa-miR-652-5p|MIMAT0022709	NA	NA	NA	NA	NA	NA	NA	NA	NA	NA	NA	NA	NA	NA	NA	NA	NA	NA	NA	NA	NA	NA	NA	NA	NA	NA	NA	NA	NA	NA	NA	NA	NA	NA	NA	NA	NA	NA	NA	NA	NA	NA	NA	NA	NA
hsa-miR-4421|MIMAT0018934	NA	NA	NA	NA	NA	NA	NA	NA	NA	NA	NA	NA	NA	NA	NA	NA	NA	NA	NA	NA	NA	NA	NA	NA	NA	NA	NA	NA	NA	NA	NA	NA	NA	NA	NA	NA	NA	NA	NA	NA	NA	NA	NA	NA	NA
hsa-miR-4422|MIMAT0018935	NA	NA	NA	NA	NA	NA	NA	NA	NA	NA	NA	NA	NA	NA	NA	NA	NA	NA	NA	NA	NA	NA	NA	NA	NA	NA	NA	NA	NA	NA	NA	NA	NA	NA	NA	NA	NA	NA	NA	NA	NA	NA	NA	NA	NA
hsa-miR-4423-5p|MIMAT0019232	NA	NA	NA	NA	NA	NA	NA	NA	NA	NA	NA	NA	NA	NA	NA	NA	NA	NA	NA	NA	NA	NA	NA	NA	NA	NA	NA	NA	NA	NA	NA	NA	NA	NA	NA	NA	NA	NA	NA	NA	NA	NA	NA	NA	NA
hsa-miR-4423-3p|MIMAT0018936	NA	NA	NA	NA	NA	NA	NA	NA	NA	NA	NA	NA	NA	NA	NA	NA	NA	NA	NA	NA	NA	NA	NA	NA	NA	NA	NA	NA	NA	NA	NA	NA	NA	NA	NA	NA	NA	NA	NA	NA	NA	NA	NA	NA	NA
hsa-miR-378g|MIMAT0018937	NA	NA	NA	NA	NA	NA	NA	NA	NA	NA	NA	NA	NA	NA	NA	NA	NA	NA	NA	NA	NA	NA	NA	NA	NA	NA	NA	NA	NA	NA	NA	NA	NA	NA	NA	NA	NA	NA	NA	NA	NA	NA	NA	NA	NA
hsa-miR-548ac|MIMAT0018938	NA	NA	NA	NA	NA	NA	NA	NA	NA	NA	NA	NA	NA	NA	NA	NA	NA	NA	NA	NA	NA	NA	NA	NA	NA	NA	NA	NA	NA	NA	NA	NA	NA	NA	NA	NA	NA	NA	NA	NA	NA	NA	NA	NA	NA
hsa-miR-4424|MIMAT0018939	NA	NA	NA	NA	NA	NA	NA	NA	NA	NA	NA	NA	NA	NA	NA	NA	NA	NA	NA	NA	NA	NA	NA	NA	NA	NA	NA	NA	NA	NA	NA	NA	NA	NA	NA	NA	NA	NA	NA	NA	NA	NA	NA	NA	NA
hsa-miR-4425|MIMAT0018940	NA	NA	NA	NA	NA	NA	NA	NA	NA	NA	NA	NA	NA	NA	NA	NA	NA	NA	NA	NA	NA	NA	NA	NA	NA	NA	NA	NA	NA	NA	NA	NA	NA	NA	NA	NA	NA	NA	NA	NA	NA	NA	NA	NA	NA
hsa-miR-3136-3p|MIMAT0019203	NA	NA	NA	NA	NA	NA	NA	NA	NA	NA	NA	NA	NA	NA	NA	NA	NA	NA	NA	NA	NA	NA	NA	NA	NA	NA	NA	NA	NA	NA	NA	NA	NA	NA	NA	NA	NA	NA	NA	NA	NA	NA	NA	NA	NA
hsa-miR-381-5p|MIMAT0022862	NA	NA	NA	NA	NA	NA	NA	NA	NA	NA	NA	NA	NA	NA	NA	NA	NA	NA	NA	NA	NA	NA	NA	NA	NA	NA	NA	NA	NA	NA	NA	NA	NA	NA	NA	NA	NA	NA	NA	NA	NA	NA	NA	NA	NA
hsa-miR-4428|MIMAT0018943	NA	NA	NA	NA	NA	NA	NA	NA	NA	NA	NA	NA	NA	NA	NA	NA	NA	NA	NA	NA	NA	NA	NA	NA	NA	NA	NA	NA	NA	NA	NA	NA	NA	NA	NA	NA	NA	NA	NA	NA	NA	NA	NA	NA	NA
hsa-miR-4429|MIMAT0018944	NA	NA	NA	NA	NA	NA	NA	NA	NA	NA	NA	NA	NA	NA	NA	NA	NA	NA	NA	NA	NA	NA	NA	NA	NA	NA	NA	NA	NA	NA	NA	NA	NA	NA	NA	NA	NA	NA	NA	NA	NA	NA	NA	NA	NA
hsa-miR-382-3p|MIMAT0022697	NA	NA	NA	NA	NA	NA	NA	NA	NA	NA	NA	NA	NA	NA	NA	NA	NA	NA	NA	NA	NA	NA	NA	NA	NA	NA	NA	NA	NA	NA	NA	NA	NA	NA	NA	NA	NA	NA	NA	NA	NA	NA	NA	NA	NA
hsa-miR-3140-5p|MIMAT0019204	NA	NA	NA	NA	NA	NA	NA	NA	NA	NA	NA	NA	NA	NA	NA	NA	NA	NA	NA	NA	NA	NA	NA	NA	NA	NA	NA	NA	NA	NA	NA	NA	NA	NA	NA	NA	NA	NA	NA	NA	NA	NA	NA	NA	NA
hsa-miR-383-3p|MIMAT0026485	NA	NA	NA	NA	NA	NA	NA	NA	NA	NA	NA	NA	NA	NA	NA	NA	NA	NA	NA	NA	NA	NA	NA	NA	NA	NA	NA	NA	NA	NA	NA	NA	NA	NA	NA	NA	NA	NA	NA	NA	NA	NA	NA	NA	NA
hsa-miR-4431|MIMAT0018947	NA	NA	NA	NA	NA	NA	NA	NA	NA	NA	NA	NA	NA	NA	NA	NA	NA	NA	NA	NA	NA	NA	NA	NA	NA	NA	NA	NA	NA	NA	NA	NA	NA	NA	NA	NA	NA	NA	NA	NA	NA	NA	NA	NA	NA
hsa-miR-656-5p|MIMAT0026627	NA	NA	NA	NA	NA	NA	NA	NA	NA	NA	NA	NA	NA	NA	NA	NA	NA	NA	NA	NA	NA	NA	NA	NA	NA	NA	NA	NA	NA	NA	NA	NA	NA	NA	NA	NA	NA	NA	NA	NA	NA	NA	NA	NA	NA
hsa-miR-4433a-5p|MIMAT0020956	NA	NA	NA	NA	NA	NA	NA	NA	NA	NA	NA	NA	NA	NA	NA	NA	NA	NA	NA	NA	NA	NA	NA	NA	NA	NA	NA	NA	NA	NA	NA	NA	NA	NA	NA	NA	NA	NA	NA	NA	NA	NA	NA	NA	NA
hsa-miR-4433a-3p|MIMAT0018949	NA	NA	NA	NA	NA	NA	NA	NA	NA	NA	NA	NA	NA	NA	NA	NA	NA	NA	NA	NA	NA	NA	NA	NA	NA	NA	NA	NA	NA	NA	NA	NA	NA	NA	NA	NA	NA	NA	NA	NA	NA	NA	NA	NA	NA
hsa-miR-328-5p|MIMAT0026486	NA	NA	NA	NA	NA	NA	NA	NA	NA	NA	NA	NA	NA	NA	NA	NA	NA	NA	NA	NA	NA	NA	NA	NA	NA	NA	NA	NA	NA	NA	NA	NA	NA	NA	NA	NA	NA	NA	NA	NA	NA	NA	NA	NA	NA
hsa-miR-4435|MIMAT0018951	NA	NA	NA	NA	NA	NA	NA	NA	NA	NA	NA	NA	NA	NA	NA	NA	NA	NA	NA	NA	NA	NA	NA	NA	NA	NA	NA	NA	NA	NA	NA	NA	NA	NA	NA	NA	NA	NA	NA	NA	NA	NA	NA	NA	NA
hsa-miR-659-5p|MIMAT0022710	NA	NA	NA	NA	NA	NA	NA	NA	NA	NA	NA	NA	NA	NA	NA	NA	NA	NA	NA	NA	NA	NA	NA	NA	NA	NA	NA	NA	NA	NA	NA	NA	NA	NA	NA	NA	NA	NA	NA	NA	NA	NA	NA	NA	NA
hsa-miR-4437|MIMAT0018953	NA	NA	NA	NA	NA	NA	NA	NA	NA	NA	NA	NA	NA	NA	NA	NA	NA	NA	NA	NA	NA	NA	NA	NA	NA	NA	NA	NA	NA	NA	NA	NA	NA	NA	NA	NA	NA	NA	NA	NA	NA	NA	NA	NA	NA
hsa-miR-3145-5p|MIMAT0019205	NA	NA	NA	NA	NA	NA	NA	NA	NA	NA	NA	NA	NA	NA	NA	NA	NA	NA	NA	NA	NA	NA	NA	NA	NA	NA	NA	NA	NA	NA	NA	NA	NA	NA	NA	NA	NA	NA	NA	NA	NA	NA	NA	NA	NA
hsa-miR-660-3p|MIMAT0022711	NA	NA	NA	NA	NA	NA	NA	NA	NA	NA	NA	NA	NA	NA	NA	NA	NA	NA	NA	NA	NA	NA	NA	NA	NA	NA	NA	NA	NA	NA	NA	NA	NA	NA	NA	NA	NA	NA	NA	NA	NA	NA	NA	NA	NA
hsa-miR-4438|MIMAT0018956	NA	NA	NA	NA	NA	NA	NA	NA	NA	NA	NA	NA	NA	NA	NA	NA	NA	NA	NA	NA	NA	NA	NA	NA	NA	NA	NA	NA	NA	NA	NA	NA	NA	NA	NA	NA	NA	NA	NA	NA	NA	NA	NA	NA	NA
hsa-miR-4439|MIMAT0018957	NA	NA	NA	NA	NA	NA	NA	NA	NA	NA	NA	NA	NA	NA	NA	NA	NA	NA	NA	NA	NA	NA	NA	NA	NA	NA	NA	NA	NA	NA	NA	NA	NA	NA	NA	NA	NA	NA	NA	NA	NA	NA	NA	NA	NA
hsa-miR-4440|MIMAT0018958	NA	NA	NA	NA	NA	NA	NA	NA	NA	NA	NA	NA	NA	NA	NA	NA	NA	NA	NA	NA	NA	NA	NA	NA	NA	NA	NA	NA	NA	NA	NA	NA	NA	NA	NA	NA	NA	NA	NA	NA	NA	NA	NA	NA	NA
hsa-miR-758-5p|MIMAT0022929	NA	NA	NA	NA	NA	NA	NA	NA	NA	NA	NA	NA	NA	NA	NA	NA	NA	NA	NA	NA	NA	NA	NA	NA	NA	NA	NA	NA	NA	NA	NA	NA	NA	NA	NA	NA	NA	NA	NA	NA	NA	NA	NA	NA	NA
hsa-miR-4442|MIMAT0018960	NA	NA	NA	NA	NA	NA	NA	NA	NA	NA	NA	NA	NA	NA	NA	NA	NA	NA	NA	NA	NA	NA	NA	NA	NA	NA	NA	NA	NA	NA	NA	NA	NA	NA	NA	NA	NA	NA	NA	NA	NA	NA	NA	NA	NA
hsa-miR-4443|MIMAT0018961	NA	NA	NA	NA	NA	NA	NA	NA	NA	NA	NA	NA	NA	NA	NA	NA	NA	NA	NA	NA	NA	NA	NA	NA	NA	NA	NA	NA	NA	NA	NA	NA	NA	NA	NA	NA	NA	NA	NA	NA	NA	NA	NA	NA	NA
hsa-miR-3150a-5p|MIMAT0019206	NA	NA	NA	NA	NA	NA	NA	NA	NA	NA	NA	NA	NA	NA	NA	NA	NA	NA	NA	NA	NA	NA	NA	NA	NA	NA	NA	NA	NA	NA	NA	NA	NA	NA	NA	NA	NA	NA	NA	NA	NA	NA	NA	NA	NA
hsa-miR-4445-5p|MIMAT0018963	NA	NA	NA	NA	NA	NA	NA	NA	NA	NA	NA	NA	NA	NA	NA	NA	NA	NA	NA	NA	NA	NA	NA	NA	NA	NA	NA	NA	NA	NA	NA	NA	NA	NA	NA	NA	NA	NA	NA	NA	NA	NA	NA	NA	NA
hsa-miR-668-5p|MIMAT0026636	NA	NA	NA	NA	NA	NA	NA	NA	NA	NA	NA	NA	NA	NA	NA	NA	NA	NA	NA	NA	NA	NA	NA	NA	NA	NA	NA	NA	NA	NA	NA	NA	NA	NA	NA	NA	NA	NA	NA	NA	NA	NA	NA	NA	NA
hsa-miR-3151-3p|MIMAT0027026	NA	NA	NA	NA	NA	NA	NA	NA	NA	NA	NA	NA	NA	NA	NA	NA	NA	NA	NA	NA	NA	NA	NA	NA	NA	NA	NA	NA	NA	NA	NA	NA	NA	NA	NA	NA	NA	NA	NA	NA	NA	NA	NA	NA	NA
hsa-miR-550a-3-5p|MIMAT0020925	NA	NA	NA	NA	NA	NA	NA	NA	NA	NA	NA	NA	NA	NA	NA	NA	NA	NA	NA	NA	NA	NA	NA	NA	NA	NA	NA	NA	NA	NA	NA	NA	NA	NA	NA	NA	NA	NA	NA	NA	NA	NA	NA	NA	NA
hsa-miR-4447|MIMAT0018966	NA	NA	NA	NA	NA	NA	NA	NA	NA	NA	NA	NA	NA	NA	NA	NA	NA	NA	NA	NA	NA	NA	NA	NA	NA	NA	NA	NA	NA	NA	NA	NA	NA	NA	NA	NA	NA	NA	NA	NA	NA	NA	NA	NA	NA
hsa-miR-4448|MIMAT0018967	NA	NA	NA	NA	NA	NA	NA	NA	NA	NA	NA	NA	NA	NA	NA	NA	NA	NA	NA	NA	NA	NA	NA	NA	NA	NA	NA	NA	NA	NA	NA	NA	NA	NA	NA	NA	NA	NA	NA	NA	NA	NA	NA	NA	NA
hsa-miR-3074-5p|MIMAT0019208	NA	NA	NA	NA	NA	NA	NA	NA	NA	NA	NA	NA	NA	NA	NA	NA	NA	NA	NA	NA	NA	NA	NA	NA	NA	NA	NA	NA	NA	NA	NA	NA	NA	NA	NA	NA	NA	NA	NA	NA	NA	NA	NA	NA	NA
hsa-miR-548ag|MIMAT0018969	NA	NA	NA	NA	NA	NA	NA	NA	NA	NA	NA	NA	NA	NA	NA	NA	NA	NA	NA	NA	NA	NA	NA	NA	NA	NA	NA	NA	NA	NA	NA	NA	NA	NA	NA	NA	NA	NA	NA	NA	NA	NA	NA	NA	NA
hsa-miR-4450|MIMAT0018971	NA	NA	NA	NA	NA	NA	NA	NA	NA	NA	NA	NA	NA	NA	NA	NA	NA	NA	NA	NA	NA	NA	NA	NA	NA	NA	NA	NA	NA	NA	NA	NA	NA	NA	NA	NA	NA	NA	NA	NA	NA	NA	NA	NA	NA
hsa-miR-4767|MIMAT0019919	NA	NA	NA	NA	NA	NA	NA	NA	NA	NA	NA	NA	NA	NA	NA	NA	NA	NA	NA	NA	NA	NA	NA	NA	NA	NA	NA	NA	NA	NA	NA	NA	NA	NA	NA	NA	NA	NA	NA	NA	NA	NA	NA	NA	NA
hsa-miR-4768-5p|MIMAT0019920	NA	NA	NA	NA	NA	NA	NA	NA	NA	NA	NA	NA	NA	NA	NA	NA	NA	NA	NA	NA	NA	NA	NA	NA	NA	NA	NA	NA	NA	NA	NA	NA	NA	NA	NA	NA	NA	NA	NA	NA	NA	NA	NA	NA	NA
hsa-miR-4451|MIMAT0018973	NA	NA	NA	NA	NA	NA	NA	NA	NA	NA	NA	NA	NA	NA	NA	NA	NA	NA	NA	NA	NA	NA	NA	NA	NA	NA	NA	NA	NA	NA	NA	NA	NA	NA	NA	NA	NA	NA	NA	NA	NA	NA	NA	NA	NA
hsa-miR-4452|MIMAT0018974	NA	NA	NA	NA	NA	NA	NA	NA	NA	NA	NA	NA	NA	NA	NA	NA	NA	NA	NA	NA	NA	NA	NA	NA	NA	NA	NA	NA	NA	NA	NA	NA	NA	NA	NA	NA	NA	NA	NA	NA	NA	NA	NA	NA	NA
hsa-miR-4453|MIMAT0018975	NA	NA	NA	NA	NA	NA	NA	NA	NA	NA	NA	NA	NA	NA	NA	NA	NA	NA	NA	NA	NA	NA	NA	NA	NA	NA	NA	NA	NA	NA	NA	NA	NA	NA	NA	NA	NA	NA	NA	NA	NA	NA	NA	NA	NA
hsa-miR-1468-3p|MIMAT0026638	NA	NA	NA	NA	NA	NA	NA	NA	NA	NA	NA	NA	NA	NA	NA	NA	NA	NA	NA	NA	NA	NA	NA	NA	NA	NA	NA	NA	NA	NA	NA	NA	NA	NA	NA	NA	NA	NA	NA	NA	NA	NA	NA	NA	NA
hsa-miR-4455|MIMAT0018977	NA	NA	NA	NA	NA	NA	NA	NA	NA	NA	NA	NA	NA	NA	NA	NA	NA	NA	NA	NA	NA	NA	NA	NA	NA	NA	NA	NA	NA	NA	NA	NA	NA	NA	NA	NA	NA	NA	NA	NA	NA	NA	NA	NA	NA
hsa-miR-4772-5p|MIMAT0019926	NA	NA	NA	NA	NA	NA	NA	NA	NA	NA	NA	NA	NA	NA	NA	NA	NA	NA	NA	NA	NA	NA	NA	NA	NA	NA	NA	NA	NA	NA	NA	NA	NA	NA	NA	NA	NA	NA	NA	NA	NA	NA	NA	NA	NA
hsa-miR-3160-5p|MIMAT0019212	NA	NA	NA	NA	NA	NA	NA	NA	NA	NA	NA	NA	NA	NA	NA	NA	NA	NA	NA	NA	NA	NA	NA	NA	NA	NA	NA	NA	NA	NA	NA	NA	NA	NA	NA	NA	NA	NA	NA	NA	NA	NA	NA	NA	NA
hsa-miR-4458|MIMAT0018980	NA	NA	NA	NA	NA	NA	NA	NA	NA	NA	NA	NA	NA	NA	NA	NA	NA	NA	NA	NA	NA	NA	NA	NA	NA	NA	NA	NA	NA	NA	NA	NA	NA	NA	NA	NA	NA	NA	NA	NA	NA	NA	NA	NA	NA
hsa-miR-4774-5p|MIMAT0019929	NA	NA	NA	NA	NA	NA	NA	NA	NA	NA	NA	NA	NA	NA	NA	NA	NA	NA	NA	NA	NA	NA	NA	NA	NA	NA	NA	NA	NA	NA	NA	NA	NA	NA	NA	NA	NA	NA	NA	NA	NA	NA	NA	NA	NA
hsa-miR-4774-3p|MIMAT0019930	NA	NA	NA	NA	NA	NA	NA	NA	NA	NA	NA	NA	NA	NA	NA	NA	NA	NA	NA	NA	NA	NA	NA	NA	NA	NA	NA	NA	NA	NA	NA	NA	NA	NA	NA	NA	NA	NA	NA	NA	NA	NA	NA	NA	NA
hsa-miR-4461|MIMAT0018983	NA	NA	NA	NA	NA	NA	NA	NA	NA	NA	NA	NA	NA	NA	NA	NA	NA	NA	NA	NA	NA	NA	NA	NA	NA	NA	NA	NA	NA	NA	NA	NA	NA	NA	NA	NA	NA	NA	NA	NA	NA	NA	NA	NA	NA
hsa-miR-4776-5p|MIMAT0019932	NA	NA	NA	NA	NA	NA	NA	NA	NA	NA	NA	NA	NA	NA	NA	NA	NA	NA	NA	NA	NA	NA	NA	NA	NA	NA	NA	NA	NA	NA	NA	NA	NA	NA	NA	NA	NA	NA	NA	NA	NA	NA	NA	NA	NA
hsa-miR-3135b|MIMAT0018985	NA	NA	NA	NA	NA	NA	NA	NA	NA	NA	NA	NA	NA	NA	NA	NA	NA	NA	NA	NA	NA	NA	NA	NA	NA	NA	NA	NA	NA	NA	NA	NA	NA	NA	NA	NA	NA	NA	NA	NA	NA	NA	NA	NA	NA
hsa-miR-4777-5p|MIMAT0019934	NA	NA	NA	NA	NA	NA	NA	NA	NA	NA	NA	NA	NA	NA	NA	NA	NA	NA	NA	NA	NA	NA	NA	NA	NA	NA	NA	NA	NA	NA	NA	NA	NA	NA	NA	NA	NA	NA	NA	NA	NA	NA	NA	NA	NA
hsa-miR-4777-3p|MIMAT0019935	NA	NA	NA	NA	NA	NA	NA	NA	NA	NA	NA	NA	NA	NA	NA	NA	NA	NA	NA	NA	NA	NA	NA	NA	NA	NA	NA	NA	NA	NA	NA	NA	NA	NA	NA	NA	NA	NA	NA	NA	NA	NA	NA	NA	NA
hsa-miR-4778-5p|MIMAT0019936	NA	NA	NA	NA	NA	NA	NA	NA	NA	NA	NA	NA	NA	NA	NA	NA	NA	NA	NA	NA	NA	NA	NA	NA	NA	NA	NA	NA	NA	NA	NA	NA	NA	NA	NA	NA	NA	NA	NA	NA	NA	NA	NA	NA	NA
hsa-miR-4778-3p|MIMAT0019937	NA	NA	NA	NA	NA	NA	NA	NA	NA	NA	NA	NA	NA	NA	NA	NA	NA	NA	NA	NA	NA	NA	NA	NA	NA	NA	NA	NA	NA	NA	NA	NA	NA	NA	NA	NA	NA	NA	NA	NA	NA	NA	NA	NA	NA
hsa-miR-4779|MIMAT0019938	NA	NA	NA	NA	NA	NA	NA	NA	NA	NA	NA	NA	NA	NA	NA	NA	NA	NA	NA	NA	NA	NA	NA	NA	NA	NA	NA	NA	NA	NA	NA	NA	NA	NA	NA	NA	NA	NA	NA	NA	NA	NA	NA	NA	NA
hsa-miR-548aj-5p|MIMAT0022739	NA	NA	NA	NA	NA	NA	NA	NA	NA	NA	NA	NA	NA	NA	NA	NA	NA	NA	NA	NA	NA	NA	NA	NA	NA	NA	NA	NA	NA	NA	NA	NA	NA	NA	NA	NA	NA	NA	NA	NA	NA	NA	NA	NA	NA
hsa-miR-4436b-5p|MIMAT0019940	NA	NA	NA	NA	NA	NA	NA	NA	NA	NA	NA	NA	NA	NA	NA	NA	NA	NA	NA	NA	NA	NA	NA	NA	NA	NA	NA	NA	NA	NA	NA	NA	NA	NA	NA	NA	NA	NA	NA	NA	NA	NA	NA	NA	NA
hsa-miR-4466|MIMAT0018993	NA	NA	NA	NA	NA	NA	NA	NA	NA	NA	NA	NA	NA	NA	NA	NA	NA	NA	NA	NA	NA	NA	NA	NA	NA	NA	NA	NA	NA	NA	NA	NA	NA	NA	NA	NA	NA	NA	NA	NA	NA	NA	NA	NA	NA
hsa-miR-3173-5p|MIMAT0019214	NA	NA	NA	NA	NA	NA	NA	NA	NA	NA	NA	NA	NA	NA	NA	NA	NA	NA	NA	NA	NA	NA	NA	NA	NA	NA	NA	NA	NA	NA	NA	NA	NA	NA	NA	NA	NA	NA	NA	NA	NA	NA	NA	NA	NA
hsa-miR-4781-3p|MIMAT0019943	NA	NA	NA	NA	NA	NA	NA	NA	NA	NA	NA	NA	NA	NA	NA	NA	NA	NA	NA	NA	NA	NA	NA	NA	NA	NA	NA	NA	NA	NA	NA	NA	NA	NA	NA	NA	NA	NA	NA	NA	NA	NA	NA	NA	NA
hsa-miR-4782-5p|MIMAT0019944	NA	NA	NA	NA	NA	NA	NA	NA	NA	NA	NA	NA	NA	NA	NA	NA	NA	NA	NA	NA	NA	NA	NA	NA	NA	NA	NA	NA	NA	NA	NA	NA	NA	NA	NA	NA	NA	NA	NA	NA	NA	NA	NA	NA	NA
hsa-miR-4470|MIMAT0018997	NA	NA	NA	NA	NA	NA	NA	NA	NA	NA	NA	NA	NA	NA	NA	NA	NA	NA	NA	NA	NA	NA	NA	NA	NA	NA	NA	NA	NA	NA	NA	NA	NA	NA	NA	NA	NA	NA	NA	NA	NA	NA	NA	NA	NA
hsa-miR-4471|MIMAT0018998	NA	NA	NA	NA	NA	NA	NA	NA	NA	NA	NA	NA	NA	NA	NA	NA	NA	NA	NA	NA	NA	NA	NA	NA	NA	NA	NA	NA	NA	NA	NA	NA	NA	NA	NA	NA	NA	NA	NA	NA	NA	NA	NA	NA	NA
hsa-miR-4783-3p|MIMAT0019947	NA	NA	NA	NA	NA	NA	NA	NA	NA	NA	NA	NA	NA	NA	NA	NA	NA	NA	NA	NA	NA	NA	NA	NA	NA	NA	NA	NA	NA	NA	NA	NA	NA	NA	NA	NA	NA	NA	NA	NA	NA	NA	NA	NA	NA
hsa-miR-1298-3p|MIMAT0026641	NA	NA	NA	NA	NA	NA	NA	NA	NA	NA	NA	NA	NA	NA	NA	NA	NA	NA	NA	NA	NA	NA	NA	NA	NA	NA	NA	NA	NA	NA	NA	NA	NA	NA	NA	NA	NA	NA	NA	NA	NA	NA	NA	NA	NA
hsa-miR-4785|MIMAT0019949	NA	NA	NA	NA	NA	NA	NA	NA	NA	NA	NA	NA	NA	NA	NA	NA	NA	NA	NA	NA	NA	NA	NA	NA	NA	NA	NA	NA	NA	NA	NA	NA	NA	NA	NA	NA	NA	NA	NA	NA	NA	NA	NA	NA	NA
hsa-miR-3177-5p|MIMAT0019215	NA	NA	NA	NA	NA	NA	NA	NA	NA	NA	NA	NA	NA	NA	NA	NA	NA	NA	NA	NA	NA	NA	NA	NA	NA	NA	NA	NA	NA	NA	NA	NA	NA	NA	NA	NA	NA	NA	NA	NA	NA	NA	NA	NA	NA
hsa-miR-1245b-3p|MIMAT0019951	NA	NA	NA	NA	NA	NA	NA	NA	NA	NA	NA	NA	NA	NA	NA	NA	NA	NA	NA	NA	NA	NA	NA	NA	NA	NA	NA	NA	NA	NA	NA	NA	NA	NA	NA	NA	NA	NA	NA	NA	NA	NA	NA	NA	NA
hsa-miR-2467-5p|MIMAT0019952	NA	NA	NA	NA	NA	NA	NA	NA	NA	NA	NA	NA	NA	NA	NA	NA	NA	NA	NA	NA	NA	NA	NA	NA	NA	NA	NA	NA	NA	NA	NA	NA	NA	NA	NA	NA	NA	NA	NA	NA	NA	NA	NA	NA	NA
hsa-miR-2467-3p|MIMAT0019953	NA	NA	NA	NA	NA	NA	NA	NA	NA	NA	NA	NA	NA	NA	NA	NA	NA	NA	NA	NA	NA	NA	NA	NA	NA	NA	NA	NA	NA	NA	NA	NA	NA	NA	NA	NA	NA	NA	NA	NA	NA	NA	NA	NA	NA
hsa-miR-4786-5p|MIMAT0019954	NA	NA	NA	NA	NA	NA	NA	NA	NA	NA	NA	NA	NA	NA	NA	NA	NA	NA	NA	NA	NA	NA	NA	NA	NA	NA	NA	NA	NA	NA	NA	NA	NA	NA	NA	NA	NA	NA	NA	NA	NA	NA	NA	NA	NA
hsa-miR-4786-3p|MIMAT0019955	NA	NA	NA	NA	NA	NA	NA	NA	NA	NA	NA	NA	NA	NA	NA	NA	NA	NA	NA	NA	NA	NA	NA	NA	NA	NA	NA	NA	NA	NA	NA	NA	NA	NA	NA	NA	NA	NA	NA	NA	NA	NA	NA	NA	NA
hsa-miR-4787-5p|MIMAT0019956	NA	NA	NA	NA	NA	NA	NA	NA	NA	NA	NA	NA	NA	NA	NA	NA	NA	NA	NA	NA	NA	NA	NA	NA	NA	NA	NA	NA	NA	NA	NA	NA	NA	NA	NA	NA	NA	NA	NA	NA	NA	NA	NA	NA	NA
hsa-miR-3689d|MIMAT0019008	NA	NA	NA	NA	NA	NA	NA	NA	NA	NA	NA	NA	NA	NA	NA	NA	NA	NA	NA	NA	NA	NA	NA	NA	NA	NA	NA	NA	NA	NA	NA	NA	NA	NA	NA	NA	NA	NA	NA	NA	NA	NA	NA	NA	NA
hsa-miR-4788|MIMAT0019958	NA	NA	NA	NA	NA	NA	NA	NA	NA	NA	NA	NA	NA	NA	NA	NA	NA	NA	NA	NA	NA	NA	NA	NA	NA	NA	NA	NA	NA	NA	NA	NA	NA	NA	NA	NA	NA	NA	NA	NA	NA	NA	NA	NA	NA
hsa-miR-891a-3p|MIMAT0026717	NA	NA	NA	NA	NA	NA	NA	NA	NA	NA	NA	NA	NA	NA	NA	NA	NA	NA	NA	NA	NA	NA	NA	NA	NA	NA	NA	NA	NA	NA	NA	NA	NA	NA	NA	NA	NA	NA	NA	NA	NA	NA	NA	NA	NA
hsa-miR-4789-3p|MIMAT0019960	NA	NA	NA	NA	NA	NA	NA	NA	NA	NA	NA	NA	NA	NA	NA	NA	NA	NA	NA	NA	NA	NA	NA	NA	NA	NA	NA	NA	NA	NA	NA	NA	NA	NA	NA	NA	NA	NA	NA	NA	NA	NA	NA	NA	NA
hsa-miR-3184-3p|MIMAT0022731	NA	NA	NA	NA	NA	NA	NA	NA	NA	NA	NA	NA	NA	NA	NA	NA	NA	NA	NA	NA	NA	NA	NA	NA	NA	NA	NA	NA	NA	NA	NA	NA	NA	NA	NA	NA	NA	NA	NA	NA	NA	NA	NA	NA	NA
hsa-miR-4790-3p|MIMAT0019962	NA	NA	NA	NA	NA	NA	NA	NA	NA	NA	NA	NA	NA	NA	NA	NA	NA	NA	NA	NA	NA	NA	NA	NA	NA	NA	NA	NA	NA	NA	NA	NA	NA	NA	NA	NA	NA	NA	NA	NA	NA	NA	NA	NA	NA
hsa-miR-4791|MIMAT0019963	NA	NA	NA	NA	NA	NA	NA	NA	NA	NA	NA	NA	NA	NA	NA	NA	NA	NA	NA	NA	NA	NA	NA	NA	NA	NA	NA	NA	NA	NA	NA	NA	NA	NA	NA	NA	NA	NA	NA	NA	NA	NA	NA	NA	NA
hsa-miR-4481|MIMAT0019015	NA	NA	NA	NA	NA	NA	NA	NA	NA	NA	NA	NA	NA	NA	NA	NA	NA	NA	NA	NA	NA	NA	NA	NA	NA	NA	NA	NA	NA	NA	NA	NA	NA	NA	NA	NA	NA	NA	NA	NA	NA	NA	NA	NA	NA
hsa-miR-4793-5p|MIMAT0019965	NA	NA	NA	NA	NA	NA	NA	NA	NA	NA	NA	NA	NA	NA	NA	NA	NA	NA	NA	NA	NA	NA	NA	NA	NA	NA	NA	NA	NA	NA	NA	NA	NA	NA	NA	NA	NA	NA	NA	NA	NA	NA	NA	NA	NA
hsa-miR-4793-3p|MIMAT0019966	NA	NA	NA	NA	NA	NA	NA	NA	NA	NA	NA	NA	NA	NA	NA	NA	NA	NA	NA	NA	NA	NA	NA	NA	NA	NA	NA	NA	NA	NA	NA	NA	NA	NA	NA	NA	NA	NA	NA	NA	NA	NA	NA	NA	NA
hsa-miR-4483|MIMAT0019017	NA	NA	NA	NA	NA	NA	NA	NA	NA	NA	NA	NA	NA	NA	NA	NA	NA	NA	NA	NA	NA	NA	NA	NA	NA	NA	NA	NA	NA	NA	NA	NA	NA	NA	NA	NA	NA	NA	NA	NA	NA	NA	NA	NA	NA
hsa-miR-4795-5p|MIMAT0019968	NA	NA	NA	NA	NA	NA	NA	NA	NA	NA	NA	NA	NA	NA	NA	NA	NA	NA	NA	NA	NA	NA	NA	NA	NA	NA	NA	NA	NA	NA	NA	NA	NA	NA	NA	NA	NA	NA	NA	NA	NA	NA	NA	NA	NA
hsa-miR-4795-3p|MIMAT0019969	NA	NA	NA	NA	NA	NA	NA	NA	NA	NA	NA	NA	NA	NA	NA	NA	NA	NA	NA	NA	NA	NA	NA	NA	NA	NA	NA	NA	NA	NA	NA	NA	NA	NA	NA	NA	NA	NA	NA	NA	NA	NA	NA	NA	NA
hsa-miR-3189-5p|MIMAT0019217	NA	NA	NA	NA	NA	NA	NA	NA	NA	NA	NA	NA	NA	NA	NA	NA	NA	NA	NA	NA	NA	NA	NA	NA	NA	NA	NA	NA	NA	NA	NA	NA	NA	NA	NA	NA	NA	NA	NA	NA	NA	NA	NA	NA	NA
hsa-miR-4796-3p|MIMAT0019971	NA	NA	NA	NA	NA	NA	NA	NA	NA	NA	NA	NA	NA	NA	NA	NA	NA	NA	NA	NA	NA	NA	NA	NA	NA	NA	NA	NA	NA	NA	NA	NA	NA	NA	NA	NA	NA	NA	NA	NA	NA	NA	NA	NA	NA
hsa-miR-4797-5p|MIMAT0019972	NA	NA	NA	NA	NA	NA	NA	NA	NA	NA	NA	NA	NA	NA	NA	NA	NA	NA	NA	NA	NA	NA	NA	NA	NA	NA	NA	NA	NA	NA	NA	NA	NA	NA	NA	NA	NA	NA	NA	NA	NA	NA	NA	NA	NA
hsa-miR-4488|MIMAT0019022	NA	NA	NA	NA	NA	NA	NA	NA	NA	NA	NA	NA	NA	NA	NA	NA	NA	NA	NA	NA	NA	NA	NA	NA	NA	NA	NA	NA	NA	NA	NA	NA	NA	NA	NA	NA	NA	NA	NA	NA	NA	NA	NA	NA	NA
hsa-miR-3190-3p|MIMAT0022839	NA	NA	NA	NA	NA	NA	NA	NA	NA	NA	NA	NA	NA	NA	NA	NA	NA	NA	NA	NA	NA	NA	NA	NA	NA	NA	NA	NA	NA	NA	NA	NA	NA	NA	NA	NA	NA	NA	NA	NA	NA	NA	NA	NA	NA
hsa-miR-548al|MIMAT0019024	NA	NA	NA	NA	NA	NA	NA	NA	NA	NA	NA	NA	NA	NA	NA	NA	NA	NA	NA	NA	NA	NA	NA	NA	NA	NA	NA	NA	NA	NA	NA	NA	NA	NA	NA	NA	NA	NA	NA	NA	NA	NA	NA	NA	NA
hsa-miR-4799-5p|MIMAT0019976	NA	NA	NA	NA	NA	NA	NA	NA	NA	NA	NA	NA	NA	NA	NA	NA	NA	NA	NA	NA	NA	NA	NA	NA	NA	NA	NA	NA	NA	NA	NA	NA	NA	NA	NA	NA	NA	NA	NA	NA	NA	NA	NA	NA	NA
hsa-miR-4799-3p|MIMAT0019977	NA	NA	NA	NA	NA	NA	NA	NA	NA	NA	NA	NA	NA	NA	NA	NA	NA	NA	NA	NA	NA	NA	NA	NA	NA	NA	NA	NA	NA	NA	NA	NA	NA	NA	NA	NA	NA	NA	NA	NA	NA	NA	NA	NA	NA
hsa-miR-4492|MIMAT0019027	NA	NA	NA	NA	NA	NA	NA	NA	NA	NA	NA	NA	NA	NA	NA	NA	NA	NA	NA	NA	NA	NA	NA	NA	NA	NA	NA	NA	NA	NA	NA	NA	NA	NA	NA	NA	NA	NA	NA	NA	NA	NA	NA	NA	NA
hsa-miR-4800-3p|MIMAT0019979	NA	NA	NA	NA	NA	NA	NA	NA	NA	NA	NA	NA	NA	NA	NA	NA	NA	NA	NA	NA	NA	NA	NA	NA	NA	NA	NA	NA	NA	NA	NA	NA	NA	NA	NA	NA	NA	NA	NA	NA	NA	NA	NA	NA	NA
hsa-miR-4801|MIMAT0019980	NA	NA	NA	NA	NA	NA	NA	NA	NA	NA	NA	NA	NA	NA	NA	NA	NA	NA	NA	NA	NA	NA	NA	NA	NA	NA	NA	NA	NA	NA	NA	NA	NA	NA	NA	NA	NA	NA	NA	NA	NA	NA	NA	NA	NA
hsa-miR-511-3p|MIMAT0026606	NA	NA	NA	NA	NA	NA	NA	NA	NA	NA	NA	NA	NA	NA	NA	NA	NA	NA	NA	NA	NA	NA	NA	NA	NA	NA	NA	NA	NA	NA	NA	NA	NA	NA	NA	NA	NA	NA	NA	NA	NA	NA	NA	NA	NA
hsa-miR-4802-3p|MIMAT0019982	NA	NA	NA	NA	NA	NA	NA	NA	NA	NA	NA	NA	NA	NA	NA	NA	NA	NA	NA	NA	NA	NA	NA	NA	NA	NA	NA	NA	NA	NA	NA	NA	NA	NA	NA	NA	NA	NA	NA	NA	NA	NA	NA	NA	NA
hsa-miR-4803|MIMAT0019983	NA	NA	NA	NA	NA	NA	NA	NA	NA	NA	NA	NA	NA	NA	NA	NA	NA	NA	NA	NA	NA	NA	NA	NA	NA	NA	NA	NA	NA	NA	NA	NA	NA	NA	NA	NA	NA	NA	NA	NA	NA	NA	NA	NA	NA
hsa-miR-4498|MIMAT0019033	NA	NA	NA	NA	NA	NA	NA	NA	NA	NA	NA	NA	NA	NA	NA	NA	NA	NA	NA	NA	NA	NA	NA	NA	NA	NA	NA	NA	NA	NA	NA	NA	NA	NA	NA	NA	NA	NA	NA	NA	NA	NA	NA	NA	NA
hsa-miR-4804-3p|MIMAT0019985	NA	NA	NA	NA	NA	NA	NA	NA	NA	NA	NA	NA	NA	NA	NA	NA	NA	NA	NA	NA	NA	NA	NA	NA	NA	NA	NA	NA	NA	NA	NA	NA	NA	NA	NA	NA	NA	NA	NA	NA	NA	NA	NA	NA	NA
hsa-miR-4499|MIMAT0019035	NA	NA	NA	NA	NA	NA	NA	NA	NA	NA	NA	NA	NA	NA	NA	NA	NA	NA	NA	NA	NA	NA	NA	NA	NA	NA	NA	NA	NA	NA	NA	NA	NA	NA	NA	NA	NA	NA	NA	NA	NA	NA	NA	NA	NA
hsa-miR-4999-3p|MIMAT0021018	NA	NA	NA	NA	NA	NA	NA	NA	NA	NA	NA	NA	NA	NA	NA	NA	NA	NA	NA	NA	NA	NA	NA	NA	NA	NA	NA	NA	NA	NA	NA	NA	NA	NA	NA	NA	NA	NA	NA	NA	NA	NA	NA	NA	NA
hsa-miR-5000-5p|MIMAT0021019	NA	NA	NA	NA	NA	NA	NA	NA	NA	NA	NA	NA	NA	NA	NA	NA	NA	NA	NA	NA	NA	NA	NA	NA	NA	NA	NA	NA	NA	NA	NA	NA	NA	NA	NA	NA	NA	NA	NA	NA	NA	NA	NA	NA	NA
hsa-miR-4502|MIMAT0019038	NA	NA	NA	NA	NA	NA	NA	NA	NA	NA	NA	NA	NA	NA	NA	NA	NA	NA	NA	NA	NA	NA	NA	NA	NA	NA	NA	NA	NA	NA	NA	NA	NA	NA	NA	NA	NA	NA	NA	NA	NA	NA	NA	NA	NA
hsa-miR-5001-5p|MIMAT0021021	NA	NA	NA	NA	NA	NA	NA	NA	NA	NA	NA	NA	NA	NA	NA	NA	NA	NA	NA	NA	NA	NA	NA	NA	NA	NA	NA	NA	NA	NA	NA	NA	NA	NA	NA	NA	NA	NA	NA	NA	NA	NA	NA	NA	NA
hsa-miR-4504|MIMAT0019040	NA	NA	NA	NA	NA	NA	NA	NA	NA	NA	NA	NA	NA	NA	NA	NA	NA	NA	NA	NA	NA	NA	NA	NA	NA	NA	NA	NA	NA	NA	NA	NA	NA	NA	NA	NA	NA	NA	NA	NA	NA	NA	NA	NA	NA
hsa-miR-5002-5p|MIMAT0021023	NA	NA	NA	NA	NA	NA	NA	NA	NA	NA	NA	NA	NA	NA	NA	NA	NA	NA	NA	NA	NA	NA	NA	NA	NA	NA	NA	NA	NA	NA	NA	NA	NA	NA	NA	NA	NA	NA	NA	NA	NA	NA	NA	NA	NA
hsa-miR-873-3p|MIMAT0022717	NA	NA	NA	NA	NA	NA	NA	NA	NA	NA	NA	NA	NA	NA	NA	NA	NA	NA	NA	NA	NA	NA	NA	NA	NA	NA	NA	NA	NA	NA	NA	NA	NA	NA	NA	NA	NA	NA	NA	NA	NA	NA	NA	NA	NA
hsa-miR-5003-5p|MIMAT0021025	NA	NA	NA	NA	NA	NA	NA	NA	NA	NA	NA	NA	NA	NA	NA	NA	NA	NA	NA	NA	NA	NA	NA	NA	NA	NA	NA	NA	NA	NA	NA	NA	NA	NA	NA	NA	NA	NA	NA	NA	NA	NA	NA	NA	NA
hsa-miR-5003-3p|MIMAT0021026	NA	NA	NA	NA	NA	NA	NA	NA	NA	NA	NA	NA	NA	NA	NA	NA	NA	NA	NA	NA	NA	NA	NA	NA	NA	NA	NA	NA	NA	NA	NA	NA	NA	NA	NA	NA	NA	NA	NA	NA	NA	NA	NA	NA	NA
hsa-miR-5004-5p|MIMAT0021027	NA	NA	NA	NA	NA	NA	NA	NA	NA	NA	NA	NA	NA	NA	NA	NA	NA	NA	NA	NA	NA	NA	NA	NA	NA	NA	NA	NA	NA	NA	NA	NA	NA	NA	NA	NA	NA	NA	NA	NA	NA	NA	NA	NA	NA
hsa-miR-5004-3p|MIMAT0021028	NA	NA	NA	NA	NA	NA	NA	NA	NA	NA	NA	NA	NA	NA	NA	NA	NA	NA	NA	NA	NA	NA	NA	NA	NA	NA	NA	NA	NA	NA	NA	NA	NA	NA	NA	NA	NA	NA	NA	NA	NA	NA	NA	NA	NA
hsa-miR-4510|MIMAT0019047	NA	NA	NA	NA	NA	NA	NA	NA	NA	NA	NA	NA	NA	NA	NA	NA	NA	NA	NA	NA	NA	NA	NA	NA	NA	NA	NA	NA	NA	NA	NA	NA	NA	NA	NA	NA	NA	NA	NA	NA	NA	NA	NA	NA	NA
hsa-miR-548ao-3p|MIMAT0021030	NA	NA	NA	NA	NA	NA	NA	NA	NA	NA	NA	NA	NA	NA	NA	NA	NA	NA	NA	NA	NA	NA	NA	NA	NA	NA	NA	NA	NA	NA	NA	NA	NA	NA	NA	NA	NA	NA	NA	NA	NA	NA	NA	NA	NA
hsa-miR-5006-5p|MIMAT0021033	NA	NA	NA	NA	NA	NA	NA	NA	NA	NA	NA	NA	NA	NA	NA	NA	NA	NA	NA	NA	NA	NA	NA	NA	NA	NA	NA	NA	NA	NA	NA	NA	NA	NA	NA	NA	NA	NA	NA	NA	NA	NA	NA	NA	NA
hsa-miR-216b-3p|MIMAT0026721	NA	NA	NA	NA	NA	NA	NA	NA	NA	NA	NA	NA	NA	NA	NA	NA	NA	NA	NA	NA	NA	NA	NA	NA	NA	NA	NA	NA	NA	NA	NA	NA	NA	NA	NA	NA	NA	NA	NA	NA	NA	NA	NA	NA	NA
hsa-miR-4514|MIMAT0019051	NA	NA	NA	NA	NA	NA	NA	NA	NA	NA	NA	NA	NA	NA	NA	NA	NA	NA	NA	NA	NA	NA	NA	NA	NA	NA	NA	NA	NA	NA	NA	NA	NA	NA	NA	NA	NA	NA	NA	NA	NA	NA	NA	NA	NA
hsa-miR-5007-3p|MIMAT0021036	NA	NA	NA	NA	NA	NA	NA	NA	NA	NA	NA	NA	NA	NA	NA	NA	NA	NA	NA	NA	NA	NA	NA	NA	NA	NA	NA	NA	NA	NA	NA	NA	NA	NA	NA	NA	NA	NA	NA	NA	NA	NA	NA	NA	NA
hsa-miR-548ap-5p|MIMAT0021037	NA	NA	NA	NA	NA	NA	NA	NA	NA	NA	NA	NA	NA	NA	NA	NA	NA	NA	NA	NA	NA	NA	NA	NA	NA	NA	NA	NA	NA	NA	NA	NA	NA	NA	NA	NA	NA	NA	NA	NA	NA	NA	NA	NA	NA
hsa-miR-548ap-3p|MIMAT0021038	NA	NA	NA	NA	NA	NA	NA	NA	NA	NA	NA	NA	NA	NA	NA	NA	NA	NA	NA	NA	NA	NA	NA	NA	NA	NA	NA	NA	NA	NA	NA	NA	NA	NA	NA	NA	NA	NA	NA	NA	NA	NA	NA	NA	NA
hsa-miR-5008-5p|MIMAT0021039	NA	NA	NA	NA	NA	NA	NA	NA	NA	NA	NA	NA	NA	NA	NA	NA	NA	NA	NA	NA	NA	NA	NA	NA	NA	NA	NA	NA	NA	NA	NA	NA	NA	NA	NA	NA	NA	NA	NA	NA	NA	NA	NA	NA	NA
hsa-miR-4519|MIMAT0019056	NA	NA	NA	NA	NA	NA	NA	NA	NA	NA	NA	NA	NA	NA	NA	NA	NA	NA	NA	NA	NA	NA	NA	NA	NA	NA	NA	NA	NA	NA	NA	NA	NA	NA	NA	NA	NA	NA	NA	NA	NA	NA	NA	NA	NA
hsa-miR-5009-5p|MIMAT0021041	NA	NA	NA	NA	NA	NA	NA	NA	NA	NA	NA	NA	NA	NA	NA	NA	NA	NA	NA	NA	NA	NA	NA	NA	NA	NA	NA	NA	NA	NA	NA	NA	NA	NA	NA	NA	NA	NA	NA	NA	NA	NA	NA	NA	NA
hsa-miR-5009-3p|MIMAT0021042	NA	NA	NA	NA	NA	NA	NA	NA	NA	NA	NA	NA	NA	NA	NA	NA	NA	NA	NA	NA	NA	NA	NA	NA	NA	NA	NA	NA	NA	NA	NA	NA	NA	NA	NA	NA	NA	NA	NA	NA	NA	NA	NA	NA	NA
hsa-miR-4521|MIMAT0019058	NA	NA	NA	NA	NA	NA	NA	NA	NA	NA	NA	NA	NA	NA	NA	NA	NA	NA	NA	NA	NA	NA	NA	NA	NA	NA	NA	NA	NA	NA	NA	NA	NA	NA	NA	NA	NA	NA	NA	NA	NA	NA	NA	NA	NA
hsa-miR-5010-3p|MIMAT0021044	NA	NA	NA	NA	NA	NA	NA	NA	NA	NA	NA	NA	NA	NA	NA	NA	NA	NA	NA	NA	NA	NA	NA	NA	NA	NA	NA	NA	NA	NA	NA	NA	NA	NA	NA	NA	NA	NA	NA	NA	NA	NA	NA	NA	NA
hsa-miR-4522|MIMAT0019060	NA	NA	NA	NA	NA	NA	NA	NA	NA	NA	NA	NA	NA	NA	NA	NA	NA	NA	NA	NA	NA	NA	NA	NA	NA	NA	NA	NA	NA	NA	NA	NA	NA	NA	NA	NA	NA	NA	NA	NA	NA	NA	NA	NA	NA
hsa-miR-4523|MIMAT0019061	NA	NA	NA	NA	NA	NA	NA	NA	NA	NA	NA	NA	NA	NA	NA	NA	NA	NA	NA	NA	NA	NA	NA	NA	NA	NA	NA	NA	NA	NA	NA	NA	NA	NA	NA	NA	NA	NA	NA	NA	NA	NA	NA	NA	NA
hsa-miR-5047|MIMAT0020541	NA	NA	NA	NA	NA	NA	NA	NA	NA	NA	NA	NA	NA	NA	NA	NA	NA	NA	NA	NA	NA	NA	NA	NA	NA	NA	NA	NA	NA	NA	NA	NA	NA	NA	NA	NA	NA	NA	NA	NA	NA	NA	NA	NA	NA
hsa-miR-5087|MIMAT0021079	NA	NA	NA	NA	NA	NA	NA	NA	NA	NA	NA	NA	NA	NA	NA	NA	NA	NA	NA	NA	NA	NA	NA	NA	NA	NA	NA	NA	NA	NA	NA	NA	NA	NA	NA	NA	NA	NA	NA	NA	NA	NA	NA	NA	NA
hsa-miR-5088-5p|MIMAT0021080	NA	NA	NA	NA	NA	NA	NA	NA	NA	NA	NA	NA	NA	NA	NA	NA	NA	NA	NA	NA	NA	NA	NA	NA	NA	NA	NA	NA	NA	NA	NA	NA	NA	NA	NA	NA	NA	NA	NA	NA	NA	NA	NA	NA	NA
hsa-miR-4526|MIMAT0019065	NA	NA	NA	NA	NA	NA	NA	NA	NA	NA	NA	NA	NA	NA	NA	NA	NA	NA	NA	NA	NA	NA	NA	NA	NA	NA	NA	NA	NA	NA	NA	NA	NA	NA	NA	NA	NA	NA	NA	NA	NA	NA	NA	NA	NA
hsa-miR-5089-5p|MIMAT0021081	NA	NA	NA	NA	NA	NA	NA	NA	NA	NA	NA	NA	NA	NA	NA	NA	NA	NA	NA	NA	NA	NA	NA	NA	NA	NA	NA	NA	NA	NA	NA	NA	NA	NA	NA	NA	NA	NA	NA	NA	NA	NA	NA	NA	NA
hsa-miR-5089-3p|MIMAT0022984	NA	NA	NA	NA	NA	NA	NA	NA	NA	NA	NA	NA	NA	NA	NA	NA	NA	NA	NA	NA	NA	NA	NA	NA	NA	NA	NA	NA	NA	NA	NA	NA	NA	NA	NA	NA	NA	NA	NA	NA	NA	NA	NA	NA	NA
hsa-miR-5090|MIMAT0021082	NA	NA	NA	NA	NA	NA	NA	NA	NA	NA	NA	NA	NA	NA	NA	NA	NA	NA	NA	NA	NA	NA	NA	NA	NA	NA	NA	NA	NA	NA	NA	NA	NA	NA	NA	NA	NA	NA	NA	NA	NA	NA	NA	NA	NA
hsa-miR-4529-3p|MIMAT0019068	NA	NA	NA	NA	NA	NA	NA	NA	NA	NA	NA	NA	NA	NA	NA	NA	NA	NA	NA	NA	NA	NA	NA	NA	NA	NA	NA	NA	NA	NA	NA	NA	NA	NA	NA	NA	NA	NA	NA	NA	NA	NA	NA	NA	NA
hsa-miR-5092|MIMAT0021084	NA	NA	NA	NA	NA	NA	NA	NA	NA	NA	NA	NA	NA	NA	NA	NA	NA	NA	NA	NA	NA	NA	NA	NA	NA	NA	NA	NA	NA	NA	NA	NA	NA	NA	NA	NA	NA	NA	NA	NA	NA	NA	NA	NA	NA
hsa-miR-5093|MIMAT0021085	NA	NA	NA	NA	NA	NA	NA	NA	NA	NA	NA	NA	NA	NA	NA	NA	NA	NA	NA	NA	NA	NA	NA	NA	NA	NA	NA	NA	NA	NA	NA	NA	NA	NA	NA	NA	NA	NA	NA	NA	NA	NA	NA	NA	NA
hsa-miR-5094|MIMAT0021086	NA	NA	NA	NA	NA	NA	NA	NA	NA	NA	NA	NA	NA	NA	NA	NA	NA	NA	NA	NA	NA	NA	NA	NA	NA	NA	NA	NA	NA	NA	NA	NA	NA	NA	NA	NA	NA	NA	NA	NA	NA	NA	NA	NA	NA
hsa-miR-4533|MIMAT0019072	NA	NA	NA	NA	NA	NA	NA	NA	NA	NA	NA	NA	NA	NA	NA	NA	NA	NA	NA	NA	NA	NA	NA	NA	NA	NA	NA	NA	NA	NA	NA	NA	NA	NA	NA	NA	NA	NA	NA	NA	NA	NA	NA	NA	NA
hsa-miR-1273f|MIMAT0020601	NA	NA	NA	NA	NA	NA	NA	NA	NA	NA	NA	NA	NA	NA	NA	NA	NA	NA	NA	NA	NA	NA	NA	NA	NA	NA	NA	NA	NA	NA	NA	NA	NA	NA	NA	NA	NA	NA	NA	NA	NA	NA	NA	NA	NA
hsa-miR-1273g-5p|MIMAT0020602	NA	NA	NA	NA	NA	NA	NA	NA	NA	NA	NA	NA	NA	NA	NA	NA	NA	NA	NA	NA	NA	NA	NA	NA	NA	NA	NA	NA	NA	NA	NA	NA	NA	NA	NA	NA	NA	NA	NA	NA	NA	NA	NA	NA	NA
hsa-miR-4535|MIMAT0019075	NA	NA	NA	NA	NA	NA	NA	NA	NA	NA	NA	NA	NA	NA	NA	NA	NA	NA	NA	NA	NA	NA	NA	NA	NA	NA	NA	NA	NA	NA	NA	NA	NA	NA	NA	NA	NA	NA	NA	NA	NA	NA	NA	NA	NA
hsa-miR-5096|MIMAT0020603	NA	NA	NA	NA	NA	NA	NA	NA	NA	NA	NA	NA	NA	NA	NA	NA	NA	NA	NA	NA	NA	NA	NA	NA	NA	NA	NA	NA	NA	NA	NA	NA	NA	NA	NA	NA	NA	NA	NA	NA	NA	NA	NA	NA	NA
hsa-miR-5186|MIMAT0021116	NA	NA	NA	NA	NA	NA	NA	NA	NA	NA	NA	NA	NA	NA	NA	NA	NA	NA	NA	NA	NA	NA	NA	NA	NA	NA	NA	NA	NA	NA	NA	NA	NA	NA	NA	NA	NA	NA	NA	NA	NA	NA	NA	NA	NA
hsa-miR-5187-5p|MIMAT0021117	NA	NA	NA	NA	NA	NA	NA	NA	NA	NA	NA	NA	NA	NA	NA	NA	NA	NA	NA	NA	NA	NA	NA	NA	NA	NA	NA	NA	NA	NA	NA	NA	NA	NA	NA	NA	NA	NA	NA	NA	NA	NA	NA	NA	NA
hsa-miR-5187-3p|MIMAT0021118	NA	NA	NA	NA	NA	NA	NA	NA	NA	NA	NA	NA	NA	NA	NA	NA	NA	NA	NA	NA	NA	NA	NA	NA	NA	NA	NA	NA	NA	NA	NA	NA	NA	NA	NA	NA	NA	NA	NA	NA	NA	NA	NA	NA	NA
hsa-miR-5188|MIMAT0021119	NA	NA	NA	NA	NA	NA	NA	NA	NA	NA	NA	NA	NA	NA	NA	NA	NA	NA	NA	NA	NA	NA	NA	NA	NA	NA	NA	NA	NA	NA	NA	NA	NA	NA	NA	NA	NA	NA	NA	NA	NA	NA	NA	NA	NA
hsa-miR-5189-5p|MIMAT0021120	NA	NA	NA	NA	NA	NA	NA	NA	NA	NA	NA	NA	NA	NA	NA	NA	NA	NA	NA	NA	NA	NA	NA	NA	NA	NA	NA	NA	NA	NA	NA	NA	NA	NA	NA	NA	NA	NA	NA	NA	NA	NA	NA	NA	NA
hsa-miR-5189-3p|MIMAT0027088	NA	NA	NA	NA	NA	NA	NA	NA	NA	NA	NA	NA	NA	NA	NA	NA	NA	NA	NA	NA	NA	NA	NA	NA	NA	NA	NA	NA	NA	NA	NA	NA	NA	NA	NA	NA	NA	NA	NA	NA	NA	NA	NA	NA	NA
hsa-miR-5190|MIMAT0021121	NA	NA	NA	NA	NA	NA	NA	NA	NA	NA	NA	NA	NA	NA	NA	NA	NA	NA	NA	NA	NA	NA	NA	NA	NA	NA	NA	NA	NA	NA	NA	NA	NA	NA	NA	NA	NA	NA	NA	NA	NA	NA	NA	NA	NA
hsa-miR-519d-5p|MIMAT0026610	NA	NA	NA	NA	NA	NA	NA	NA	NA	NA	NA	NA	NA	NA	NA	NA	NA	NA	NA	NA	NA	NA	NA	NA	NA	NA	NA	NA	NA	NA	NA	NA	NA	NA	NA	NA	NA	NA	NA	NA	NA	NA	NA	NA	NA
hsa-miR-4540|MIMAT0019083	NA	NA	NA	NA	NA	NA	NA	NA	NA	NA	NA	NA	NA	NA	NA	NA	NA	NA	NA	NA	NA	NA	NA	NA	NA	NA	NA	NA	NA	NA	NA	NA	NA	NA	NA	NA	NA	NA	NA	NA	NA	NA	NA	NA	NA
hsa-miR-5193|MIMAT0021124	NA	NA	NA	NA	NA	NA	NA	NA	NA	NA	NA	NA	NA	NA	NA	NA	NA	NA	NA	NA	NA	NA	NA	NA	NA	NA	NA	NA	NA	NA	NA	NA	NA	NA	NA	NA	NA	NA	NA	NA	NA	NA	NA	NA	NA
hsa-miR-5194|MIMAT0021125	NA	NA	NA	NA	NA	NA	NA	NA	NA	NA	NA	NA	NA	NA	NA	NA	NA	NA	NA	NA	NA	NA	NA	NA	NA	NA	NA	NA	NA	NA	NA	NA	NA	NA	NA	NA	NA	NA	NA	NA	NA	NA	NA	NA	NA
hsa-miR-5195-5p|MIMAT0021126	NA	NA	NA	NA	NA	NA	NA	NA	NA	NA	NA	NA	NA	NA	NA	NA	NA	NA	NA	NA	NA	NA	NA	NA	NA	NA	NA	NA	NA	NA	NA	NA	NA	NA	NA	NA	NA	NA	NA	NA	NA	NA	NA	NA	NA
hsa-miR-3974|MIMAT0019359	NA	NA	NA	NA	NA	NA	NA	NA	NA	NA	NA	NA	NA	NA	NA	NA	NA	NA	NA	NA	NA	NA	NA	NA	NA	NA	NA	NA	NA	NA	NA	NA	NA	NA	NA	NA	NA	NA	NA	NA	NA	NA	NA	NA	NA
hsa-miR-3975|MIMAT0019360	NA	NA	NA	NA	NA	NA	NA	NA	NA	NA	NA	NA	NA	NA	NA	NA	NA	NA	NA	NA	NA	NA	NA	NA	NA	NA	NA	NA	NA	NA	NA	NA	NA	NA	NA	NA	NA	NA	NA	NA	NA	NA	NA	NA	NA
hsa-miR-5196-3p|MIMAT0021129	NA	NA	NA	NA	NA	NA	NA	NA	NA	NA	NA	NA	NA	NA	NA	NA	NA	NA	NA	NA	NA	NA	NA	NA	NA	NA	NA	NA	NA	NA	NA	NA	NA	NA	NA	NA	NA	NA	NA	NA	NA	NA	NA	NA	NA
hsa-miR-3977|MIMAT0019362	NA	NA	NA	NA	NA	NA	NA	NA	NA	NA	NA	NA	NA	NA	NA	NA	NA	NA	NA	NA	NA	NA	NA	NA	NA	NA	NA	NA	NA	NA	NA	NA	NA	NA	NA	NA	NA	NA	NA	NA	NA	NA	NA	NA	NA
hsa-miR-5197-3p|MIMAT0021131	NA	NA	NA	NA	NA	NA	NA	NA	NA	NA	NA	NA	NA	NA	NA	NA	NA	NA	NA	NA	NA	NA	NA	NA	NA	NA	NA	NA	NA	NA	NA	NA	NA	NA	NA	NA	NA	NA	NA	NA	NA	NA	NA	NA	NA
hsa-miR-4524b-5p|MIMAT0022255	NA	NA	NA	NA	NA	NA	NA	NA	NA	NA	NA	NA	NA	NA	NA	NA	NA	NA	NA	NA	NA	NA	NA	NA	NA	NA	NA	NA	NA	NA	NA	NA	NA	NA	NA	NA	NA	NA	NA	NA	NA	NA	NA	NA	NA
hsa-miR-4632-3p|MIMAT0019688	NA	NA	NA	NA	NA	NA	NA	NA	NA	NA	NA	NA	NA	NA	NA	NA	NA	NA	NA	NA	NA	NA	NA	NA	NA	NA	NA	NA	NA	NA	NA	NA	NA	NA	NA	NA	NA	NA	NA	NA	NA	NA	NA	NA	NA
hsa-miR-4633-5p|MIMAT0019689	NA	NA	NA	NA	NA	NA	NA	NA	NA	NA	NA	NA	NA	NA	NA	NA	NA	NA	NA	NA	NA	NA	NA	NA	NA	NA	NA	NA	NA	NA	NA	NA	NA	NA	NA	NA	NA	NA	NA	NA	NA	NA	NA	NA	NA
hsa-miR-4633-3p|MIMAT0019690	NA	NA	NA	NA	NA	NA	NA	NA	NA	NA	NA	NA	NA	NA	NA	NA	NA	NA	NA	NA	NA	NA	NA	NA	NA	NA	NA	NA	NA	NA	NA	NA	NA	NA	NA	NA	NA	NA	NA	NA	NA	NA	NA	NA	NA
hsa-miR-5100|MIMAT0022259	NA	NA	NA	NA	NA	NA	NA	NA	NA	NA	NA	NA	NA	NA	NA	NA	NA	NA	NA	NA	NA	NA	NA	NA	NA	NA	NA	NA	NA	NA	NA	NA	NA	NA	NA	NA	NA	NA	NA	NA	NA	NA	NA	NA	NA
hsa-miR-1238-5p|MIMAT0022947	NA	NA	NA	NA	NA	NA	NA	NA	NA	NA	NA	NA	NA	NA	NA	NA	NA	NA	NA	NA	NA	NA	NA	NA	NA	NA	NA	NA	NA	NA	NA	NA	NA	NA	NA	NA	NA	NA	NA	NA	NA	NA	NA	NA	NA
hsa-miR-548aq-5p|MIMAT0022263	NA	NA	NA	NA	NA	NA	NA	NA	NA	NA	NA	NA	NA	NA	NA	NA	NA	NA	NA	NA	NA	NA	NA	NA	NA	NA	NA	NA	NA	NA	NA	NA	NA	NA	NA	NA	NA	NA	NA	NA	NA	NA	NA	NA	NA
hsa-miR-548aq-3p|MIMAT0022264	NA	NA	NA	NA	NA	NA	NA	NA	NA	NA	NA	NA	NA	NA	NA	NA	NA	NA	NA	NA	NA	NA	NA	NA	NA	NA	NA	NA	NA	NA	NA	NA	NA	NA	NA	NA	NA	NA	NA	NA	NA	NA	NA	NA	NA
hsa-miR-4638-5p|MIMAT0019695	NA	NA	NA	NA	NA	NA	NA	NA	NA	NA	NA	NA	NA	NA	NA	NA	NA	NA	NA	NA	NA	NA	NA	NA	NA	NA	NA	NA	NA	NA	NA	NA	NA	NA	NA	NA	NA	NA	NA	NA	NA	NA	NA	NA	NA
hsa-miR-548ar-3p|MIMAT0022266	NA	NA	NA	NA	NA	NA	NA	NA	NA	NA	NA	NA	NA	NA	NA	NA	NA	NA	NA	NA	NA	NA	NA	NA	NA	NA	NA	NA	NA	NA	NA	NA	NA	NA	NA	NA	NA	NA	NA	NA	NA	NA	NA	NA	NA
hsa-miR-548as-5p|MIMAT0022267	NA	NA	NA	NA	NA	NA	NA	NA	NA	NA	NA	NA	NA	NA	NA	NA	NA	NA	NA	NA	NA	NA	NA	NA	NA	NA	NA	NA	NA	NA	NA	NA	NA	NA	NA	NA	NA	NA	NA	NA	NA	NA	NA	NA	NA
hsa-miR-4639-3p|MIMAT0019698	NA	NA	NA	NA	NA	NA	NA	NA	NA	NA	NA	NA	NA	NA	NA	NA	NA	NA	NA	NA	NA	NA	NA	NA	NA	NA	NA	NA	NA	NA	NA	NA	NA	NA	NA	NA	NA	NA	NA	NA	NA	NA	NA	NA	NA
hsa-miR-4640-5p|MIMAT0019699	NA	NA	NA	NA	NA	NA	NA	NA	NA	NA	NA	NA	NA	NA	NA	NA	NA	NA	NA	NA	NA	NA	NA	NA	NA	NA	NA	NA	NA	NA	NA	NA	NA	NA	NA	NA	NA	NA	NA	NA	NA	NA	NA	NA	NA
hsa-miR-5579-3p|MIMAT0022270	NA	NA	NA	NA	NA	NA	NA	NA	NA	NA	NA	NA	NA	NA	NA	NA	NA	NA	NA	NA	NA	NA	NA	NA	NA	NA	NA	NA	NA	NA	NA	NA	NA	NA	NA	NA	NA	NA	NA	NA	NA	NA	NA	NA	NA
hsa-miR-664b-5p|MIMAT0022271	NA	NA	NA	NA	NA	NA	NA	NA	NA	NA	NA	NA	NA	NA	NA	NA	NA	NA	NA	NA	NA	NA	NA	NA	NA	NA	NA	NA	NA	NA	NA	NA	NA	NA	NA	NA	NA	NA	NA	NA	NA	NA	NA	NA	NA
hsa-miR-664b-3p|MIMAT0022272	NA	NA	NA	NA	NA	NA	NA	NA	NA	NA	NA	NA	NA	NA	NA	NA	NA	NA	NA	NA	NA	NA	NA	NA	NA	NA	NA	NA	NA	NA	NA	NA	NA	NA	NA	NA	NA	NA	NA	NA	NA	NA	NA	NA	NA
hsa-miR-5580-5p|MIMAT0022273	NA	NA	NA	NA	NA	NA	NA	NA	NA	NA	NA	NA	NA	NA	NA	NA	NA	NA	NA	NA	NA	NA	NA	NA	NA	NA	NA	NA	NA	NA	NA	NA	NA	NA	NA	NA	NA	NA	NA	NA	NA	NA	NA	NA	NA
hsa-miR-4644|MIMAT0019704	NA	NA	NA	NA	NA	NA	NA	NA	NA	NA	NA	NA	NA	NA	NA	NA	NA	NA	NA	NA	NA	NA	NA	NA	NA	NA	NA	NA	NA	NA	NA	NA	NA	NA	NA	NA	NA	NA	NA	NA	NA	NA	NA	NA	NA
hsa-miR-4645-5p|MIMAT0019705	NA	NA	NA	NA	NA	NA	NA	NA	NA	NA	NA	NA	NA	NA	NA	NA	NA	NA	NA	NA	NA	NA	NA	NA	NA	NA	NA	NA	NA	NA	NA	NA	NA	NA	NA	NA	NA	NA	NA	NA	NA	NA	NA	NA	NA
hsa-miR-5581-3p|MIMAT0022276	NA	NA	NA	NA	NA	NA	NA	NA	NA	NA	NA	NA	NA	NA	NA	NA	NA	NA	NA	NA	NA	NA	NA	NA	NA	NA	NA	NA	NA	NA	NA	NA	NA	NA	NA	NA	NA	NA	NA	NA	NA	NA	NA	NA	NA
hsa-miR-548j-3p|MIMAT0026737	NA	NA	NA	NA	NA	NA	NA	NA	NA	NA	NA	NA	NA	NA	NA	NA	NA	NA	NA	NA	NA	NA	NA	NA	NA	NA	NA	NA	NA	NA	NA	NA	NA	NA	NA	NA	NA	NA	NA	NA	NA	NA	NA	NA	NA
hsa-miR-4646-3p|MIMAT0019708	NA	NA	NA	NA	NA	NA	NA	NA	NA	NA	NA	NA	NA	NA	NA	NA	NA	NA	NA	NA	NA	NA	NA	NA	NA	NA	NA	NA	NA	NA	NA	NA	NA	NA	NA	NA	NA	NA	NA	NA	NA	NA	NA	NA	NA
hsa-miR-5582-5p|MIMAT0022279	NA	NA	NA	NA	NA	NA	NA	NA	NA	NA	NA	NA	NA	NA	NA	NA	NA	NA	NA	NA	NA	NA	NA	NA	NA	NA	NA	NA	NA	NA	NA	NA	NA	NA	NA	NA	NA	NA	NA	NA	NA	NA	NA	NA	NA
hsa-miR-4648|MIMAT0019710	NA	NA	NA	NA	NA	NA	NA	NA	NA	NA	NA	NA	NA	NA	NA	NA	NA	NA	NA	NA	NA	NA	NA	NA	NA	NA	NA	NA	NA	NA	NA	NA	NA	NA	NA	NA	NA	NA	NA	NA	NA	NA	NA	NA	NA
hsa-miR-5583-5p|MIMAT0022281	NA	NA	NA	NA	NA	NA	NA	NA	NA	NA	NA	NA	NA	NA	NA	NA	NA	NA	NA	NA	NA	NA	NA	NA	NA	NA	NA	NA	NA	NA	NA	NA	NA	NA	NA	NA	NA	NA	NA	NA	NA	NA	NA	NA	NA
hsa-miR-1287-3p|MIMAT0026738	NA	NA	NA	NA	NA	NA	NA	NA	NA	NA	NA	NA	NA	NA	NA	NA	NA	NA	NA	NA	NA	NA	NA	NA	NA	NA	NA	NA	NA	NA	NA	NA	NA	NA	NA	NA	NA	NA	NA	NA	NA	NA	NA	NA	NA
hsa-miR-5584-5p|MIMAT0022283	NA	NA	NA	NA	NA	NA	NA	NA	NA	NA	NA	NA	NA	NA	NA	NA	NA	NA	NA	NA	NA	NA	NA	NA	NA	NA	NA	NA	NA	NA	NA	NA	NA	NA	NA	NA	NA	NA	NA	NA	NA	NA	NA	NA	NA
hsa-miR-4650-3p|MIMAT0019714	NA	NA	NA	NA	NA	NA	NA	NA	NA	NA	NA	NA	NA	NA	NA	NA	NA	NA	NA	NA	NA	NA	NA	NA	NA	NA	NA	NA	NA	NA	NA	NA	NA	NA	NA	NA	NA	NA	NA	NA	NA	NA	NA	NA	NA
hsa-miR-5585-5p|MIMAT0022285	NA	NA	NA	NA	NA	NA	NA	NA	NA	NA	NA	NA	NA	NA	NA	NA	NA	NA	NA	NA	NA	NA	NA	NA	NA	NA	NA	NA	NA	NA	NA	NA	NA	NA	NA	NA	NA	NA	NA	NA	NA	NA	NA	NA	NA
hsa-miR-5585-3p|MIMAT0022286	NA	NA	NA	NA	NA	NA	NA	NA	NA	NA	NA	NA	NA	NA	NA	NA	NA	NA	NA	NA	NA	NA	NA	NA	NA	NA	NA	NA	NA	NA	NA	NA	NA	NA	NA	NA	NA	NA	NA	NA	NA	NA	NA	NA	NA
hsa-miR-5586-5p|MIMAT0022287	NA	NA	NA	NA	NA	NA	NA	NA	NA	NA	NA	NA	NA	NA	NA	NA	NA	NA	NA	NA	NA	NA	NA	NA	NA	NA	NA	NA	NA	NA	NA	NA	NA	NA	NA	NA	NA	NA	NA	NA	NA	NA	NA	NA	NA
hsa-miR-5586-3p|MIMAT0022288	NA	NA	NA	NA	NA	NA	NA	NA	NA	NA	NA	NA	NA	NA	NA	NA	NA	NA	NA	NA	NA	NA	NA	NA	NA	NA	NA	NA	NA	NA	NA	NA	NA	NA	NA	NA	NA	NA	NA	NA	NA	NA	NA	NA	NA
hsa-miR-500b-3p|MIMAT0027032	NA	NA	NA	NA	NA	NA	NA	NA	NA	NA	NA	NA	NA	NA	NA	NA	NA	NA	NA	NA	NA	NA	NA	NA	NA	NA	NA	NA	NA	NA	NA	NA	NA	NA	NA	NA	NA	NA	NA	NA	NA	NA	NA	NA	NA
hsa-miR-5587-3p|MIMAT0022290	NA	NA	NA	NA	NA	NA	NA	NA	NA	NA	NA	NA	NA	NA	NA	NA	NA	NA	NA	NA	NA	NA	NA	NA	NA	NA	NA	NA	NA	NA	NA	NA	NA	NA	NA	NA	NA	NA	NA	NA	NA	NA	NA	NA	NA
hsa-miR-548au-5p|MIMAT0022291	NA	NA	NA	NA	NA	NA	NA	NA	NA	NA	NA	NA	NA	NA	NA	NA	NA	NA	NA	NA	NA	NA	NA	NA	NA	NA	NA	NA	NA	NA	NA	NA	NA	NA	NA	NA	NA	NA	NA	NA	NA	NA	NA	NA	NA
hsa-miR-548au-3p|MIMAT0022292	NA	NA	NA	NA	NA	NA	NA	NA	NA	NA	NA	NA	NA	NA	NA	NA	NA	NA	NA	NA	NA	NA	NA	NA	NA	NA	NA	NA	NA	NA	NA	NA	NA	NA	NA	NA	NA	NA	NA	NA	NA	NA	NA	NA	NA
hsa-miR-1295b-5p|MIMAT0022293	NA	NA	NA	NA	NA	NA	NA	NA	NA	NA	NA	NA	NA	NA	NA	NA	NA	NA	NA	NA	NA	NA	NA	NA	NA	NA	NA	NA	NA	NA	NA	NA	NA	NA	NA	NA	NA	NA	NA	NA	NA	NA	NA	NA	NA
hsa-miR-4657|MIMAT0019724	NA	NA	NA	NA	NA	NA	NA	NA	NA	NA	NA	NA	NA	NA	NA	NA	NA	NA	NA	NA	NA	NA	NA	NA	NA	NA	NA	NA	NA	NA	NA	NA	NA	NA	NA	NA	NA	NA	NA	NA	NA	NA	NA	NA	NA
hsa-miR-5588-5p|MIMAT0022295	NA	NA	NA	NA	NA	NA	NA	NA	NA	NA	NA	NA	NA	NA	NA	NA	NA	NA	NA	NA	NA	NA	NA	NA	NA	NA	NA	NA	NA	NA	NA	NA	NA	NA	NA	NA	NA	NA	NA	NA	NA	NA	NA	NA	NA
hsa-miR-4659a-5p|MIMAT0019726	NA	NA	NA	NA	NA	NA	NA	NA	NA	NA	NA	NA	NA	NA	NA	NA	NA	NA	NA	NA	NA	NA	NA	NA	NA	NA	NA	NA	NA	NA	NA	NA	NA	NA	NA	NA	NA	NA	NA	NA	NA	NA	NA	NA	NA
hsa-miR-4659a-3p|MIMAT0019727	NA	NA	NA	NA	NA	NA	NA	NA	NA	NA	NA	NA	NA	NA	NA	NA	NA	NA	NA	NA	NA	NA	NA	NA	NA	NA	NA	NA	NA	NA	NA	NA	NA	NA	NA	NA	NA	NA	NA	NA	NA	NA	NA	NA	NA
hsa-miR-4660|MIMAT0019728	NA	NA	NA	NA	NA	NA	NA	NA	NA	NA	NA	NA	NA	NA	NA	NA	NA	NA	NA	NA	NA	NA	NA	NA	NA	NA	NA	NA	NA	NA	NA	NA	NA	NA	NA	NA	NA	NA	NA	NA	NA	NA	NA	NA	NA
hsa-miR-4661-5p|MIMAT0019729	NA	NA	NA	NA	NA	NA	NA	NA	NA	NA	NA	NA	NA	NA	NA	NA	NA	NA	NA	NA	NA	NA	NA	NA	NA	NA	NA	NA	NA	NA	NA	NA	NA	NA	NA	NA	NA	NA	NA	NA	NA	NA	NA	NA	NA
hsa-miR-5590-3p|MIMAT0022300	NA	NA	NA	NA	NA	NA	NA	NA	NA	NA	NA	NA	NA	NA	NA	NA	NA	NA	NA	NA	NA	NA	NA	NA	NA	NA	NA	NA	NA	NA	NA	NA	NA	NA	NA	NA	NA	NA	NA	NA	NA	NA	NA	NA	NA
hsa-miR-5591-5p|MIMAT0022301	NA	NA	NA	NA	NA	NA	NA	NA	NA	NA	NA	NA	NA	NA	NA	NA	NA	NA	NA	NA	NA	NA	NA	NA	NA	NA	NA	NA	NA	NA	NA	NA	NA	NA	NA	NA	NA	NA	NA	NA	NA	NA	NA	NA	NA
hsa-miR-5591-3p|MIMAT0022302	NA	NA	NA	NA	NA	NA	NA	NA	NA	NA	NA	NA	NA	NA	NA	NA	NA	NA	NA	NA	NA	NA	NA	NA	NA	NA	NA	NA	NA	NA	NA	NA	NA	NA	NA	NA	NA	NA	NA	NA	NA	NA	NA	NA	NA
hsa-miR-548av-5p|MIMAT0022303	NA	NA	NA	NA	NA	NA	NA	NA	NA	NA	NA	NA	NA	NA	NA	NA	NA	NA	NA	NA	NA	NA	NA	NA	NA	NA	NA	NA	NA	NA	NA	NA	NA	NA	NA	NA	NA	NA	NA	NA	NA	NA	NA	NA	NA
hsa-miR-548av-3p|MIMAT0022304	NA	NA	NA	NA	NA	NA	NA	NA	NA	NA	NA	NA	NA	NA	NA	NA	NA	NA	NA	NA	NA	NA	NA	NA	NA	NA	NA	NA	NA	NA	NA	NA	NA	NA	NA	NA	NA	NA	NA	NA	NA	NA	NA	NA	NA
hsa-miR-1247-3p|MIMAT0022721	NA	NA	NA	NA	NA	NA	NA	NA	NA	NA	NA	NA	NA	NA	NA	NA	NA	NA	NA	NA	NA	NA	NA	NA	NA	NA	NA	NA	NA	NA	NA	NA	NA	NA	NA	NA	NA	NA	NA	NA	NA	NA	NA	NA	NA
hsa-miR-5681a|MIMAT0022469	NA	NA	NA	NA	NA	NA	NA	NA	NA	NA	NA	NA	NA	NA	NA	NA	NA	NA	NA	NA	NA	NA	NA	NA	NA	NA	NA	NA	NA	NA	NA	NA	NA	NA	NA	NA	NA	NA	NA	NA	NA	NA	NA	NA	NA
hsa-miR-4664-5p|MIMAT0019737	NA	NA	NA	NA	NA	NA	NA	NA	NA	NA	NA	NA	NA	NA	NA	NA	NA	NA	NA	NA	NA	NA	NA	NA	NA	NA	NA	NA	NA	NA	NA	NA	NA	NA	NA	NA	NA	NA	NA	NA	NA	NA	NA	NA	NA
hsa-miR-548aw|MIMAT0022471	NA	NA	NA	NA	NA	NA	NA	NA	NA	NA	NA	NA	NA	NA	NA	NA	NA	NA	NA	NA	NA	NA	NA	NA	NA	NA	NA	NA	NA	NA	NA	NA	NA	NA	NA	NA	NA	NA	NA	NA	NA	NA	NA	NA	NA
hsa-miR-3617-3p|MIMAT0022966	NA	NA	NA	NA	NA	NA	NA	NA	NA	NA	NA	NA	NA	NA	NA	NA	NA	NA	NA	NA	NA	NA	NA	NA	NA	NA	NA	NA	NA	NA	NA	NA	NA	NA	NA	NA	NA	NA	NA	NA	NA	NA	NA	NA	NA
hsa-miR-1250-3p|MIMAT0026740	NA	NA	NA	NA	NA	NA	NA	NA	NA	NA	NA	NA	NA	NA	NA	NA	NA	NA	NA	NA	NA	NA	NA	NA	NA	NA	NA	NA	NA	NA	NA	NA	NA	NA	NA	NA	NA	NA	NA	NA	NA	NA	NA	NA	NA
hsa-miR-548ax|MIMAT0022474	NA	NA	NA	NA	NA	NA	NA	NA	NA	NA	NA	NA	NA	NA	NA	NA	NA	NA	NA	NA	NA	NA	NA	NA	NA	NA	NA	NA	NA	NA	NA	NA	NA	NA	NA	NA	NA	NA	NA	NA	NA	NA	NA	NA	NA
hsa-miR-3619-3p|MIMAT0019219	NA	NA	NA	NA	NA	NA	NA	NA	NA	NA	NA	NA	NA	NA	NA	NA	NA	NA	NA	NA	NA	NA	NA	NA	NA	NA	NA	NA	NA	NA	NA	NA	NA	NA	NA	NA	NA	NA	NA	NA	NA	NA	NA	NA	NA
hsa-miR-552-5p|MIMAT0026615	NA	NA	NA	NA	NA	NA	NA	NA	NA	NA	NA	NA	NA	NA	NA	NA	NA	NA	NA	NA	NA	NA	NA	NA	NA	NA	NA	NA	NA	NA	NA	NA	NA	NA	NA	NA	NA	NA	NA	NA	NA	NA	NA	NA	NA
hsa-miR-4667-3p|MIMAT0019744	NA	NA	NA	NA	NA	NA	NA	NA	NA	NA	NA	NA	NA	NA	NA	NA	NA	NA	NA	NA	NA	NA	NA	NA	NA	NA	NA	NA	NA	NA	NA	NA	NA	NA	NA	NA	NA	NA	NA	NA	NA	NA	NA	NA	NA
hsa-miR-5688|MIMAT0022479	NA	NA	NA	NA	NA	NA	NA	NA	NA	NA	NA	NA	NA	NA	NA	NA	NA	NA	NA	NA	NA	NA	NA	NA	NA	NA	NA	NA	NA	NA	NA	NA	NA	NA	NA	NA	NA	NA	NA	NA	NA	NA	NA	NA	NA
hsa-miR-5681b|MIMAT0022480	NA	NA	NA	NA	NA	NA	NA	NA	NA	NA	NA	NA	NA	NA	NA	NA	NA	NA	NA	NA	NA	NA	NA	NA	NA	NA	NA	NA	NA	NA	NA	NA	NA	NA	NA	NA	NA	NA	NA	NA	NA	NA	NA	NA	NA
hsa-miR-5689|MIMAT0022481	NA	NA	NA	NA	NA	NA	NA	NA	NA	NA	NA	NA	NA	NA	NA	NA	NA	NA	NA	NA	NA	NA	NA	NA	NA	NA	NA	NA	NA	NA	NA	NA	NA	NA	NA	NA	NA	NA	NA	NA	NA	NA	NA	NA	NA
hsa-miR-5690|MIMAT0022482	NA	NA	NA	NA	NA	NA	NA	NA	NA	NA	NA	NA	NA	NA	NA	NA	NA	NA	NA	NA	NA	NA	NA	NA	NA	NA	NA	NA	NA	NA	NA	NA	NA	NA	NA	NA	NA	NA	NA	NA	NA	NA	NA	NA	NA
hsa-miR-4669|MIMAT0019749	NA	NA	NA	NA	NA	NA	NA	NA	NA	NA	NA	NA	NA	NA	NA	NA	NA	NA	NA	NA	NA	NA	NA	NA	NA	NA	NA	NA	NA	NA	NA	NA	NA	NA	NA	NA	NA	NA	NA	NA	NA	NA	NA	NA	NA
hsa-miR-4670-5p|MIMAT0019750	NA	NA	NA	NA	NA	NA	NA	NA	NA	NA	NA	NA	NA	NA	NA	NA	NA	NA	NA	NA	NA	NA	NA	NA	NA	NA	NA	NA	NA	NA	NA	NA	NA	NA	NA	NA	NA	NA	NA	NA	NA	NA	NA	NA	NA
hsa-miR-4666b|MIMAT0022485	NA	NA	NA	NA	NA	NA	NA	NA	NA	NA	NA	NA	NA	NA	NA	NA	NA	NA	NA	NA	NA	NA	NA	NA	NA	NA	NA	NA	NA	NA	NA	NA	NA	NA	NA	NA	NA	NA	NA	NA	NA	NA	NA	NA	NA
hsa-miR-5693|MIMAT0022486	NA	NA	NA	NA	NA	NA	NA	NA	NA	NA	NA	NA	NA	NA	NA	NA	NA	NA	NA	NA	NA	NA	NA	NA	NA	NA	NA	NA	NA	NA	NA	NA	NA	NA	NA	NA	NA	NA	NA	NA	NA	NA	NA	NA	NA
hsa-miR-5694|MIMAT0022487	NA	NA	NA	NA	NA	NA	NA	NA	NA	NA	NA	NA	NA	NA	NA	NA	NA	NA	NA	NA	NA	NA	NA	NA	NA	NA	NA	NA	NA	NA	NA	NA	NA	NA	NA	NA	NA	NA	NA	NA	NA	NA	NA	NA	NA
hsa-miR-5695|MIMAT0022488	NA	NA	NA	NA	NA	NA	NA	NA	NA	NA	NA	NA	NA	NA	NA	NA	NA	NA	NA	NA	NA	NA	NA	NA	NA	NA	NA	NA	NA	NA	NA	NA	NA	NA	NA	NA	NA	NA	NA	NA	NA	NA	NA	NA	NA
hsa-miR-4673|MIMAT0019755	NA	NA	NA	NA	NA	NA	NA	NA	NA	NA	NA	NA	NA	NA	NA	NA	NA	NA	NA	NA	NA	NA	NA	NA	NA	NA	NA	NA	NA	NA	NA	NA	NA	NA	NA	NA	NA	NA	NA	NA	NA	NA	NA	NA	NA
hsa-miR-5697|MIMAT0022490	NA	NA	NA	NA	NA	NA	NA	NA	NA	NA	NA	NA	NA	NA	NA	NA	NA	NA	NA	NA	NA	NA	NA	NA	NA	NA	NA	NA	NA	NA	NA	NA	NA	NA	NA	NA	NA	NA	NA	NA	NA	NA	NA	NA	NA
hsa-miR-4675|MIMAT0019757	NA	NA	NA	NA	NA	NA	NA	NA	NA	NA	NA	NA	NA	NA	NA	NA	NA	NA	NA	NA	NA	NA	NA	NA	NA	NA	NA	NA	NA	NA	NA	NA	NA	NA	NA	NA	NA	NA	NA	NA	NA	NA	NA	NA	NA
hsa-miR-5699-5p|MIMAT0027103	NA	NA	NA	NA	NA	NA	NA	NA	NA	NA	NA	NA	NA	NA	NA	NA	NA	NA	NA	NA	NA	NA	NA	NA	NA	NA	NA	NA	NA	NA	NA	NA	NA	NA	NA	NA	NA	NA	NA	NA	NA	NA	NA	NA	NA
hsa-miR-5699-3p|MIMAT0022492	NA	NA	NA	NA	NA	NA	NA	NA	NA	NA	NA	NA	NA	NA	NA	NA	NA	NA	NA	NA	NA	NA	NA	NA	NA	NA	NA	NA	NA	NA	NA	NA	NA	NA	NA	NA	NA	NA	NA	NA	NA	NA	NA	NA	NA
hsa-miR-4677-5p|MIMAT0019760	NA	NA	NA	NA	NA	NA	NA	NA	NA	NA	NA	NA	NA	NA	NA	NA	NA	NA	NA	NA	NA	NA	NA	NA	NA	NA	NA	NA	NA	NA	NA	NA	NA	NA	NA	NA	NA	NA	NA	NA	NA	NA	NA	NA	NA
hsa-miR-5701|MIMAT0022494	NA	NA	NA	NA	NA	NA	NA	NA	NA	NA	NA	NA	NA	NA	NA	NA	NA	NA	NA	NA	NA	NA	NA	NA	NA	NA	NA	NA	NA	NA	NA	NA	NA	NA	NA	NA	NA	NA	NA	NA	NA	NA	NA	NA	NA
hsa-miR-5702|MIMAT0022495	NA	NA	NA	NA	NA	NA	NA	NA	NA	NA	NA	NA	NA	NA	NA	NA	NA	NA	NA	NA	NA	NA	NA	NA	NA	NA	NA	NA	NA	NA	NA	NA	NA	NA	NA	NA	NA	NA	NA	NA	NA	NA	NA	NA	NA
hsa-miR-5703|MIMAT0022496	NA	NA	NA	NA	NA	NA	NA	NA	NA	NA	NA	NA	NA	NA	NA	NA	NA	NA	NA	NA	NA	NA	NA	NA	NA	NA	NA	NA	NA	NA	NA	NA	NA	NA	NA	NA	NA	NA	NA	NA	NA	NA	NA	NA	NA
hsa-miR-5692b|MIMAT0022497	NA	NA	NA	NA	NA	NA	NA	NA	NA	NA	NA	NA	NA	NA	NA	NA	NA	NA	NA	NA	NA	NA	NA	NA	NA	NA	NA	NA	NA	NA	NA	NA	NA	NA	NA	NA	NA	NA	NA	NA	NA	NA	NA	NA	NA
hsa-miR-5704|MIMAT0022498	NA	NA	NA	NA	NA	NA	NA	NA	NA	NA	NA	NA	NA	NA	NA	NA	NA	NA	NA	NA	NA	NA	NA	NA	NA	NA	NA	NA	NA	NA	NA	NA	NA	NA	NA	NA	NA	NA	NA	NA	NA	NA	NA	NA	NA
hsa-miR-4681|MIMAT0019766	NA	NA	NA	NA	NA	NA	NA	NA	NA	NA	NA	NA	NA	NA	NA	NA	NA	NA	NA	NA	NA	NA	NA	NA	NA	NA	NA	NA	NA	NA	NA	NA	NA	NA	NA	NA	NA	NA	NA	NA	NA	NA	NA	NA	NA
hsa-miR-5706|MIMAT0022500	NA	NA	NA	NA	NA	NA	NA	NA	NA	NA	NA	NA	NA	NA	NA	NA	NA	NA	NA	NA	NA	NA	NA	NA	NA	NA	NA	NA	NA	NA	NA	NA	NA	NA	NA	NA	NA	NA	NA	NA	NA	NA	NA	NA	NA
hsa-miR-548h-3p|MIMAT0022723	NA	NA	NA	NA	NA	NA	NA	NA	NA	NA	NA	NA	NA	NA	NA	NA	NA	NA	NA	NA	NA	NA	NA	NA	NA	NA	NA	NA	NA	NA	NA	NA	NA	NA	NA	NA	NA	NA	NA	NA	NA	NA	NA	NA	NA
hsa-miR-5708|MIMAT0022502	NA	NA	NA	NA	NA	NA	NA	NA	NA	NA	NA	NA	NA	NA	NA	NA	NA	NA	NA	NA	NA	NA	NA	NA	NA	NA	NA	NA	NA	NA	NA	NA	NA	NA	NA	NA	NA	NA	NA	NA	NA	NA	NA	NA	NA
hsa-miR-5739|MIMAT0023116	NA	NA	NA	NA	NA	NA	NA	NA	NA	NA	NA	NA	NA	NA	NA	NA	NA	NA	NA	NA	NA	NA	NA	NA	NA	NA	NA	NA	NA	NA	NA	NA	NA	NA	NA	NA	NA	NA	NA	NA	NA	NA	NA	NA	NA
hsa-miR-4685-5p|MIMAT0019771	NA	NA	NA	NA	NA	NA	NA	NA	NA	NA	NA	NA	NA	NA	NA	NA	NA	NA	NA	NA	NA	NA	NA	NA	NA	NA	NA	NA	NA	NA	NA	NA	NA	NA	NA	NA	NA	NA	NA	NA	NA	NA	NA	NA	NA
hsa-miR-4685-3p|MIMAT0019772	NA	NA	NA	NA	NA	NA	NA	NA	NA	NA	NA	NA	NA	NA	NA	NA	NA	NA	NA	NA	NA	NA	NA	NA	NA	NA	NA	NA	NA	NA	NA	NA	NA	NA	NA	NA	NA	NA	NA	NA	NA	NA	NA	NA	NA
hsa-miR-4686|MIMAT0019773	NA	NA	NA	NA	NA	NA	NA	NA	NA	NA	NA	NA	NA	NA	NA	NA	NA	NA	NA	NA	NA	NA	NA	NA	NA	NA	NA	NA	NA	NA	NA	NA	NA	NA	NA	NA	NA	NA	NA	NA	NA	NA	NA	NA	NA
hsa-miR-6068|MIMAT0023693	NA	NA	NA	NA	NA	NA	NA	NA	NA	NA	NA	NA	NA	NA	NA	NA	NA	NA	NA	NA	NA	NA	NA	NA	NA	NA	NA	NA	NA	NA	NA	NA	NA	NA	NA	NA	NA	NA	NA	NA	NA	NA	NA	NA	NA
hsa-miR-6069|MIMAT0023694	NA	NA	NA	NA	NA	NA	NA	NA	NA	NA	NA	NA	NA	NA	NA	NA	NA	NA	NA	NA	NA	NA	NA	NA	NA	NA	NA	NA	NA	NA	NA	NA	NA	NA	NA	NA	NA	NA	NA	NA	NA	NA	NA	NA	NA
hsa-miR-6070|MIMAT0023695	NA	NA	NA	NA	NA	NA	NA	NA	NA	NA	NA	NA	NA	NA	NA	NA	NA	NA	NA	NA	NA	NA	NA	NA	NA	NA	NA	NA	NA	NA	NA	NA	NA	NA	NA	NA	NA	NA	NA	NA	NA	NA	NA	NA	NA
hsa-miR-6071|MIMAT0023696	NA	NA	NA	NA	NA	NA	NA	NA	NA	NA	NA	NA	NA	NA	NA	NA	NA	NA	NA	NA	NA	NA	NA	NA	NA	NA	NA	NA	NA	NA	NA	NA	NA	NA	NA	NA	NA	NA	NA	NA	NA	NA	NA	NA	NA
hsa-miR-4688|MIMAT0019777	NA	NA	NA	NA	NA	NA	NA	NA	NA	NA	NA	NA	NA	NA	NA	NA	NA	NA	NA	NA	NA	NA	NA	NA	NA	NA	NA	NA	NA	NA	NA	NA	NA	NA	NA	NA	NA	NA	NA	NA	NA	NA	NA	NA	NA
hsa-miR-6073|MIMAT0023698	NA	NA	NA	NA	NA	NA	NA	NA	NA	NA	NA	NA	NA	NA	NA	NA	NA	NA	NA	NA	NA	NA	NA	NA	NA	NA	NA	NA	NA	NA	NA	NA	NA	NA	NA	NA	NA	NA	NA	NA	NA	NA	NA	NA	NA
hsa-miR-4690-5p|MIMAT0019779	NA	NA	NA	NA	NA	NA	NA	NA	NA	NA	NA	NA	NA	NA	NA	NA	NA	NA	NA	NA	NA	NA	NA	NA	NA	NA	NA	NA	NA	NA	NA	NA	NA	NA	NA	NA	NA	NA	NA	NA	NA	NA	NA	NA	NA
hsa-miR-6075|MIMAT0023700	NA	NA	NA	NA	NA	NA	NA	NA	NA	NA	NA	NA	NA	NA	NA	NA	NA	NA	NA	NA	NA	NA	NA	NA	NA	NA	NA	NA	NA	NA	NA	NA	NA	NA	NA	NA	NA	NA	NA	NA	NA	NA	NA	NA	NA
hsa-miR-4691-5p|MIMAT0019781	NA	NA	NA	NA	NA	NA	NA	NA	NA	NA	NA	NA	NA	NA	NA	NA	NA	NA	NA	NA	NA	NA	NA	NA	NA	NA	NA	NA	NA	NA	NA	NA	NA	NA	NA	NA	NA	NA	NA	NA	NA	NA	NA	NA	NA
hsa-miR-6077|MIMAT0023702	NA	NA	NA	NA	NA	NA	NA	NA	NA	NA	NA	NA	NA	NA	NA	NA	NA	NA	NA	NA	NA	NA	NA	NA	NA	NA	NA	NA	NA	NA	NA	NA	NA	NA	NA	NA	NA	NA	NA	NA	NA	NA	NA	NA	NA
hsa-miR-4692|MIMAT0019783	NA	NA	NA	NA	NA	NA	NA	NA	NA	NA	NA	NA	NA	NA	NA	NA	NA	NA	NA	NA	NA	NA	NA	NA	NA	NA	NA	NA	NA	NA	NA	NA	NA	NA	NA	NA	NA	NA	NA	NA	NA	NA	NA	NA	NA
hsa-miR-1292-3p|MIMAT0022948	NA	NA	NA	NA	NA	NA	NA	NA	NA	NA	NA	NA	NA	NA	NA	NA	NA	NA	NA	NA	NA	NA	NA	NA	NA	NA	NA	NA	NA	NA	NA	NA	NA	NA	NA	NA	NA	NA	NA	NA	NA	NA	NA	NA	NA
hsa-miR-6080|MIMAT0023705	NA	NA	NA	NA	NA	NA	NA	NA	NA	NA	NA	NA	NA	NA	NA	NA	NA	NA	NA	NA	NA	NA	NA	NA	NA	NA	NA	NA	NA	NA	NA	NA	NA	NA	NA	NA	NA	NA	NA	NA	NA	NA	NA	NA	NA
hsa-miR-1252-3p|MIMAT0026744	NA	NA	NA	NA	NA	NA	NA	NA	NA	NA	NA	NA	NA	NA	NA	NA	NA	NA	NA	NA	NA	NA	NA	NA	NA	NA	NA	NA	NA	NA	NA	NA	NA	NA	NA	NA	NA	NA	NA	NA	NA	NA	NA	NA	NA
hsa-miR-4694-3p|MIMAT0019787	NA	NA	NA	NA	NA	NA	NA	NA	NA	NA	NA	NA	NA	NA	NA	NA	NA	NA	NA	NA	NA	NA	NA	NA	NA	NA	NA	NA	NA	NA	NA	NA	NA	NA	NA	NA	NA	NA	NA	NA	NA	NA	NA	NA	NA
hsa-miR-4695-5p|MIMAT0019788	NA	NA	NA	NA	NA	NA	NA	NA	NA	NA	NA	NA	NA	NA	NA	NA	NA	NA	NA	NA	NA	NA	NA	NA	NA	NA	NA	NA	NA	NA	NA	NA	NA	NA	NA	NA	NA	NA	NA	NA	NA	NA	NA	NA	NA
hsa-miR-6084|MIMAT0023709	NA	NA	NA	NA	NA	NA	NA	NA	NA	NA	NA	NA	NA	NA	NA	NA	NA	NA	NA	NA	NA	NA	NA	NA	NA	NA	NA	NA	NA	NA	NA	NA	NA	NA	NA	NA	NA	NA	NA	NA	NA	NA	NA	NA	NA
hsa-miR-6085|MIMAT0023710	NA	NA	NA	NA	NA	NA	NA	NA	NA	NA	NA	NA	NA	NA	NA	NA	NA	NA	NA	NA	NA	NA	NA	NA	NA	NA	NA	NA	NA	NA	NA	NA	NA	NA	NA	NA	NA	NA	NA	NA	NA	NA	NA	NA	NA
hsa-miR-4697-5p|MIMAT0019791	NA	NA	NA	NA	NA	NA	NA	NA	NA	NA	NA	NA	NA	NA	NA	NA	NA	NA	NA	NA	NA	NA	NA	NA	NA	NA	NA	NA	NA	NA	NA	NA	NA	NA	NA	NA	NA	NA	NA	NA	NA	NA	NA	NA	NA
hsa-miR-6087|MIMAT0023712	NA	NA	NA	NA	NA	NA	NA	NA	NA	NA	NA	NA	NA	NA	NA	NA	NA	NA	NA	NA	NA	NA	NA	NA	NA	NA	NA	NA	NA	NA	NA	NA	NA	NA	NA	NA	NA	NA	NA	NA	NA	NA	NA	NA	NA
hsa-miR-3682-5p|MIMAT0019222	NA	NA	NA	NA	NA	NA	NA	NA	NA	NA	NA	NA	NA	NA	NA	NA	NA	NA	NA	NA	NA	NA	NA	NA	NA	NA	NA	NA	NA	NA	NA	NA	NA	NA	NA	NA	NA	NA	NA	NA	NA	NA	NA	NA	NA
hsa-miR-6089|MIMAT0023714	NA	NA	NA	NA	NA	NA	NA	NA	NA	NA	NA	NA	NA	NA	NA	NA	NA	NA	NA	NA	NA	NA	NA	NA	NA	NA	NA	NA	NA	NA	NA	NA	NA	NA	NA	NA	NA	NA	NA	NA	NA	NA	NA	NA	NA
hsa-miR-6090|MIMAT0023715	NA	NA	NA	NA	NA	NA	NA	NA	NA	NA	NA	NA	NA	NA	NA	NA	NA	NA	NA	NA	NA	NA	NA	NA	NA	NA	NA	NA	NA	NA	NA	NA	NA	NA	NA	NA	NA	NA	NA	NA	NA	NA	NA	NA	NA
hsa-miR-4700-5p|MIMAT0019796	NA	NA	NA	NA	NA	NA	NA	NA	NA	NA	NA	NA	NA	NA	NA	NA	NA	NA	NA	NA	NA	NA	NA	NA	NA	NA	NA	NA	NA	NA	NA	NA	NA	NA	NA	NA	NA	NA	NA	NA	NA	NA	NA	NA	NA
hsa-miR-6125|MIMAT0024598	NA	NA	NA	NA	NA	NA	NA	NA	NA	NA	NA	NA	NA	NA	NA	NA	NA	NA	NA	NA	NA	NA	NA	NA	NA	NA	NA	NA	NA	NA	NA	NA	NA	NA	NA	NA	NA	NA	NA	NA	NA	NA	NA	NA	NA
hsa-miR-4701-5p|MIMAT0019798	NA	NA	NA	NA	NA	NA	NA	NA	NA	NA	NA	NA	NA	NA	NA	NA	NA	NA	NA	NA	NA	NA	NA	NA	NA	NA	NA	NA	NA	NA	NA	NA	NA	NA	NA	NA	NA	NA	NA	NA	NA	NA	NA	NA	NA
hsa-miR-6127|MIMAT0024610	NA	NA	NA	NA	NA	NA	NA	NA	NA	NA	NA	NA	NA	NA	NA	NA	NA	NA	NA	NA	NA	NA	NA	NA	NA	NA	NA	NA	NA	NA	NA	NA	NA	NA	NA	NA	NA	NA	NA	NA	NA	NA	NA	NA	NA
hsa-miR-4703-5p|MIMAT0019801	NA	NA	NA	NA	NA	NA	NA	NA	NA	NA	NA	NA	NA	NA	NA	NA	NA	NA	NA	NA	NA	NA	NA	NA	NA	NA	NA	NA	NA	NA	NA	NA	NA	NA	NA	NA	NA	NA	NA	NA	NA	NA	NA	NA	NA
hsa-miR-378j|MIMAT0024612	NA	NA	NA	NA	NA	NA	NA	NA	NA	NA	NA	NA	NA	NA	NA	NA	NA	NA	NA	NA	NA	NA	NA	NA	NA	NA	NA	NA	NA	NA	NA	NA	NA	NA	NA	NA	NA	NA	NA	NA	NA	NA	NA	NA	NA
hsa-miR-6129|MIMAT0024613	NA	NA	NA	NA	NA	NA	NA	NA	NA	NA	NA	NA	NA	NA	NA	NA	NA	NA	NA	NA	NA	NA	NA	NA	NA	NA	NA	NA	NA	NA	NA	NA	NA	NA	NA	NA	NA	NA	NA	NA	NA	NA	NA	NA	NA
hsa-miR-6130|MIMAT0024614	NA	NA	NA	NA	NA	NA	NA	NA	NA	NA	NA	NA	NA	NA	NA	NA	NA	NA	NA	NA	NA	NA	NA	NA	NA	NA	NA	NA	NA	NA	NA	NA	NA	NA	NA	NA	NA	NA	NA	NA	NA	NA	NA	NA	NA
hsa-miR-4705|MIMAT0019805	NA	NA	NA	NA	NA	NA	NA	NA	NA	NA	NA	NA	NA	NA	NA	NA	NA	NA	NA	NA	NA	NA	NA	NA	NA	NA	NA	NA	NA	NA	NA	NA	NA	NA	NA	NA	NA	NA	NA	NA	NA	NA	NA	NA	NA
hsa-miR-6132|MIMAT0024616	NA	NA	NA	NA	NA	NA	NA	NA	NA	NA	NA	NA	NA	NA	NA	NA	NA	NA	NA	NA	NA	NA	NA	NA	NA	NA	NA	NA	NA	NA	NA	NA	NA	NA	NA	NA	NA	NA	NA	NA	NA	NA	NA	NA	NA
hsa-miR-3691-3p|MIMAT0019224	NA	NA	NA	NA	NA	NA	NA	NA	NA	NA	NA	NA	NA	NA	NA	NA	NA	NA	NA	NA	NA	NA	NA	NA	NA	NA	NA	NA	NA	NA	NA	NA	NA	NA	NA	NA	NA	NA	NA	NA	NA	NA	NA	NA	NA
hsa-miR-6134|MIMAT0024618	NA	NA	NA	NA	NA	NA	NA	NA	NA	NA	NA	NA	NA	NA	NA	NA	NA	NA	NA	NA	NA	NA	NA	NA	NA	NA	NA	NA	NA	NA	NA	NA	NA	NA	NA	NA	NA	NA	NA	NA	NA	NA	NA	NA	NA
hsa-miR-4708-5p|MIMAT0019809	NA	NA	NA	NA	NA	NA	NA	NA	NA	NA	NA	NA	NA	NA	NA	NA	NA	NA	NA	NA	NA	NA	NA	NA	NA	NA	NA	NA	NA	NA	NA	NA	NA	NA	NA	NA	NA	NA	NA	NA	NA	NA	NA	NA	NA
hsa-miR-4708-3p|MIMAT0019810	NA	NA	NA	NA	NA	NA	NA	NA	NA	NA	NA	NA	NA	NA	NA	NA	NA	NA	NA	NA	NA	NA	NA	NA	NA	NA	NA	NA	NA	NA	NA	NA	NA	NA	NA	NA	NA	NA	NA	NA	NA	NA	NA	NA	NA
hsa-miR-6499-3p|MIMAT0025451	NA	NA	NA	NA	NA	NA	NA	NA	NA	NA	NA	NA	NA	NA	NA	NA	NA	NA	NA	NA	NA	NA	NA	NA	NA	NA	NA	NA	NA	NA	NA	NA	NA	NA	NA	NA	NA	NA	NA	NA	NA	NA	NA	NA	NA
hsa-miR-548ay-5p|MIMAT0025452	NA	NA	NA	NA	NA	NA	NA	NA	NA	NA	NA	NA	NA	NA	NA	NA	NA	NA	NA	NA	NA	NA	NA	NA	NA	NA	NA	NA	NA	NA	NA	NA	NA	NA	NA	NA	NA	NA	NA	NA	NA	NA	NA	NA	NA
hsa-miR-548ay-3p|MIMAT0025453	NA	NA	NA	NA	NA	NA	NA	NA	NA	NA	NA	NA	NA	NA	NA	NA	NA	NA	NA	NA	NA	NA	NA	NA	NA	NA	NA	NA	NA	NA	NA	NA	NA	NA	NA	NA	NA	NA	NA	NA	NA	NA	NA	NA	NA
hsa-miR-6500-5p|MIMAT0025454	NA	NA	NA	NA	NA	NA	NA	NA	NA	NA	NA	NA	NA	NA	NA	NA	NA	NA	NA	NA	NA	NA	NA	NA	NA	NA	NA	NA	NA	NA	NA	NA	NA	NA	NA	NA	NA	NA	NA	NA	NA	NA	NA	NA	NA
hsa-miR-4710|MIMAT0019815	NA	NA	NA	NA	NA	NA	NA	NA	NA	NA	NA	NA	NA	NA	NA	NA	NA	NA	NA	NA	NA	NA	NA	NA	NA	NA	NA	NA	NA	NA	NA	NA	NA	NA	NA	NA	NA	NA	NA	NA	NA	NA	NA	NA	NA
hsa-miR-4711-5p|MIMAT0019816	NA	NA	NA	NA	NA	NA	NA	NA	NA	NA	NA	NA	NA	NA	NA	NA	NA	NA	NA	NA	NA	NA	NA	NA	NA	NA	NA	NA	NA	NA	NA	NA	NA	NA	NA	NA	NA	NA	NA	NA	NA	NA	NA	NA	NA
hsa-miR-548az-3p|MIMAT0025457	NA	NA	NA	NA	NA	NA	NA	NA	NA	NA	NA	NA	NA	NA	NA	NA	NA	NA	NA	NA	NA	NA	NA	NA	NA	NA	NA	NA	NA	NA	NA	NA	NA	NA	NA	NA	NA	NA	NA	NA	NA	NA	NA	NA	NA
hsa-miR-4712-5p|MIMAT0019818	NA	NA	NA	NA	NA	NA	NA	NA	NA	NA	NA	NA	NA	NA	NA	NA	NA	NA	NA	NA	NA	NA	NA	NA	NA	NA	NA	NA	NA	NA	NA	NA	NA	NA	NA	NA	NA	NA	NA	NA	NA	NA	NA	NA	NA
hsa-miR-4712-3p|MIMAT0019819	NA	NA	NA	NA	NA	NA	NA	NA	NA	NA	NA	NA	NA	NA	NA	NA	NA	NA	NA	NA	NA	NA	NA	NA	NA	NA	NA	NA	NA	NA	NA	NA	NA	NA	NA	NA	NA	NA	NA	NA	NA	NA	NA	NA	NA
hsa-miR-1910-3p|MIMAT0026917	NA	NA	NA	NA	NA	NA	NA	NA	NA	NA	NA	NA	NA	NA	NA	NA	NA	NA	NA	NA	NA	NA	NA	NA	NA	NA	NA	NA	NA	NA	NA	NA	NA	NA	NA	NA	NA	NA	NA	NA	NA	NA	NA	NA	NA
hsa-miR-6502-3p|MIMAT0025461	NA	NA	NA	NA	NA	NA	NA	NA	NA	NA	NA	NA	NA	NA	NA	NA	NA	NA	NA	NA	NA	NA	NA	NA	NA	NA	NA	NA	NA	NA	NA	NA	NA	NA	NA	NA	NA	NA	NA	NA	NA	NA	NA	NA	NA
hsa-miR-6503-5p|MIMAT0025462	NA	NA	NA	NA	NA	NA	NA	NA	NA	NA	NA	NA	NA	NA	NA	NA	NA	NA	NA	NA	NA	NA	NA	NA	NA	NA	NA	NA	NA	NA	NA	NA	NA	NA	NA	NA	NA	NA	NA	NA	NA	NA	NA	NA	NA
hsa-miR-4714-3p|MIMAT0019823	NA	NA	NA	NA	NA	NA	NA	NA	NA	NA	NA	NA	NA	NA	NA	NA	NA	NA	NA	NA	NA	NA	NA	NA	NA	NA	NA	NA	NA	NA	NA	NA	NA	NA	NA	NA	NA	NA	NA	NA	NA	NA	NA	NA	NA
hsa-miR-6504-5p|MIMAT0025464	NA	NA	NA	NA	NA	NA	NA	NA	NA	NA	NA	NA	NA	NA	NA	NA	NA	NA	NA	NA	NA	NA	NA	NA	NA	NA	NA	NA	NA	NA	NA	NA	NA	NA	NA	NA	NA	NA	NA	NA	NA	NA	NA	NA	NA
hsa-miR-6504-3p|MIMAT0025465	NA	NA	NA	NA	NA	NA	NA	NA	NA	NA	NA	NA	NA	NA	NA	NA	NA	NA	NA	NA	NA	NA	NA	NA	NA	NA	NA	NA	NA	NA	NA	NA	NA	NA	NA	NA	NA	NA	NA	NA	NA	NA	NA	NA	NA
hsa-miR-6505-5p|MIMAT0025466	NA	NA	NA	NA	NA	NA	NA	NA	NA	NA	NA	NA	NA	NA	NA	NA	NA	NA	NA	NA	NA	NA	NA	NA	NA	NA	NA	NA	NA	NA	NA	NA	NA	NA	NA	NA	NA	NA	NA	NA	NA	NA	NA	NA	NA
hsa-miR-6505-3p|MIMAT0025467	NA	NA	NA	NA	NA	NA	NA	NA	NA	NA	NA	NA	NA	NA	NA	NA	NA	NA	NA	NA	NA	NA	NA	NA	NA	NA	NA	NA	NA	NA	NA	NA	NA	NA	NA	NA	NA	NA	NA	NA	NA	NA	NA	NA	NA
hsa-miR-6506-5p|MIMAT0025468	NA	NA	NA	NA	NA	NA	NA	NA	NA	NA	NA	NA	NA	NA	NA	NA	NA	NA	NA	NA	NA	NA	NA	NA	NA	NA	NA	NA	NA	NA	NA	NA	NA	NA	NA	NA	NA	NA	NA	NA	NA	NA	NA	NA	NA
hsa-miR-6506-3p|MIMAT0025469	NA	NA	NA	NA	NA	NA	NA	NA	NA	NA	NA	NA	NA	NA	NA	NA	NA	NA	NA	NA	NA	NA	NA	NA	NA	NA	NA	NA	NA	NA	NA	NA	NA	NA	NA	NA	NA	NA	NA	NA	NA	NA	NA	NA	NA
hsa-miR-4717-5p|MIMAT0019829	NA	NA	NA	NA	NA	NA	NA	NA	NA	NA	NA	NA	NA	NA	NA	NA	NA	NA	NA	NA	NA	NA	NA	NA	NA	NA	NA	NA	NA	NA	NA	NA	NA	NA	NA	NA	NA	NA	NA	NA	NA	NA	NA	NA	NA
hsa-miR-6507-3p|MIMAT0025471	NA	NA	NA	NA	NA	NA	NA	NA	NA	NA	NA	NA	NA	NA	NA	NA	NA	NA	NA	NA	NA	NA	NA	NA	NA	NA	NA	NA	NA	NA	NA	NA	NA	NA	NA	NA	NA	NA	NA	NA	NA	NA	NA	NA	NA
hsa-miR-6508-5p|MIMAT0025472	NA	NA	NA	NA	NA	NA	NA	NA	NA	NA	NA	NA	NA	NA	NA	NA	NA	NA	NA	NA	NA	NA	NA	NA	NA	NA	NA	NA	NA	NA	NA	NA	NA	NA	NA	NA	NA	NA	NA	NA	NA	NA	NA	NA	NA
hsa-miR-6508-3p|MIMAT0025473	NA	NA	NA	NA	NA	NA	NA	NA	NA	NA	NA	NA	NA	NA	NA	NA	NA	NA	NA	NA	NA	NA	NA	NA	NA	NA	NA	NA	NA	NA	NA	NA	NA	NA	NA	NA	NA	NA	NA	NA	NA	NA	NA	NA	NA
hsa-miR-4720-5p|MIMAT0019833	NA	NA	NA	NA	NA	NA	NA	NA	NA	NA	NA	NA	NA	NA	NA	NA	NA	NA	NA	NA	NA	NA	NA	NA	NA	NA	NA	NA	NA	NA	NA	NA	NA	NA	NA	NA	NA	NA	NA	NA	NA	NA	NA	NA	NA
hsa-miR-6509-3p|MIMAT0025475	NA	NA	NA	NA	NA	NA	NA	NA	NA	NA	NA	NA	NA	NA	NA	NA	NA	NA	NA	NA	NA	NA	NA	NA	NA	NA	NA	NA	NA	NA	NA	NA	NA	NA	NA	NA	NA	NA	NA	NA	NA	NA	NA	NA	NA
hsa-miR-6510-5p|MIMAT0025476	NA	NA	NA	NA	NA	NA	NA	NA	NA	NA	NA	NA	NA	NA	NA	NA	NA	NA	NA	NA	NA	NA	NA	NA	NA	NA	NA	NA	NA	NA	NA	NA	NA	NA	NA	NA	NA	NA	NA	NA	NA	NA	NA	NA	NA
hsa-miR-4722-5p|MIMAT0019836	NA	NA	NA	NA	NA	NA	NA	NA	NA	NA	NA	NA	NA	NA	NA	NA	NA	NA	NA	NA	NA	NA	NA	NA	NA	NA	NA	NA	NA	NA	NA	NA	NA	NA	NA	NA	NA	NA	NA	NA	NA	NA	NA	NA	NA
hsa-miR-4722-3p|MIMAT0019837	NA	NA	NA	NA	NA	NA	NA	NA	NA	NA	NA	NA	NA	NA	NA	NA	NA	NA	NA	NA	NA	NA	NA	NA	NA	NA	NA	NA	NA	NA	NA	NA	NA	NA	NA	NA	NA	NA	NA	NA	NA	NA	NA	NA	NA
hsa-miR-4520-2-3p|MIMAT0020300	NA	NA	NA	NA	NA	NA	NA	NA	NA	NA	NA	NA	NA	NA	NA	NA	NA	NA	NA	NA	NA	NA	NA	NA	NA	NA	NA	NA	NA	NA	NA	NA	NA	NA	NA	NA	NA	NA	NA	NA	NA	NA	NA	NA	NA
hsa-miR-6512-5p|MIMAT0025480	NA	NA	NA	NA	NA	NA	NA	NA	NA	NA	NA	NA	NA	NA	NA	NA	NA	NA	NA	NA	NA	NA	NA	NA	NA	NA	NA	NA	NA	NA	NA	NA	NA	NA	NA	NA	NA	NA	NA	NA	NA	NA	NA	NA	NA
hsa-miR-4723-3p|MIMAT0019839	NA	NA	NA	NA	NA	NA	NA	NA	NA	NA	NA	NA	NA	NA	NA	NA	NA	NA	NA	NA	NA	NA	NA	NA	NA	NA	NA	NA	NA	NA	NA	NA	NA	NA	NA	NA	NA	NA	NA	NA	NA	NA	NA	NA	NA
hsa-miR-6513-5p|MIMAT0025482	NA	NA	NA	NA	NA	NA	NA	NA	NA	NA	NA	NA	NA	NA	NA	NA	NA	NA	NA	NA	NA	NA	NA	NA	NA	NA	NA	NA	NA	NA	NA	NA	NA	NA	NA	NA	NA	NA	NA	NA	NA	NA	NA	NA	NA
hsa-miR-6513-3p|MIMAT0025483	NA	NA	NA	NA	NA	NA	NA	NA	NA	NA	NA	NA	NA	NA	NA	NA	NA	NA	NA	NA	NA	NA	NA	NA	NA	NA	NA	NA	NA	NA	NA	NA	NA	NA	NA	NA	NA	NA	NA	NA	NA	NA	NA	NA	NA
hsa-miR-4724-3p|MIMAT0019842	NA	NA	NA	NA	NA	NA	NA	NA	NA	NA	NA	NA	NA	NA	NA	NA	NA	NA	NA	NA	NA	NA	NA	NA	NA	NA	NA	NA	NA	NA	NA	NA	NA	NA	NA	NA	NA	NA	NA	NA	NA	NA	NA	NA	NA
hsa-miR-4725-5p|MIMAT0019843	NA	NA	NA	NA	NA	NA	NA	NA	NA	NA	NA	NA	NA	NA	NA	NA	NA	NA	NA	NA	NA	NA	NA	NA	NA	NA	NA	NA	NA	NA	NA	NA	NA	NA	NA	NA	NA	NA	NA	NA	NA	NA	NA	NA	NA
hsa-miR-6515-5p|MIMAT0025486	NA	NA	NA	NA	NA	NA	NA	NA	NA	NA	NA	NA	NA	NA	NA	NA	NA	NA	NA	NA	NA	NA	NA	NA	NA	NA	NA	NA	NA	NA	NA	NA	NA	NA	NA	NA	NA	NA	NA	NA	NA	NA	NA	NA	NA
hsa-miR-6515-3p|MIMAT0025487	NA	NA	NA	NA	NA	NA	NA	NA	NA	NA	NA	NA	NA	NA	NA	NA	NA	NA	NA	NA	NA	NA	NA	NA	NA	NA	NA	NA	NA	NA	NA	NA	NA	NA	NA	NA	NA	NA	NA	NA	NA	NA	NA	NA	NA
hsa-miR-6715a-3p|MIMAT0025841	NA	NA	NA	NA	NA	NA	NA	NA	NA	NA	NA	NA	NA	NA	NA	NA	NA	NA	NA	NA	NA	NA	NA	NA	NA	NA	NA	NA	NA	NA	NA	NA	NA	NA	NA	NA	NA	NA	NA	NA	NA	NA	NA	NA	NA
hsa-miR-3934-3p|MIMAT0022975	NA	NA	NA	NA	NA	NA	NA	NA	NA	NA	NA	NA	NA	NA	NA	NA	NA	NA	NA	NA	NA	NA	NA	NA	NA	NA	NA	NA	NA	NA	NA	NA	NA	NA	NA	NA	NA	NA	NA	NA	NA	NA	NA	NA	NA
hsa-miR-2681-3p|MIMAT0013516	NA	NA	NA	NA	NA	NA	NA	NA	NA	NA	NA	NA	NA	NA	NA	NA	NA	NA	NA	NA	NA	NA	NA	NA	NA	NA	NA	NA	NA	NA	NA	NA	NA	NA	NA	NA	NA	NA	NA	NA	NA	NA	NA	NA	NA
hsa-miR-4728-5p|MIMAT0019849	NA	NA	NA	NA	NA	NA	NA	NA	NA	NA	NA	NA	NA	NA	NA	NA	NA	NA	NA	NA	NA	NA	NA	NA	NA	NA	NA	NA	NA	NA	NA	NA	NA	NA	NA	NA	NA	NA	NA	NA	NA	NA	NA	NA	NA
hsa-miR-4728-3p|MIMAT0019850	NA	NA	NA	NA	NA	NA	NA	NA	NA	NA	NA	NA	NA	NA	NA	NA	NA	NA	NA	NA	NA	NA	NA	NA	NA	NA	NA	NA	NA	NA	NA	NA	NA	NA	NA	NA	NA	NA	NA	NA	NA	NA	NA	NA	NA
hsa-miR-6717-5p|MIMAT0025846	NA	NA	NA	NA	NA	NA	NA	NA	NA	NA	NA	NA	NA	NA	NA	NA	NA	NA	NA	NA	NA	NA	NA	NA	NA	NA	NA	NA	NA	NA	NA	NA	NA	NA	NA	NA	NA	NA	NA	NA	NA	NA	NA	NA	NA
hsa-miR-6511b-5p|MIMAT0025847	NA	NA	NA	NA	NA	NA	NA	NA	NA	NA	NA	NA	NA	NA	NA	NA	NA	NA	NA	NA	NA	NA	NA	NA	NA	NA	NA	NA	NA	NA	NA	NA	NA	NA	NA	NA	NA	NA	NA	NA	NA	NA	NA	NA	NA
hsa-miR-6511b-3p|MIMAT0025848	NA	NA	NA	NA	NA	NA	NA	NA	NA	NA	NA	NA	NA	NA	NA	NA	NA	NA	NA	NA	NA	NA	NA	NA	NA	NA	NA	NA	NA	NA	NA	NA	NA	NA	NA	NA	NA	NA	NA	NA	NA	NA	NA	NA	NA
hsa-miR-3940-5p|MIMAT0019229	NA	NA	NA	NA	NA	NA	NA	NA	NA	NA	NA	NA	NA	NA	NA	NA	NA	NA	NA	NA	NA	NA	NA	NA	NA	NA	NA	NA	NA	NA	NA	NA	NA	NA	NA	NA	NA	NA	NA	NA	NA	NA	NA	NA	NA
hsa-miR-4732-5p|MIMAT0019855	NA	NA	NA	NA	NA	NA	NA	NA	NA	NA	NA	NA	NA	NA	NA	NA	NA	NA	NA	NA	NA	NA	NA	NA	NA	NA	NA	NA	NA	NA	NA	NA	NA	NA	NA	NA	NA	NA	NA	NA	NA	NA	NA	NA	NA
hsa-miR-6720-5p|MIMAT0027345	NA	NA	NA	NA	NA	NA	NA	NA	NA	NA	NA	NA	NA	NA	NA	NA	NA	NA	NA	NA	NA	NA	NA	NA	NA	NA	NA	NA	NA	NA	NA	NA	NA	NA	NA	NA	NA	NA	NA	NA	NA	NA	NA	NA	NA
hsa-miR-4733-5p|MIMAT0019857	NA	NA	NA	NA	NA	NA	NA	NA	NA	NA	NA	NA	NA	NA	NA	NA	NA	NA	NA	NA	NA	NA	NA	NA	NA	NA	NA	NA	NA	NA	NA	NA	NA	NA	NA	NA	NA	NA	NA	NA	NA	NA	NA	NA	NA
hsa-miR-4733-3p|MIMAT0019858	NA	NA	NA	NA	NA	NA	NA	NA	NA	NA	NA	NA	NA	NA	NA	NA	NA	NA	NA	NA	NA	NA	NA	NA	NA	NA	NA	NA	NA	NA	NA	NA	NA	NA	NA	NA	NA	NA	NA	NA	NA	NA	NA	NA	NA
hsa-miR-6722-5p|MIMAT0025853	NA	NA	NA	NA	NA	NA	NA	NA	NA	NA	NA	NA	NA	NA	NA	NA	NA	NA	NA	NA	NA	NA	NA	NA	NA	NA	NA	NA	NA	NA	NA	NA	NA	NA	NA	NA	NA	NA	NA	NA	NA	NA	NA	NA	NA
hsa-miR-4735-5p|MIMAT0019860	NA	NA	NA	NA	NA	NA	NA	NA	NA	NA	NA	NA	NA	NA	NA	NA	NA	NA	NA	NA	NA	NA	NA	NA	NA	NA	NA	NA	NA	NA	NA	NA	NA	NA	NA	NA	NA	NA	NA	NA	NA	NA	NA	NA	NA
hsa-miR-4735-3p|MIMAT0019861	NA	NA	NA	NA	NA	NA	NA	NA	NA	NA	NA	NA	NA	NA	NA	NA	NA	NA	NA	NA	NA	NA	NA	NA	NA	NA	NA	NA	NA	NA	NA	NA	NA	NA	NA	NA	NA	NA	NA	NA	NA	NA	NA	NA	NA
hsa-miR-6724-5p|MIMAT0025856	NA	NA	NA	NA	NA	NA	NA	NA	NA	NA	NA	NA	NA	NA	NA	NA	NA	NA	NA	NA	NA	NA	NA	NA	NA	NA	NA	NA	NA	NA	NA	NA	NA	NA	NA	NA	NA	NA	NA	NA	NA	NA	NA	NA	NA
hsa-miR-4737|MIMAT0019863	NA	NA	NA	NA	NA	NA	NA	NA	NA	NA	NA	NA	NA	NA	NA	NA	NA	NA	NA	NA	NA	NA	NA	NA	NA	NA	NA	NA	NA	NA	NA	NA	NA	NA	NA	NA	NA	NA	NA	NA	NA	NA	NA	NA	NA
hsa-miR-374c-3p|MIMAT0022735	NA	NA	NA	NA	NA	NA	NA	NA	NA	NA	NA	NA	NA	NA	NA	NA	NA	NA	NA	NA	NA	NA	NA	NA	NA	NA	NA	NA	NA	NA	NA	NA	NA	NA	NA	NA	NA	NA	NA	NA	NA	NA	NA	NA	NA
hsa-miR-3064-3p|MIMAT0019865	NA	NA	NA	NA	NA	NA	NA	NA	NA	NA	NA	NA	NA	NA	NA	NA	NA	NA	NA	NA	NA	NA	NA	NA	NA	NA	NA	NA	NA	NA	NA	NA	NA	NA	NA	NA	NA	NA	NA	NA	NA	NA	NA	NA	NA
hsa-miR-6726-3p|MIMAT0027354	NA	NA	NA	NA	NA	NA	NA	NA	NA	NA	NA	NA	NA	NA	NA	NA	NA	NA	NA	NA	NA	NA	NA	NA	NA	NA	NA	NA	NA	NA	NA	NA	NA	NA	NA	NA	NA	NA	NA	NA	NA	NA	NA	NA	NA
hsa-miR-4738-3p|MIMAT0019867	NA	NA	NA	NA	NA	NA	NA	NA	NA	NA	NA	NA	NA	NA	NA	NA	NA	NA	NA	NA	NA	NA	NA	NA	NA	NA	NA	NA	NA	NA	NA	NA	NA	NA	NA	NA	NA	NA	NA	NA	NA	NA	NA	NA	NA
hsa-miR-642a-3p|MIMAT0020924	NA	NA	NA	NA	NA	NA	NA	NA	NA	NA	NA	NA	NA	NA	NA	NA	NA	NA	NA	NA	NA	NA	NA	NA	NA	NA	NA	NA	NA	NA	NA	NA	NA	NA	NA	NA	NA	NA	NA	NA	NA	NA	NA	NA	NA
hsa-miR-6728-5p|MIMAT0027357	NA	NA	NA	NA	NA	NA	NA	NA	NA	NA	NA	NA	NA	NA	NA	NA	NA	NA	NA	NA	NA	NA	NA	NA	NA	NA	NA	NA	NA	NA	NA	NA	NA	NA	NA	NA	NA	NA	NA	NA	NA	NA	NA	NA	NA
hsa-miR-6728-3p|MIMAT0027358	NA	NA	NA	NA	NA	NA	NA	NA	NA	NA	NA	NA	NA	NA	NA	NA	NA	NA	NA	NA	NA	NA	NA	NA	NA	NA	NA	NA	NA	NA	NA	NA	NA	NA	NA	NA	NA	NA	NA	NA	NA	NA	NA	NA	NA
hsa-miR-4741|MIMAT0019871	NA	NA	NA	NA	NA	NA	NA	NA	NA	NA	NA	NA	NA	NA	NA	NA	NA	NA	NA	NA	NA	NA	NA	NA	NA	NA	NA	NA	NA	NA	NA	NA	NA	NA	NA	NA	NA	NA	NA	NA	NA	NA	NA	NA	NA
hsa-miR-1268b|MIMAT0018925	NA	NA	NA	NA	NA	NA	NA	NA	NA	NA	NA	NA	NA	NA	NA	NA	NA	NA	NA	NA	NA	NA	NA	NA	NA	NA	NA	NA	NA	NA	NA	NA	NA	NA	NA	NA	NA	NA	NA	NA	NA	NA	NA	NA	NA
hsa-miR-4742-3p|MIMAT0019873	NA	NA	NA	NA	NA	NA	NA	NA	NA	NA	NA	NA	NA	NA	NA	NA	NA	NA	NA	NA	NA	NA	NA	NA	NA	NA	NA	NA	NA	NA	NA	NA	NA	NA	NA	NA	NA	NA	NA	NA	NA	NA	NA	NA	NA
hsa-miR-548ab|MIMAT0018928	NA	NA	NA	NA	NA	NA	NA	NA	NA	NA	NA	NA	NA	NA	NA	NA	NA	NA	NA	NA	NA	NA	NA	NA	NA	NA	NA	NA	NA	NA	NA	NA	NA	NA	NA	NA	NA	NA	NA	NA	NA	NA	NA	NA	NA
hsa-miR-4743-3p|MIMAT0022978	NA	NA	NA	NA	NA	NA	NA	NA	NA	NA	NA	NA	NA	NA	NA	NA	NA	NA	NA	NA	NA	NA	NA	NA	NA	NA	NA	NA	NA	NA	NA	NA	NA	NA	NA	NA	NA	NA	NA	NA	NA	NA	NA	NA	NA
hsa-miR-4744|MIMAT0019875	NA	NA	NA	NA	NA	NA	NA	NA	NA	NA	NA	NA	NA	NA	NA	NA	NA	NA	NA	NA	NA	NA	NA	NA	NA	NA	NA	NA	NA	NA	NA	NA	NA	NA	NA	NA	NA	NA	NA	NA	NA	NA	NA	NA	NA
hsa-miR-4419a|MIMAT0018931	NA	NA	NA	NA	NA	NA	NA	NA	NA	NA	NA	NA	NA	NA	NA	NA	NA	NA	NA	NA	NA	NA	NA	NA	NA	NA	NA	NA	NA	NA	NA	NA	NA	NA	NA	NA	NA	NA	NA	NA	NA	NA	NA	NA	NA
hsa-miR-378f|MIMAT0018932	NA	NA	NA	NA	NA	NA	NA	NA	NA	NA	NA	NA	NA	NA	NA	NA	NA	NA	NA	NA	NA	NA	NA	NA	NA	NA	NA	NA	NA	NA	NA	NA	NA	NA	NA	NA	NA	NA	NA	NA	NA	NA	NA	NA	NA
hsa-miR-4420|MIMAT0018933	NA	NA	NA	NA	NA	NA	NA	NA	NA	NA	NA	NA	NA	NA	NA	NA	NA	NA	NA	NA	NA	NA	NA	NA	NA	NA	NA	NA	NA	NA	NA	NA	NA	NA	NA	NA	NA	NA	NA	NA	NA	NA	NA	NA	NA
hsa-miR-4745-3p|MIMAT0019879	NA	NA	NA	NA	NA	NA	NA	NA	NA	NA	NA	NA	NA	NA	NA	NA	NA	NA	NA	NA	NA	NA	NA	NA	NA	NA	NA	NA	NA	NA	NA	NA	NA	NA	NA	NA	NA	NA	NA	NA	NA	NA	NA	NA	NA
hsa-miR-4746-5p|MIMAT0019880	NA	NA	NA	NA	NA	NA	NA	NA	NA	NA	NA	NA	NA	NA	NA	NA	NA	NA	NA	NA	NA	NA	NA	NA	NA	NA	NA	NA	NA	NA	NA	NA	NA	NA	NA	NA	NA	NA	NA	NA	NA	NA	NA	NA	NA
hsa-miR-4746-3p|MIMAT0019881	NA	NA	NA	NA	NA	NA	NA	NA	NA	NA	NA	NA	NA	NA	NA	NA	NA	NA	NA	NA	NA	NA	NA	NA	NA	NA	NA	NA	NA	NA	NA	NA	NA	NA	NA	NA	NA	NA	NA	NA	NA	NA	NA	NA	NA
hsa-miR-4747-5p|MIMAT0019882	NA	NA	NA	NA	NA	NA	NA	NA	NA	NA	NA	NA	NA	NA	NA	NA	NA	NA	NA	NA	NA	NA	NA	NA	NA	NA	NA	NA	NA	NA	NA	NA	NA	NA	NA	NA	NA	NA	NA	NA	NA	NA	NA	NA	NA
hsa-miR-4747-3p|MIMAT0019883	NA	NA	NA	NA	NA	NA	NA	NA	NA	NA	NA	NA	NA	NA	NA	NA	NA	NA	NA	NA	NA	NA	NA	NA	NA	NA	NA	NA	NA	NA	NA	NA	NA	NA	NA	NA	NA	NA	NA	NA	NA	NA	NA	NA	NA
hsa-miR-4748|MIMAT0019884	NA	NA	NA	NA	NA	NA	NA	NA	NA	NA	NA	NA	NA	NA	NA	NA	NA	NA	NA	NA	NA	NA	NA	NA	NA	NA	NA	NA	NA	NA	NA	NA	NA	NA	NA	NA	NA	NA	NA	NA	NA	NA	NA	NA	NA
hsa-miR-4749-5p|MIMAT0019885	NA	NA	NA	NA	NA	NA	NA	NA	NA	NA	NA	NA	NA	NA	NA	NA	NA	NA	NA	NA	NA	NA	NA	NA	NA	NA	NA	NA	NA	NA	NA	NA	NA	NA	NA	NA	NA	NA	NA	NA	NA	NA	NA	NA	NA
hsa-miR-4749-3p|MIMAT0019886	NA	NA	NA	NA	NA	NA	NA	NA	NA	NA	NA	NA	NA	NA	NA	NA	NA	NA	NA	NA	NA	NA	NA	NA	NA	NA	NA	NA	NA	NA	NA	NA	NA	NA	NA	NA	NA	NA	NA	NA	NA	NA	NA	NA	NA
hsa-miR-4426|MIMAT0018941	NA	NA	NA	NA	NA	NA	NA	NA	NA	NA	NA	NA	NA	NA	NA	NA	NA	NA	NA	NA	NA	NA	NA	NA	NA	NA	NA	NA	NA	NA	NA	NA	NA	NA	NA	NA	NA	NA	NA	NA	NA	NA	NA	NA	NA
hsa-miR-653-3p|MIMAT0026625	NA	NA	NA	NA	NA	NA	NA	NA	NA	NA	NA	NA	NA	NA	NA	NA	NA	NA	NA	NA	NA	NA	NA	NA	NA	NA	NA	NA	NA	NA	NA	NA	NA	NA	NA	NA	NA	NA	NA	NA	NA	NA	NA	NA	NA
hsa-miR-4751|MIMAT0019888	NA	NA	NA	NA	NA	NA	NA	NA	NA	NA	NA	NA	NA	NA	NA	NA	NA	NA	NA	NA	NA	NA	NA	NA	NA	NA	NA	NA	NA	NA	NA	NA	NA	NA	NA	NA	NA	NA	NA	NA	NA	NA	NA	NA	NA
hsa-miR-4752|MIMAT0019889	NA	NA	NA	NA	NA	NA	NA	NA	NA	NA	NA	NA	NA	NA	NA	NA	NA	NA	NA	NA	NA	NA	NA	NA	NA	NA	NA	NA	NA	NA	NA	NA	NA	NA	NA	NA	NA	NA	NA	NA	NA	NA	NA	NA	NA
hsa-miR-4430|MIMAT0018945	NA	NA	NA	NA	NA	NA	NA	NA	NA	NA	NA	NA	NA	NA	NA	NA	NA	NA	NA	NA	NA	NA	NA	NA	NA	NA	NA	NA	NA	NA	NA	NA	NA	NA	NA	NA	NA	NA	NA	NA	NA	NA	NA	NA	NA
hsa-miR-548ad-5p|MIMAT0032114	NA	NA	NA	NA	NA	NA	NA	NA	NA	NA	NA	NA	NA	NA	NA	NA	NA	NA	NA	NA	NA	NA	NA	NA	NA	NA	NA	NA	NA	NA	NA	NA	NA	NA	NA	NA	NA	NA	NA	NA	NA	NA	NA	NA	NA
hsa-miR-655-5p|MIMAT0026626	NA	NA	NA	NA	NA	NA	NA	NA	NA	NA	NA	NA	NA	NA	NA	NA	NA	NA	NA	NA	NA	NA	NA	NA	NA	NA	NA	NA	NA	NA	NA	NA	NA	NA	NA	NA	NA	NA	NA	NA	NA	NA	NA	NA	NA
hsa-miR-371b-3p|MIMAT0019893	NA	NA	NA	NA	NA	NA	NA	NA	NA	NA	NA	NA	NA	NA	NA	NA	NA	NA	NA	NA	NA	NA	NA	NA	NA	NA	NA	NA	NA	NA	NA	NA	NA	NA	NA	NA	NA	NA	NA	NA	NA	NA	NA	NA	NA
hsa-miR-548t-3p|MIMAT0022730	NA	NA	NA	NA	NA	NA	NA	NA	NA	NA	NA	NA	NA	NA	NA	NA	NA	NA	NA	NA	NA	NA	NA	NA	NA	NA	NA	NA	NA	NA	NA	NA	NA	NA	NA	NA	NA	NA	NA	NA	NA	NA	NA	NA	NA
hsa-miR-4755-5p|MIMAT0019895	NA	NA	NA	NA	NA	NA	NA	NA	NA	NA	NA	NA	NA	NA	NA	NA	NA	NA	NA	NA	NA	NA	NA	NA	NA	NA	NA	NA	NA	NA	NA	NA	NA	NA	NA	NA	NA	NA	NA	NA	NA	NA	NA	NA	NA
hsa-miR-4755-3p|MIMAT0019896	NA	NA	NA	NA	NA	NA	NA	NA	NA	NA	NA	NA	NA	NA	NA	NA	NA	NA	NA	NA	NA	NA	NA	NA	NA	NA	NA	NA	NA	NA	NA	NA	NA	NA	NA	NA	NA	NA	NA	NA	NA	NA	NA	NA	NA
hsa-miR-4434|MIMAT0018950	NA	NA	NA	NA	NA	NA	NA	NA	NA	NA	NA	NA	NA	NA	NA	NA	NA	NA	NA	NA	NA	NA	NA	NA	NA	NA	NA	NA	NA	NA	NA	NA	NA	NA	NA	NA	NA	NA	NA	NA	NA	NA	NA	NA	NA
hsa-miR-499b-3p|MIMAT0019898	NA	NA	NA	NA	NA	NA	NA	NA	NA	NA	NA	NA	NA	NA	NA	NA	NA	NA	NA	NA	NA	NA	NA	NA	NA	NA	NA	NA	NA	NA	NA	NA	NA	NA	NA	NA	NA	NA	NA	NA	NA	NA	NA	NA	NA
hsa-miR-4436a|MIMAT0018952	NA	NA	NA	NA	NA	NA	NA	NA	NA	NA	NA	NA	NA	NA	NA	NA	NA	NA	NA	NA	NA	NA	NA	NA	NA	NA	NA	NA	NA	NA	NA	NA	NA	NA	NA	NA	NA	NA	NA	NA	NA	NA	NA	NA	NA
hsa-miR-4756-3p|MIMAT0019900	NA	NA	NA	NA	NA	NA	NA	NA	NA	NA	NA	NA	NA	NA	NA	NA	NA	NA	NA	NA	NA	NA	NA	NA	NA	NA	NA	NA	NA	NA	NA	NA	NA	NA	NA	NA	NA	NA	NA	NA	NA	NA	NA	NA	NA
hsa-miR-548ae-3p|MIMAT0018954	NA	NA	NA	NA	NA	NA	NA	NA	NA	NA	NA	NA	NA	NA	NA	NA	NA	NA	NA	NA	NA	NA	NA	NA	NA	NA	NA	NA	NA	NA	NA	NA	NA	NA	NA	NA	NA	NA	NA	NA	NA	NA	NA	NA	NA
hsa-miR-548ae-5p|MIMAT0032115	NA	NA	NA	NA	NA	NA	NA	NA	NA	NA	NA	NA	NA	NA	NA	NA	NA	NA	NA	NA	NA	NA	NA	NA	NA	NA	NA	NA	NA	NA	NA	NA	NA	NA	NA	NA	NA	NA	NA	NA	NA	NA	NA	NA	NA
hsa-miR-4758-5p|MIMAT0019903	NA	NA	NA	NA	NA	NA	NA	NA	NA	NA	NA	NA	NA	NA	NA	NA	NA	NA	NA	NA	NA	NA	NA	NA	NA	NA	NA	NA	NA	NA	NA	NA	NA	NA	NA	NA	NA	NA	NA	NA	NA	NA	NA	NA	NA
hsa-miR-4758-3p|MIMAT0019904	NA	NA	NA	NA	NA	NA	NA	NA	NA	NA	NA	NA	NA	NA	NA	NA	NA	NA	NA	NA	NA	NA	NA	NA	NA	NA	NA	NA	NA	NA	NA	NA	NA	NA	NA	NA	NA	NA	NA	NA	NA	NA	NA	NA	NA
hsa-miR-4759|MIMAT0019905	NA	NA	NA	NA	NA	NA	NA	NA	NA	NA	NA	NA	NA	NA	NA	NA	NA	NA	NA	NA	NA	NA	NA	NA	NA	NA	NA	NA	NA	NA	NA	NA	NA	NA	NA	NA	NA	NA	NA	NA	NA	NA	NA	NA	NA
hsa-miR-4441|MIMAT0018959	NA	NA	NA	NA	NA	NA	NA	NA	NA	NA	NA	NA	NA	NA	NA	NA	NA	NA	NA	NA	NA	NA	NA	NA	NA	NA	NA	NA	NA	NA	NA	NA	NA	NA	NA	NA	NA	NA	NA	NA	NA	NA	NA	NA	NA
hsa-miR-4760-3p|MIMAT0019907	NA	NA	NA	NA	NA	NA	NA	NA	NA	NA	NA	NA	NA	NA	NA	NA	NA	NA	NA	NA	NA	NA	NA	NA	NA	NA	NA	NA	NA	NA	NA	NA	NA	NA	NA	NA	NA	NA	NA	NA	NA	NA	NA	NA	NA
hsa-miR-4761-5p|MIMAT0019908	NA	NA	NA	NA	NA	NA	NA	NA	NA	NA	NA	NA	NA	NA	NA	NA	NA	NA	NA	NA	NA	NA	NA	NA	NA	NA	NA	NA	NA	NA	NA	NA	NA	NA	NA	NA	NA	NA	NA	NA	NA	NA	NA	NA	NA
hsa-miR-4444|MIMAT0018962	NA	NA	NA	NA	NA	NA	NA	NA	NA	NA	NA	NA	NA	NA	NA	NA	NA	NA	NA	NA	NA	NA	NA	NA	NA	NA	NA	NA	NA	NA	NA	NA	NA	NA	NA	NA	NA	NA	NA	NA	NA	NA	NA	NA	NA
hsa-miR-4762-5p|MIMAT0019910	NA	NA	NA	NA	NA	NA	NA	NA	NA	NA	NA	NA	NA	NA	NA	NA	NA	NA	NA	NA	NA	NA	NA	NA	NA	NA	NA	NA	NA	NA	NA	NA	NA	NA	NA	NA	NA	NA	NA	NA	NA	NA	NA	NA	NA
hsa-miR-4445-3p|MIMAT0018964	NA	NA	NA	NA	NA	NA	NA	NA	NA	NA	NA	NA	NA	NA	NA	NA	NA	NA	NA	NA	NA	NA	NA	NA	NA	NA	NA	NA	NA	NA	NA	NA	NA	NA	NA	NA	NA	NA	NA	NA	NA	NA	NA	NA	NA
hsa-miR-4446-5p|MIMAT0019233	NA	NA	NA	NA	NA	NA	NA	NA	NA	NA	NA	NA	NA	NA	NA	NA	NA	NA	NA	NA	NA	NA	NA	NA	NA	NA	NA	NA	NA	NA	NA	NA	NA	NA	NA	NA	NA	NA	NA	NA	NA	NA	NA	NA	NA
hsa-miR-3152-5p|MIMAT0019207	NA	NA	NA	NA	NA	NA	NA	NA	NA	NA	NA	NA	NA	NA	NA	NA	NA	NA	NA	NA	NA	NA	NA	NA	NA	NA	NA	NA	NA	NA	NA	NA	NA	NA	NA	NA	NA	NA	NA	NA	NA	NA	NA	NA	NA
hsa-miR-4764-5p|MIMAT0019914	NA	NA	NA	NA	NA	NA	NA	NA	NA	NA	NA	NA	NA	NA	NA	NA	NA	NA	NA	NA	NA	NA	NA	NA	NA	NA	NA	NA	NA	NA	NA	NA	NA	NA	NA	NA	NA	NA	NA	NA	NA	NA	NA	NA	NA
hsa-miR-4764-3p|MIMAT0019915	NA	NA	NA	NA	NA	NA	NA	NA	NA	NA	NA	NA	NA	NA	NA	NA	NA	NA	NA	NA	NA	NA	NA	NA	NA	NA	NA	NA	NA	NA	NA	NA	NA	NA	NA	NA	NA	NA	NA	NA	NA	NA	NA	NA	NA
hsa-miR-4449|MIMAT0018968	NA	NA	NA	NA	NA	NA	NA	NA	NA	NA	NA	NA	NA	NA	NA	NA	NA	NA	NA	NA	NA	NA	NA	NA	NA	NA	NA	NA	NA	NA	NA	NA	NA	NA	NA	NA	NA	NA	NA	NA	NA	NA	NA	NA	NA
hsa-miR-4766-5p|MIMAT0019917	NA	NA	NA	NA	NA	NA	NA	NA	NA	NA	NA	NA	NA	NA	NA	NA	NA	NA	NA	NA	NA	NA	NA	NA	NA	NA	NA	NA	NA	NA	NA	NA	NA	NA	NA	NA	NA	NA	NA	NA	NA	NA	NA	NA	NA
hsa-miR-4766-3p|MIMAT0019918	NA	NA	NA	NA	NA	NA	NA	NA	NA	NA	NA	NA	NA	NA	NA	NA	NA	NA	NA	NA	NA	NA	NA	NA	NA	NA	NA	NA	NA	NA	NA	NA	NA	NA	NA	NA	NA	NA	NA	NA	NA	NA	NA	NA	NA
hsa-miR-6754-3p|MIMAT0027409	NA	NA	NA	NA	NA	NA	NA	NA	NA	NA	NA	NA	NA	NA	NA	NA	NA	NA	NA	NA	NA	NA	NA	NA	NA	NA	NA	NA	NA	NA	NA	NA	NA	NA	NA	NA	NA	NA	NA	NA	NA	NA	NA	NA	NA
hsa-miR-6755-5p|MIMAT0027410	NA	NA	NA	NA	NA	NA	NA	NA	NA	NA	NA	NA	NA	NA	NA	NA	NA	NA	NA	NA	NA	NA	NA	NA	NA	NA	NA	NA	NA	NA	NA	NA	NA	NA	NA	NA	NA	NA	NA	NA	NA	NA	NA	NA	NA
hsa-miR-4768-3p|MIMAT0019921	NA	NA	NA	NA	NA	NA	NA	NA	NA	NA	NA	NA	NA	NA	NA	NA	NA	NA	NA	NA	NA	NA	NA	NA	NA	NA	NA	NA	NA	NA	NA	NA	NA	NA	NA	NA	NA	NA	NA	NA	NA	NA	NA	NA	NA
hsa-miR-4769-5p|MIMAT0019922	NA	NA	NA	NA	NA	NA	NA	NA	NA	NA	NA	NA	NA	NA	NA	NA	NA	NA	NA	NA	NA	NA	NA	NA	NA	NA	NA	NA	NA	NA	NA	NA	NA	NA	NA	NA	NA	NA	NA	NA	NA	NA	NA	NA	NA
hsa-miR-4769-3p|MIMAT0019923	NA	NA	NA	NA	NA	NA	NA	NA	NA	NA	NA	NA	NA	NA	NA	NA	NA	NA	NA	NA	NA	NA	NA	NA	NA	NA	NA	NA	NA	NA	NA	NA	NA	NA	NA	NA	NA	NA	NA	NA	NA	NA	NA	NA	NA
hsa-miR-3158-5p|MIMAT0019211	NA	NA	NA	NA	NA	NA	NA	NA	NA	NA	NA	NA	NA	NA	NA	NA	NA	NA	NA	NA	NA	NA	NA	NA	NA	NA	NA	NA	NA	NA	NA	NA	NA	NA	NA	NA	NA	NA	NA	NA	NA	NA	NA	NA	NA
hsa-miR-4771|MIMAT0019925	NA	NA	NA	NA	NA	NA	NA	NA	NA	NA	NA	NA	NA	NA	NA	NA	NA	NA	NA	NA	NA	NA	NA	NA	NA	NA	NA	NA	NA	NA	NA	NA	NA	NA	NA	NA	NA	NA	NA	NA	NA	NA	NA	NA	NA
hsa-miR-6758-5p|MIMAT0027416	NA	NA	NA	NA	NA	NA	NA	NA	NA	NA	NA	NA	NA	NA	NA	NA	NA	NA	NA	NA	NA	NA	NA	NA	NA	NA	NA	NA	NA	NA	NA	NA	NA	NA	NA	NA	NA	NA	NA	NA	NA	NA	NA	NA	NA
hsa-miR-4457|MIMAT0018979	NA	NA	NA	NA	NA	NA	NA	NA	NA	NA	NA	NA	NA	NA	NA	NA	NA	NA	NA	NA	NA	NA	NA	NA	NA	NA	NA	NA	NA	NA	NA	NA	NA	NA	NA	NA	NA	NA	NA	NA	NA	NA	NA	NA	NA
hsa-miR-4773|MIMAT0019928	NA	NA	NA	NA	NA	NA	NA	NA	NA	NA	NA	NA	NA	NA	NA	NA	NA	NA	NA	NA	NA	NA	NA	NA	NA	NA	NA	NA	NA	NA	NA	NA	NA	NA	NA	NA	NA	NA	NA	NA	NA	NA	NA	NA	NA
hsa-miR-6759-3p|MIMAT0027419	NA	NA	NA	NA	NA	NA	NA	NA	NA	NA	NA	NA	NA	NA	NA	NA	NA	NA	NA	NA	NA	NA	NA	NA	NA	NA	NA	NA	NA	NA	NA	NA	NA	NA	NA	NA	NA	NA	NA	NA	NA	NA	NA	NA	NA
hsa-miR-6760-5p|MIMAT0027420	NA	NA	NA	NA	NA	NA	NA	NA	NA	NA	NA	NA	NA	NA	NA	NA	NA	NA	NA	NA	NA	NA	NA	NA	NA	NA	NA	NA	NA	NA	NA	NA	NA	NA	NA	NA	NA	NA	NA	NA	NA	NA	NA	NA	NA
hsa-miR-4775|MIMAT0019931	NA	NA	NA	NA	NA	NA	NA	NA	NA	NA	NA	NA	NA	NA	NA	NA	NA	NA	NA	NA	NA	NA	NA	NA	NA	NA	NA	NA	NA	NA	NA	NA	NA	NA	NA	NA	NA	NA	NA	NA	NA	NA	NA	NA	NA
hsa-miR-6761-5p|MIMAT0027422	NA	NA	NA	NA	NA	NA	NA	NA	NA	NA	NA	NA	NA	NA	NA	NA	NA	NA	NA	NA	NA	NA	NA	NA	NA	NA	NA	NA	NA	NA	NA	NA	NA	NA	NA	NA	NA	NA	NA	NA	NA	NA	NA	NA	NA
hsa-miR-4776-3p|MIMAT0019933	NA	NA	NA	NA	NA	NA	NA	NA	NA	NA	NA	NA	NA	NA	NA	NA	NA	NA	NA	NA	NA	NA	NA	NA	NA	NA	NA	NA	NA	NA	NA	NA	NA	NA	NA	NA	NA	NA	NA	NA	NA	NA	NA	NA	NA
hsa-miR-6762-5p|MIMAT0027424	NA	NA	NA	NA	NA	NA	NA	NA	NA	NA	NA	NA	NA	NA	NA	NA	NA	NA	NA	NA	NA	NA	NA	NA	NA	NA	NA	NA	NA	NA	NA	NA	NA	NA	NA	NA	NA	NA	NA	NA	NA	NA	NA	NA	NA
hsa-miR-6762-3p|MIMAT0027425	NA	NA	NA	NA	NA	NA	NA	NA	NA	NA	NA	NA	NA	NA	NA	NA	NA	NA	NA	NA	NA	NA	NA	NA	NA	NA	NA	NA	NA	NA	NA	NA	NA	NA	NA	NA	NA	NA	NA	NA	NA	NA	NA	NA	NA
hsa-miR-6763-5p|MIMAT0027426	NA	NA	NA	NA	NA	NA	NA	NA	NA	NA	NA	NA	NA	NA	NA	NA	NA	NA	NA	NA	NA	NA	NA	NA	NA	NA	NA	NA	NA	NA	NA	NA	NA	NA	NA	NA	NA	NA	NA	NA	NA	NA	NA	NA	NA
hsa-miR-6763-3p|MIMAT0027427	NA	NA	NA	NA	NA	NA	NA	NA	NA	NA	NA	NA	NA	NA	NA	NA	NA	NA	NA	NA	NA	NA	NA	NA	NA	NA	NA	NA	NA	NA	NA	NA	NA	NA	NA	NA	NA	NA	NA	NA	NA	NA	NA	NA	NA
hsa-miR-6764-5p|MIMAT0027428	NA	NA	NA	NA	NA	NA	NA	NA	NA	NA	NA	NA	NA	NA	NA	NA	NA	NA	NA	NA	NA	NA	NA	NA	NA	NA	NA	NA	NA	NA	NA	NA	NA	NA	NA	NA	NA	NA	NA	NA	NA	NA	NA	NA	NA
hsa-miR-4780|MIMAT0019939	NA	NA	NA	NA	NA	NA	NA	NA	NA	NA	NA	NA	NA	NA	NA	NA	NA	NA	NA	NA	NA	NA	NA	NA	NA	NA	NA	NA	NA	NA	NA	NA	NA	NA	NA	NA	NA	NA	NA	NA	NA	NA	NA	NA	NA
hsa-miR-6765-5p|MIMAT0027430	NA	NA	NA	NA	NA	NA	NA	NA	NA	NA	NA	NA	NA	NA	NA	NA	NA	NA	NA	NA	NA	NA	NA	NA	NA	NA	NA	NA	NA	NA	NA	NA	NA	NA	NA	NA	NA	NA	NA	NA	NA	NA	NA	NA	NA
hsa-miR-4436b-3p|MIMAT0019941	NA	NA	NA	NA	NA	NA	NA	NA	NA	NA	NA	NA	NA	NA	NA	NA	NA	NA	NA	NA	NA	NA	NA	NA	NA	NA	NA	NA	NA	NA	NA	NA	NA	NA	NA	NA	NA	NA	NA	NA	NA	NA	NA	NA	NA
hsa-miR-4467|MIMAT0018994	NA	NA	NA	NA	NA	NA	NA	NA	NA	NA	NA	NA	NA	NA	NA	NA	NA	NA	NA	NA	NA	NA	NA	NA	NA	NA	NA	NA	NA	NA	NA	NA	NA	NA	NA	NA	NA	NA	NA	NA	NA	NA	NA	NA	NA
hsa-miR-6766-3p|MIMAT0027433	NA	NA	NA	NA	NA	NA	NA	NA	NA	NA	NA	NA	NA	NA	NA	NA	NA	NA	NA	NA	NA	NA	NA	NA	NA	NA	NA	NA	NA	NA	NA	NA	NA	NA	NA	NA	NA	NA	NA	NA	NA	NA	NA	NA	NA
hsa-miR-6767-5p|MIMAT0027434	NA	NA	NA	NA	NA	NA	NA	NA	NA	NA	NA	NA	NA	NA	NA	NA	NA	NA	NA	NA	NA	NA	NA	NA	NA	NA	NA	NA	NA	NA	NA	NA	NA	NA	NA	NA	NA	NA	NA	NA	NA	NA	NA	NA	NA
hsa-miR-4782-3p|MIMAT0019945	NA	NA	NA	NA	NA	NA	NA	NA	NA	NA	NA	NA	NA	NA	NA	NA	NA	NA	NA	NA	NA	NA	NA	NA	NA	NA	NA	NA	NA	NA	NA	NA	NA	NA	NA	NA	NA	NA	NA	NA	NA	NA	NA	NA	NA
hsa-miR-4783-5p|MIMAT0019946	NA	NA	NA	NA	NA	NA	NA	NA	NA	NA	NA	NA	NA	NA	NA	NA	NA	NA	NA	NA	NA	NA	NA	NA	NA	NA	NA	NA	NA	NA	NA	NA	NA	NA	NA	NA	NA	NA	NA	NA	NA	NA	NA	NA	NA
hsa-miR-6768-3p|MIMAT0027437	NA	NA	NA	NA	NA	NA	NA	NA	NA	NA	NA	NA	NA	NA	NA	NA	NA	NA	NA	NA	NA	NA	NA	NA	NA	NA	NA	NA	NA	NA	NA	NA	NA	NA	NA	NA	NA	NA	NA	NA	NA	NA	NA	NA	NA
hsa-miR-4473|MIMAT0019000	NA	NA	NA	NA	NA	NA	NA	NA	NA	NA	NA	NA	NA	NA	NA	NA	NA	NA	NA	NA	NA	NA	NA	NA	NA	NA	NA	NA	NA	NA	NA	NA	NA	NA	NA	NA	NA	NA	NA	NA	NA	NA	NA	NA	NA
hsa-miR-6769a-3p|MIMAT0027439	NA	NA	NA	NA	NA	NA	NA	NA	NA	NA	NA	NA	NA	NA	NA	NA	NA	NA	NA	NA	NA	NA	NA	NA	NA	NA	NA	NA	NA	NA	NA	NA	NA	NA	NA	NA	NA	NA	NA	NA	NA	NA	NA	NA	NA
hsa-miR-4474-3p|MIMAT0019001	NA	NA	NA	NA	NA	NA	NA	NA	NA	NA	NA	NA	NA	NA	NA	NA	NA	NA	NA	NA	NA	NA	NA	NA	NA	NA	NA	NA	NA	NA	NA	NA	NA	NA	NA	NA	NA	NA	NA	NA	NA	NA	NA	NA	NA
hsa-miR-6770-3p|MIMAT0027441	NA	NA	NA	NA	NA	NA	NA	NA	NA	NA	NA	NA	NA	NA	NA	NA	NA	NA	NA	NA	NA	NA	NA	NA	NA	NA	NA	NA	NA	NA	NA	NA	NA	NA	NA	NA	NA	NA	NA	NA	NA	NA	NA	NA	NA
hsa-miR-6771-5p|MIMAT0027442	NA	NA	NA	NA	NA	NA	NA	NA	NA	NA	NA	NA	NA	NA	NA	NA	NA	NA	NA	NA	NA	NA	NA	NA	NA	NA	NA	NA	NA	NA	NA	NA	NA	NA	NA	NA	NA	NA	NA	NA	NA	NA	NA	NA	NA
hsa-miR-6771-3p|MIMAT0027443	NA	NA	NA	NA	NA	NA	NA	NA	NA	NA	NA	NA	NA	NA	NA	NA	NA	NA	NA	NA	NA	NA	NA	NA	NA	NA	NA	NA	NA	NA	NA	NA	NA	NA	NA	NA	NA	NA	NA	NA	NA	NA	NA	NA	NA
hsa-miR-6772-5p|MIMAT0027444	NA	NA	NA	NA	NA	NA	NA	NA	NA	NA	NA	NA	NA	NA	NA	NA	NA	NA	NA	NA	NA	NA	NA	NA	NA	NA	NA	NA	NA	NA	NA	NA	NA	NA	NA	NA	NA	NA	NA	NA	NA	NA	NA	NA	NA
hsa-miR-6772-3p|MIMAT0027445	NA	NA	NA	NA	NA	NA	NA	NA	NA	NA	NA	NA	NA	NA	NA	NA	NA	NA	NA	NA	NA	NA	NA	NA	NA	NA	NA	NA	NA	NA	NA	NA	NA	NA	NA	NA	NA	NA	NA	NA	NA	NA	NA	NA	NA
hsa-miR-6773-5p|MIMAT0027446	NA	NA	NA	NA	NA	NA	NA	NA	NA	NA	NA	NA	NA	NA	NA	NA	NA	NA	NA	NA	NA	NA	NA	NA	NA	NA	NA	NA	NA	NA	NA	NA	NA	NA	NA	NA	NA	NA	NA	NA	NA	NA	NA	NA	NA
hsa-miR-4787-3p|MIMAT0019957	NA	NA	NA	NA	NA	NA	NA	NA	NA	NA	NA	NA	NA	NA	NA	NA	NA	NA	NA	NA	NA	NA	NA	NA	NA	NA	NA	NA	NA	NA	NA	NA	NA	NA	NA	NA	NA	NA	NA	NA	NA	NA	NA	NA	NA
hsa-miR-6774-5p|MIMAT0027448	NA	NA	NA	NA	NA	NA	NA	NA	NA	NA	NA	NA	NA	NA	NA	NA	NA	NA	NA	NA	NA	NA	NA	NA	NA	NA	NA	NA	NA	NA	NA	NA	NA	NA	NA	NA	NA	NA	NA	NA	NA	NA	NA	NA	NA
hsa-miR-3689f|MIMAT0019010	NA	NA	NA	NA	NA	NA	NA	NA	NA	NA	NA	NA	NA	NA	NA	NA	NA	NA	NA	NA	NA	NA	NA	NA	NA	NA	NA	NA	NA	NA	NA	NA	NA	NA	NA	NA	NA	NA	NA	NA	NA	NA	NA	NA	NA
hsa-miR-6775-5p|MIMAT0027450	NA	NA	NA	NA	NA	NA	NA	NA	NA	NA	NA	NA	NA	NA	NA	NA	NA	NA	NA	NA	NA	NA	NA	NA	NA	NA	NA	NA	NA	NA	NA	NA	NA	NA	NA	NA	NA	NA	NA	NA	NA	NA	NA	NA	NA
hsa-miR-3155b|MIMAT0019012	NA	NA	NA	NA	NA	NA	NA	NA	NA	NA	NA	NA	NA	NA	NA	NA	NA	NA	NA	NA	NA	NA	NA	NA	NA	NA	NA	NA	NA	NA	NA	NA	NA	NA	NA	NA	NA	NA	NA	NA	NA	NA	NA	NA	NA
hsa-miR-6776-5p|MIMAT0027452	NA	NA	NA	NA	NA	NA	NA	NA	NA	NA	NA	NA	NA	NA	NA	NA	NA	NA	NA	NA	NA	NA	NA	NA	NA	NA	NA	NA	NA	NA	NA	NA	NA	NA	NA	NA	NA	NA	NA	NA	NA	NA	NA	NA	NA
hsa-miR-6776-3p|MIMAT0027453	NA	NA	NA	NA	NA	NA	NA	NA	NA	NA	NA	NA	NA	NA	NA	NA	NA	NA	NA	NA	NA	NA	NA	NA	NA	NA	NA	NA	NA	NA	NA	NA	NA	NA	NA	NA	NA	NA	NA	NA	NA	NA	NA	NA	NA
hsa-miR-4792|MIMAT0019964	NA	NA	NA	NA	NA	NA	NA	NA	NA	NA	NA	NA	NA	NA	NA	NA	NA	NA	NA	NA	NA	NA	NA	NA	NA	NA	NA	NA	NA	NA	NA	NA	NA	NA	NA	NA	NA	NA	NA	NA	NA	NA	NA	NA	NA
hsa-miR-6777-3p|MIMAT0027455	NA	NA	NA	NA	NA	NA	NA	NA	NA	NA	NA	NA	NA	NA	NA	NA	NA	NA	NA	NA	NA	NA	NA	NA	NA	NA	NA	NA	NA	NA	NA	NA	NA	NA	NA	NA	NA	NA	NA	NA	NA	NA	NA	NA	NA
hsa-miR-6778-5p|MIMAT0027456	NA	NA	NA	NA	NA	NA	NA	NA	NA	NA	NA	NA	NA	NA	NA	NA	NA	NA	NA	NA	NA	NA	NA	NA	NA	NA	NA	NA	NA	NA	NA	NA	NA	NA	NA	NA	NA	NA	NA	NA	NA	NA	NA	NA	NA
hsa-miR-4794|MIMAT0019967	NA	NA	NA	NA	NA	NA	NA	NA	NA	NA	NA	NA	NA	NA	NA	NA	NA	NA	NA	NA	NA	NA	NA	NA	NA	NA	NA	NA	NA	NA	NA	NA	NA	NA	NA	NA	NA	NA	NA	NA	NA	NA	NA	NA	NA
hsa-miR-6779-5p|MIMAT0027458	NA	NA	NA	NA	NA	NA	NA	NA	NA	NA	NA	NA	NA	NA	NA	NA	NA	NA	NA	NA	NA	NA	NA	NA	NA	NA	NA	NA	NA	NA	NA	NA	NA	NA	NA	NA	NA	NA	NA	NA	NA	NA	NA	NA	NA
hsa-miR-6779-3p|MIMAT0027459	NA	NA	NA	NA	NA	NA	NA	NA	NA	NA	NA	NA	NA	NA	NA	NA	NA	NA	NA	NA	NA	NA	NA	NA	NA	NA	NA	NA	NA	NA	NA	NA	NA	NA	NA	NA	NA	NA	NA	NA	NA	NA	NA	NA	NA
hsa-miR-4485-3p|MIMAT0019019	NA	NA	NA	NA	NA	NA	NA	NA	NA	NA	NA	NA	NA	NA	NA	NA	NA	NA	NA	NA	NA	NA	NA	NA	NA	NA	NA	NA	NA	NA	NA	NA	NA	NA	NA	NA	NA	NA	NA	NA	NA	NA	NA	NA	NA
hsa-miR-6780a-3p|MIMAT0027461	NA	NA	NA	NA	NA	NA	NA	NA	NA	NA	NA	NA	NA	NA	NA	NA	NA	NA	NA	NA	NA	NA	NA	NA	NA	NA	NA	NA	NA	NA	NA	NA	NA	NA	NA	NA	NA	NA	NA	NA	NA	NA	NA	NA	NA
hsa-miR-6781-5p|MIMAT0027462	NA	NA	NA	NA	NA	NA	NA	NA	NA	NA	NA	NA	NA	NA	NA	NA	NA	NA	NA	NA	NA	NA	NA	NA	NA	NA	NA	NA	NA	NA	NA	NA	NA	NA	NA	NA	NA	NA	NA	NA	NA	NA	NA	NA	NA
hsa-miR-4797-3p|MIMAT0019973	NA	NA	NA	NA	NA	NA	NA	NA	NA	NA	NA	NA	NA	NA	NA	NA	NA	NA	NA	NA	NA	NA	NA	NA	NA	NA	NA	NA	NA	NA	NA	NA	NA	NA	NA	NA	NA	NA	NA	NA	NA	NA	NA	NA	NA
hsa-miR-4489|MIMAT0019023	NA	NA	NA	NA	NA	NA	NA	NA	NA	NA	NA	NA	NA	NA	NA	NA	NA	NA	NA	NA	NA	NA	NA	NA	NA	NA	NA	NA	NA	NA	NA	NA	NA	NA	NA	NA	NA	NA	NA	NA	NA	NA	NA	NA	NA
hsa-miR-4798-3p|MIMAT0019975	NA	NA	NA	NA	NA	NA	NA	NA	NA	NA	NA	NA	NA	NA	NA	NA	NA	NA	NA	NA	NA	NA	NA	NA	NA	NA	NA	NA	NA	NA	NA	NA	NA	NA	NA	NA	NA	NA	NA	NA	NA	NA	NA	NA	NA
hsa-miR-6783-5p|MIMAT0027466	NA	NA	NA	NA	NA	NA	NA	NA	NA	NA	NA	NA	NA	NA	NA	NA	NA	NA	NA	NA	NA	NA	NA	NA	NA	NA	NA	NA	NA	NA	NA	NA	NA	NA	NA	NA	NA	NA	NA	NA	NA	NA	NA	NA	NA
hsa-miR-6783-3p|MIMAT0027467	NA	NA	NA	NA	NA	NA	NA	NA	NA	NA	NA	NA	NA	NA	NA	NA	NA	NA	NA	NA	NA	NA	NA	NA	NA	NA	NA	NA	NA	NA	NA	NA	NA	NA	NA	NA	NA	NA	NA	NA	NA	NA	NA	NA	NA
hsa-miR-4800-5p|MIMAT0019978	NA	NA	NA	NA	NA	NA	NA	NA	NA	NA	NA	NA	NA	NA	NA	NA	NA	NA	NA	NA	NA	NA	NA	NA	NA	NA	NA	NA	NA	NA	NA	NA	NA	NA	NA	NA	NA	NA	NA	NA	NA	NA	NA	NA	NA
hsa-miR-6784-3p|MIMAT0027469	NA	NA	NA	NA	NA	NA	NA	NA	NA	NA	NA	NA	NA	NA	NA	NA	NA	NA	NA	NA	NA	NA	NA	NA	NA	NA	NA	NA	NA	NA	NA	NA	NA	NA	NA	NA	NA	NA	NA	NA	NA	NA	NA	NA	NA
hsa-miR-6785-5p|MIMAT0027470	NA	NA	NA	NA	NA	NA	NA	NA	NA	NA	NA	NA	NA	NA	NA	NA	NA	NA	NA	NA	NA	NA	NA	NA	NA	NA	NA	NA	NA	NA	NA	NA	NA	NA	NA	NA	NA	NA	NA	NA	NA	NA	NA	NA	NA
hsa-miR-3194-3p|MIMAT0019218	NA	NA	NA	NA	NA	NA	NA	NA	NA	NA	NA	NA	NA	NA	NA	NA	NA	NA	NA	NA	NA	NA	NA	NA	NA	NA	NA	NA	NA	NA	NA	NA	NA	NA	NA	NA	NA	NA	NA	NA	NA	NA	NA	NA	NA
hsa-miR-6786-5p|MIMAT0027472	NA	NA	NA	NA	NA	NA	NA	NA	NA	NA	NA	NA	NA	NA	NA	NA	NA	NA	NA	NA	NA	NA	NA	NA	NA	NA	NA	NA	NA	NA	NA	NA	NA	NA	NA	NA	NA	NA	NA	NA	NA	NA	NA	NA	NA
hsa-miR-6786-3p|MIMAT0027473	NA	NA	NA	NA	NA	NA	NA	NA	NA	NA	NA	NA	NA	NA	NA	NA	NA	NA	NA	NA	NA	NA	NA	NA	NA	NA	NA	NA	NA	NA	NA	NA	NA	NA	NA	NA	NA	NA	NA	NA	NA	NA	NA	NA	NA
hsa-miR-4804-5p|MIMAT0019984	NA	NA	NA	NA	NA	NA	NA	NA	NA	NA	NA	NA	NA	NA	NA	NA	NA	NA	NA	NA	NA	NA	NA	NA	NA	NA	NA	NA	NA	NA	NA	NA	NA	NA	NA	NA	NA	NA	NA	NA	NA	NA	NA	NA	NA
hsa-miR-6787-3p|MIMAT0027475	NA	NA	NA	NA	NA	NA	NA	NA	NA	NA	NA	NA	NA	NA	NA	NA	NA	NA	NA	NA	NA	NA	NA	NA	NA	NA	NA	NA	NA	NA	NA	NA	NA	NA	NA	NA	NA	NA	NA	NA	NA	NA	NA	NA	NA
hsa-miR-4999-5p|MIMAT0021017	NA	NA	NA	NA	NA	NA	NA	NA	NA	NA	NA	NA	NA	NA	NA	NA	NA	NA	NA	NA	NA	NA	NA	NA	NA	NA	NA	NA	NA	NA	NA	NA	NA	NA	NA	NA	NA	NA	NA	NA	NA	NA	NA	NA	NA
hsa-miR-6788-3p|MIMAT0027477	NA	NA	NA	NA	NA	NA	NA	NA	NA	NA	NA	NA	NA	NA	NA	NA	NA	NA	NA	NA	NA	NA	NA	NA	NA	NA	NA	NA	NA	NA	NA	NA	NA	NA	NA	NA	NA	NA	NA	NA	NA	NA	NA	NA	NA
hsa-miR-6789-5p|MIMAT0027478	NA	NA	NA	NA	NA	NA	NA	NA	NA	NA	NA	NA	NA	NA	NA	NA	NA	NA	NA	NA	NA	NA	NA	NA	NA	NA	NA	NA	NA	NA	NA	NA	NA	NA	NA	NA	NA	NA	NA	NA	NA	NA	NA	NA	NA
hsa-miR-5000-3p|MIMAT0021020	NA	NA	NA	NA	NA	NA	NA	NA	NA	NA	NA	NA	NA	NA	NA	NA	NA	NA	NA	NA	NA	NA	NA	NA	NA	NA	NA	NA	NA	NA	NA	NA	NA	NA	NA	NA	NA	NA	NA	NA	NA	NA	NA	NA	NA
hsa-miR-6790-5p|MIMAT0027480	NA	NA	NA	NA	NA	NA	NA	NA	NA	NA	NA	NA	NA	NA	NA	NA	NA	NA	NA	NA	NA	NA	NA	NA	NA	NA	NA	NA	NA	NA	NA	NA	NA	NA	NA	NA	NA	NA	NA	NA	NA	NA	NA	NA	NA
hsa-miR-5001-3p|MIMAT0021022	NA	NA	NA	NA	NA	NA	NA	NA	NA	NA	NA	NA	NA	NA	NA	NA	NA	NA	NA	NA	NA	NA	NA	NA	NA	NA	NA	NA	NA	NA	NA	NA	NA	NA	NA	NA	NA	NA	NA	NA	NA	NA	NA	NA	NA
hsa-miR-6791-5p|MIMAT0027482	NA	NA	NA	NA	NA	NA	NA	NA	NA	NA	NA	NA	NA	NA	NA	NA	NA	NA	NA	NA	NA	NA	NA	NA	NA	NA	NA	NA	NA	NA	NA	NA	NA	NA	NA	NA	NA	NA	NA	NA	NA	NA	NA	NA	NA
hsa-miR-4506|MIMAT0019042	NA	NA	NA	NA	NA	NA	NA	NA	NA	NA	NA	NA	NA	NA	NA	NA	NA	NA	NA	NA	NA	NA	NA	NA	NA	NA	NA	NA	NA	NA	NA	NA	NA	NA	NA	NA	NA	NA	NA	NA	NA	NA	NA	NA	NA
hsa-miR-6792-5p|MIMAT0027484	NA	NA	NA	NA	NA	NA	NA	NA	NA	NA	NA	NA	NA	NA	NA	NA	NA	NA	NA	NA	NA	NA	NA	NA	NA	NA	NA	NA	NA	NA	NA	NA	NA	NA	NA	NA	NA	NA	NA	NA	NA	NA	NA	NA	NA
hsa-miR-6792-3p|MIMAT0027485	NA	NA	NA	NA	NA	NA	NA	NA	NA	NA	NA	NA	NA	NA	NA	NA	NA	NA	NA	NA	NA	NA	NA	NA	NA	NA	NA	NA	NA	NA	NA	NA	NA	NA	NA	NA	NA	NA	NA	NA	NA	NA	NA	NA	NA
hsa-miR-6793-5p|MIMAT0027486	NA	NA	NA	NA	NA	NA	NA	NA	NA	NA	NA	NA	NA	NA	NA	NA	NA	NA	NA	NA	NA	NA	NA	NA	NA	NA	NA	NA	NA	NA	NA	NA	NA	NA	NA	NA	NA	NA	NA	NA	NA	NA	NA	NA	NA
hsa-miR-6793-3p|MIMAT0027487	NA	NA	NA	NA	NA	NA	NA	NA	NA	NA	NA	NA	NA	NA	NA	NA	NA	NA	NA	NA	NA	NA	NA	NA	NA	NA	NA	NA	NA	NA	NA	NA	NA	NA	NA	NA	NA	NA	NA	NA	NA	NA	NA	NA	NA
hsa-miR-548ao-5p|MIMAT0021029	NA	NA	NA	NA	NA	NA	NA	NA	NA	NA	NA	NA	NA	NA	NA	NA	NA	NA	NA	NA	NA	NA	NA	NA	NA	NA	NA	NA	NA	NA	NA	NA	NA	NA	NA	NA	NA	NA	NA	NA	NA	NA	NA	NA	NA
hsa-miR-6794-3p|MIMAT0027489	NA	NA	NA	NA	NA	NA	NA	NA	NA	NA	NA	NA	NA	NA	NA	NA	NA	NA	NA	NA	NA	NA	NA	NA	NA	NA	NA	NA	NA	NA	NA	NA	NA	NA	NA	NA	NA	NA	NA	NA	NA	NA	NA	NA	NA
hsa-miR-6795-5p|MIMAT0027490	NA	NA	NA	NA	NA	NA	NA	NA	NA	NA	NA	NA	NA	NA	NA	NA	NA	NA	NA	NA	NA	NA	NA	NA	NA	NA	NA	NA	NA	NA	NA	NA	NA	NA	NA	NA	NA	NA	NA	NA	NA	NA	NA	NA	NA
hsa-miR-4513|MIMAT0019050	NA	NA	NA	NA	NA	NA	NA	NA	NA	NA	NA	NA	NA	NA	NA	NA	NA	NA	NA	NA	NA	NA	NA	NA	NA	NA	NA	NA	NA	NA	NA	NA	NA	NA	NA	NA	NA	NA	NA	NA	NA	NA	NA	NA	NA
hsa-miR-5007-5p|MIMAT0021035	NA	NA	NA	NA	NA	NA	NA	NA	NA	NA	NA	NA	NA	NA	NA	NA	NA	NA	NA	NA	NA	NA	NA	NA	NA	NA	NA	NA	NA	NA	NA	NA	NA	NA	NA	NA	NA	NA	NA	NA	NA	NA	NA	NA	NA
hsa-miR-6796-3p|MIMAT0027493	NA	NA	NA	NA	NA	NA	NA	NA	NA	NA	NA	NA	NA	NA	NA	NA	NA	NA	NA	NA	NA	NA	NA	NA	NA	NA	NA	NA	NA	NA	NA	NA	NA	NA	NA	NA	NA	NA	NA	NA	NA	NA	NA	NA	NA
hsa-miR-6797-5p|MIMAT0027494	NA	NA	NA	NA	NA	NA	NA	NA	NA	NA	NA	NA	NA	NA	NA	NA	NA	NA	NA	NA	NA	NA	NA	NA	NA	NA	NA	NA	NA	NA	NA	NA	NA	NA	NA	NA	NA	NA	NA	NA	NA	NA	NA	NA	NA
hsa-miR-6797-3p|MIMAT0027495	NA	NA	NA	NA	NA	NA	NA	NA	NA	NA	NA	NA	NA	NA	NA	NA	NA	NA	NA	NA	NA	NA	NA	NA	NA	NA	NA	NA	NA	NA	NA	NA	NA	NA	NA	NA	NA	NA	NA	NA	NA	NA	NA	NA	NA
hsa-miR-6798-5p|MIMAT0027496	NA	NA	NA	NA	NA	NA	NA	NA	NA	NA	NA	NA	NA	NA	NA	NA	NA	NA	NA	NA	NA	NA	NA	NA	NA	NA	NA	NA	NA	NA	NA	NA	NA	NA	NA	NA	NA	NA	NA	NA	NA	NA	NA	NA	NA
hsa-miR-5008-3p|MIMAT0021040	NA	NA	NA	NA	NA	NA	NA	NA	NA	NA	NA	NA	NA	NA	NA	NA	NA	NA	NA	NA	NA	NA	NA	NA	NA	NA	NA	NA	NA	NA	NA	NA	NA	NA	NA	NA	NA	NA	NA	NA	NA	NA	NA	NA	NA
hsa-miR-6799-5p|MIMAT0027498	NA	NA	NA	NA	NA	NA	NA	NA	NA	NA	NA	NA	NA	NA	NA	NA	NA	NA	NA	NA	NA	NA	NA	NA	NA	NA	NA	NA	NA	NA	NA	NA	NA	NA	NA	NA	NA	NA	NA	NA	NA	NA	NA	NA	NA
hsa-miR-6799-3p|MIMAT0027499	NA	NA	NA	NA	NA	NA	NA	NA	NA	NA	NA	NA	NA	NA	NA	NA	NA	NA	NA	NA	NA	NA	NA	NA	NA	NA	NA	NA	NA	NA	NA	NA	NA	NA	NA	NA	NA	NA	NA	NA	NA	NA	NA	NA	NA
hsa-miR-5010-5p|MIMAT0021043	NA	NA	NA	NA	NA	NA	NA	NA	NA	NA	NA	NA	NA	NA	NA	NA	NA	NA	NA	NA	NA	NA	NA	NA	NA	NA	NA	NA	NA	NA	NA	NA	NA	NA	NA	NA	NA	NA	NA	NA	NA	NA	NA	NA	NA
hsa-miR-6800-3p|MIMAT0027501	NA	NA	NA	NA	NA	NA	NA	NA	NA	NA	NA	NA	NA	NA	NA	NA	NA	NA	NA	NA	NA	NA	NA	NA	NA	NA	NA	NA	NA	NA	NA	NA	NA	NA	NA	NA	NA	NA	NA	NA	NA	NA	NA	NA	NA
hsa-miR-5011-5p|MIMAT0021045	NA	NA	NA	NA	NA	NA	NA	NA	NA	NA	NA	NA	NA	NA	NA	NA	NA	NA	NA	NA	NA	NA	NA	NA	NA	NA	NA	NA	NA	NA	NA	NA	NA	NA	NA	NA	NA	NA	NA	NA	NA	NA	NA	NA	NA
hsa-miR-5011-3p|MIMAT0021046	NA	NA	NA	NA	NA	NA	NA	NA	NA	NA	NA	NA	NA	NA	NA	NA	NA	NA	NA	NA	NA	NA	NA	NA	NA	NA	NA	NA	NA	NA	NA	NA	NA	NA	NA	NA	NA	NA	NA	NA	NA	NA	NA	NA	NA
hsa-miR-6802-5p|MIMAT0027504	NA	NA	NA	NA	NA	NA	NA	NA	NA	NA	NA	NA	NA	NA	NA	NA	NA	NA	NA	NA	NA	NA	NA	NA	NA	NA	NA	NA	NA	NA	NA	NA	NA	NA	NA	NA	NA	NA	NA	NA	NA	NA	NA	NA	NA
hsa-miR-6802-3p|MIMAT0027505	NA	NA	NA	NA	NA	NA	NA	NA	NA	NA	NA	NA	NA	NA	NA	NA	NA	NA	NA	NA	NA	NA	NA	NA	NA	NA	NA	NA	NA	NA	NA	NA	NA	NA	NA	NA	NA	NA	NA	NA	NA	NA	NA	NA	NA
hsa-miR-6803-5p|MIMAT0027506	NA	NA	NA	NA	NA	NA	NA	NA	NA	NA	NA	NA	NA	NA	NA	NA	NA	NA	NA	NA	NA	NA	NA	NA	NA	NA	NA	NA	NA	NA	NA	NA	NA	NA	NA	NA	NA	NA	NA	NA	NA	NA	NA	NA	NA
hsa-miR-5088-3p|MIMAT0027041	NA	NA	NA	NA	NA	NA	NA	NA	NA	NA	NA	NA	NA	NA	NA	NA	NA	NA	NA	NA	NA	NA	NA	NA	NA	NA	NA	NA	NA	NA	NA	NA	NA	NA	NA	NA	NA	NA	NA	NA	NA	NA	NA	NA	NA
hsa-miR-6804-5p|MIMAT0027508	NA	NA	NA	NA	NA	NA	NA	NA	NA	NA	NA	NA	NA	NA	NA	NA	NA	NA	NA	NA	NA	NA	NA	NA	NA	NA	NA	NA	NA	NA	NA	NA	NA	NA	NA	NA	NA	NA	NA	NA	NA	NA	NA	NA	NA
hsa-miR-6804-3p|MIMAT0027509	NA	NA	NA	NA	NA	NA	NA	NA	NA	NA	NA	NA	NA	NA	NA	NA	NA	NA	NA	NA	NA	NA	NA	NA	NA	NA	NA	NA	NA	NA	NA	NA	NA	NA	NA	NA	NA	NA	NA	NA	NA	NA	NA	NA	NA
hsa-miR-6805-5p|MIMAT0027510	NA	NA	NA	NA	NA	NA	NA	NA	NA	NA	NA	NA	NA	NA	NA	NA	NA	NA	NA	NA	NA	NA	NA	NA	NA	NA	NA	NA	NA	NA	NA	NA	NA	NA	NA	NA	NA	NA	NA	NA	NA	NA	NA	NA	NA
hsa-miR-5091|MIMAT0021083	NA	NA	NA	NA	NA	NA	NA	NA	NA	NA	NA	NA	NA	NA	NA	NA	NA	NA	NA	NA	NA	NA	NA	NA	NA	NA	NA	NA	NA	NA	NA	NA	NA	NA	NA	NA	NA	NA	NA	NA	NA	NA	NA	NA	NA
hsa-miR-6806-5p|MIMAT0027512	NA	NA	NA	NA	NA	NA	NA	NA	NA	NA	NA	NA	NA	NA	NA	NA	NA	NA	NA	NA	NA	NA	NA	NA	NA	NA	NA	NA	NA	NA	NA	NA	NA	NA	NA	NA	NA	NA	NA	NA	NA	NA	NA	NA	NA
hsa-miR-6806-3p|MIMAT0027513	NA	NA	NA	NA	NA	NA	NA	NA	NA	NA	NA	NA	NA	NA	NA	NA	NA	NA	NA	NA	NA	NA	NA	NA	NA	NA	NA	NA	NA	NA	NA	NA	NA	NA	NA	NA	NA	NA	NA	NA	NA	NA	NA	NA	NA
hsa-miR-6807-5p|MIMAT0027514	NA	NA	NA	NA	NA	NA	NA	NA	NA	NA	NA	NA	NA	NA	NA	NA	NA	NA	NA	NA	NA	NA	NA	NA	NA	NA	NA	NA	NA	NA	NA	NA	NA	NA	NA	NA	NA	NA	NA	NA	NA	NA	NA	NA	NA
hsa-miR-5095|MIMAT0020600	NA	NA	NA	NA	NA	NA	NA	NA	NA	NA	NA	NA	NA	NA	NA	NA	NA	NA	NA	NA	NA	NA	NA	NA	NA	NA	NA	NA	NA	NA	NA	NA	NA	NA	NA	NA	NA	NA	NA	NA	NA	NA	NA	NA	NA
hsa-miR-6808-5p|MIMAT0027516	NA	NA	NA	NA	NA	NA	NA	NA	NA	NA	NA	NA	NA	NA	NA	NA	NA	NA	NA	NA	NA	NA	NA	NA	NA	NA	NA	NA	NA	NA	NA	NA	NA	NA	NA	NA	NA	NA	NA	NA	NA	NA	NA	NA	NA
hsa-miR-6808-3p|MIMAT0027517	NA	NA	NA	NA	NA	NA	NA	NA	NA	NA	NA	NA	NA	NA	NA	NA	NA	NA	NA	NA	NA	NA	NA	NA	NA	NA	NA	NA	NA	NA	NA	NA	NA	NA	NA	NA	NA	NA	NA	NA	NA	NA	NA	NA	NA
hsa-miR-1273g-3p|MIMAT0022742	NA	NA	NA	NA	NA	NA	NA	NA	NA	NA	NA	NA	NA	NA	NA	NA	NA	NA	NA	NA	NA	NA	NA	NA	NA	NA	NA	NA	NA	NA	NA	NA	NA	NA	NA	NA	NA	NA	NA	NA	NA	NA	NA	NA	NA
hsa-miR-6809-3p|MIMAT0027519	NA	NA	NA	NA	NA	NA	NA	NA	NA	NA	NA	NA	NA	NA	NA	NA	NA	NA	NA	NA	NA	NA	NA	NA	NA	NA	NA	NA	NA	NA	NA	NA	NA	NA	NA	NA	NA	NA	NA	NA	NA	NA	NA	NA	NA
hsa-miR-6810-5p|MIMAT0027520	NA	NA	NA	NA	NA	NA	NA	NA	NA	NA	NA	NA	NA	NA	NA	NA	NA	NA	NA	NA	NA	NA	NA	NA	NA	NA	NA	NA	NA	NA	NA	NA	NA	NA	NA	NA	NA	NA	NA	NA	NA	NA	NA	NA	NA
hsa-miR-6810-3p|MIMAT0027521	NA	NA	NA	NA	NA	NA	NA	NA	NA	NA	NA	NA	NA	NA	NA	NA	NA	NA	NA	NA	NA	NA	NA	NA	NA	NA	NA	NA	NA	NA	NA	NA	NA	NA	NA	NA	NA	NA	NA	NA	NA	NA	NA	NA	NA
hsa-miR-6811-5p|MIMAT0027522	NA	NA	NA	NA	NA	NA	NA	NA	NA	NA	NA	NA	NA	NA	NA	NA	NA	NA	NA	NA	NA	NA	NA	NA	NA	NA	NA	NA	NA	NA	NA	NA	NA	NA	NA	NA	NA	NA	NA	NA	NA	NA	NA	NA	NA
hsa-miR-6811-3p|MIMAT0027523	NA	NA	NA	NA	NA	NA	NA	NA	NA	NA	NA	NA	NA	NA	NA	NA	NA	NA	NA	NA	NA	NA	NA	NA	NA	NA	NA	NA	NA	NA	NA	NA	NA	NA	NA	NA	NA	NA	NA	NA	NA	NA	NA	NA	NA
hsa-miR-6812-5p|MIMAT0027524	NA	NA	NA	NA	NA	NA	NA	NA	NA	NA	NA	NA	NA	NA	NA	NA	NA	NA	NA	NA	NA	NA	NA	NA	NA	NA	NA	NA	NA	NA	NA	NA	NA	NA	NA	NA	NA	NA	NA	NA	NA	NA	NA	NA	NA
hsa-miR-6812-3p|MIMAT0027525	NA	NA	NA	NA	NA	NA	NA	NA	NA	NA	NA	NA	NA	NA	NA	NA	NA	NA	NA	NA	NA	NA	NA	NA	NA	NA	NA	NA	NA	NA	NA	NA	NA	NA	NA	NA	NA	NA	NA	NA	NA	NA	NA	NA	NA
hsa-miR-6813-5p|MIMAT0027526	NA	NA	NA	NA	NA	NA	NA	NA	NA	NA	NA	NA	NA	NA	NA	NA	NA	NA	NA	NA	NA	NA	NA	NA	NA	NA	NA	NA	NA	NA	NA	NA	NA	NA	NA	NA	NA	NA	NA	NA	NA	NA	NA	NA	NA
hsa-miR-4539|MIMAT0019082	NA	NA	NA	NA	NA	NA	NA	NA	NA	NA	NA	NA	NA	NA	NA	NA	NA	NA	NA	NA	NA	NA	NA	NA	NA	NA	NA	NA	NA	NA	NA	NA	NA	NA	NA	NA	NA	NA	NA	NA	NA	NA	NA	NA	NA
hsa-miR-5192|MIMAT0021123	NA	NA	NA	NA	NA	NA	NA	NA	NA	NA	NA	NA	NA	NA	NA	NA	NA	NA	NA	NA	NA	NA	NA	NA	NA	NA	NA	NA	NA	NA	NA	NA	NA	NA	NA	NA	NA	NA	NA	NA	NA	NA	NA	NA	NA
hsa-miR-6814-3p|MIMAT0027529	NA	NA	NA	NA	NA	NA	NA	NA	NA	NA	NA	NA	NA	NA	NA	NA	NA	NA	NA	NA	NA	NA	NA	NA	NA	NA	NA	NA	NA	NA	NA	NA	NA	NA	NA	NA	NA	NA	NA	NA	NA	NA	NA	NA	NA
hsa-miR-6815-5p|MIMAT0027530	NA	NA	NA	NA	NA	NA	NA	NA	NA	NA	NA	NA	NA	NA	NA	NA	NA	NA	NA	NA	NA	NA	NA	NA	NA	NA	NA	NA	NA	NA	NA	NA	NA	NA	NA	NA	NA	NA	NA	NA	NA	NA	NA	NA	NA
hsa-miR-6815-3p|MIMAT0027531	NA	NA	NA	NA	NA	NA	NA	NA	NA	NA	NA	NA	NA	NA	NA	NA	NA	NA	NA	NA	NA	NA	NA	NA	NA	NA	NA	NA	NA	NA	NA	NA	NA	NA	NA	NA	NA	NA	NA	NA	NA	NA	NA	NA	NA
hsa-miR-5195-3p|MIMAT0021127	NA	NA	NA	NA	NA	NA	NA	NA	NA	NA	NA	NA	NA	NA	NA	NA	NA	NA	NA	NA	NA	NA	NA	NA	NA	NA	NA	NA	NA	NA	NA	NA	NA	NA	NA	NA	NA	NA	NA	NA	NA	NA	NA	NA	NA
hsa-miR-5196-5p|MIMAT0021128	NA	NA	NA	NA	NA	NA	NA	NA	NA	NA	NA	NA	NA	NA	NA	NA	NA	NA	NA	NA	NA	NA	NA	NA	NA	NA	NA	NA	NA	NA	NA	NA	NA	NA	NA	NA	NA	NA	NA	NA	NA	NA	NA	NA	NA
hsa-miR-6817-5p|MIMAT0027534	NA	NA	NA	NA	NA	NA	NA	NA	NA	NA	NA	NA	NA	NA	NA	NA	NA	NA	NA	NA	NA	NA	NA	NA	NA	NA	NA	NA	NA	NA	NA	NA	NA	NA	NA	NA	NA	NA	NA	NA	NA	NA	NA	NA	NA
hsa-miR-5197-5p|MIMAT0021130	NA	NA	NA	NA	NA	NA	NA	NA	NA	NA	NA	NA	NA	NA	NA	NA	NA	NA	NA	NA	NA	NA	NA	NA	NA	NA	NA	NA	NA	NA	NA	NA	NA	NA	NA	NA	NA	NA	NA	NA	NA	NA	NA	NA	NA
hsa-miR-6818-5p|MIMAT0027536	NA	NA	NA	NA	NA	NA	NA	NA	NA	NA	NA	NA	NA	NA	NA	NA	NA	NA	NA	NA	NA	NA	NA	NA	NA	NA	NA	NA	NA	NA	NA	NA	NA	NA	NA	NA	NA	NA	NA	NA	NA	NA	NA	NA	NA
hsa-miR-6818-3p|MIMAT0027537	NA	NA	NA	NA	NA	NA	NA	NA	NA	NA	NA	NA	NA	NA	NA	NA	NA	NA	NA	NA	NA	NA	NA	NA	NA	NA	NA	NA	NA	NA	NA	NA	NA	NA	NA	NA	NA	NA	NA	NA	NA	NA	NA	NA	NA
hsa-miR-4524b-3p|MIMAT0022256	NA	NA	NA	NA	NA	NA	NA	NA	NA	NA	NA	NA	NA	NA	NA	NA	NA	NA	NA	NA	NA	NA	NA	NA	NA	NA	NA	NA	NA	NA	NA	NA	NA	NA	NA	NA	NA	NA	NA	NA	NA	NA	NA	NA	NA
hsa-miR-5571-5p|MIMAT0022257	NA	NA	NA	NA	NA	NA	NA	NA	NA	NA	NA	NA	NA	NA	NA	NA	NA	NA	NA	NA	NA	NA	NA	NA	NA	NA	NA	NA	NA	NA	NA	NA	NA	NA	NA	NA	NA	NA	NA	NA	NA	NA	NA	NA	NA
hsa-miR-5571-3p|MIMAT0022258	NA	NA	NA	NA	NA	NA	NA	NA	NA	NA	NA	NA	NA	NA	NA	NA	NA	NA	NA	NA	NA	NA	NA	NA	NA	NA	NA	NA	NA	NA	NA	NA	NA	NA	NA	NA	NA	NA	NA	NA	NA	NA	NA	NA	NA
hsa-miR-6820-3p|MIMAT0027541	NA	NA	NA	NA	NA	NA	NA	NA	NA	NA	NA	NA	NA	NA	NA	NA	NA	NA	NA	NA	NA	NA	NA	NA	NA	NA	NA	NA	NA	NA	NA	NA	NA	NA	NA	NA	NA	NA	NA	NA	NA	NA	NA	NA	NA
hsa-miR-4635|MIMAT0019692	NA	NA	NA	NA	NA	NA	NA	NA	NA	NA	NA	NA	NA	NA	NA	NA	NA	NA	NA	NA	NA	NA	NA	NA	NA	NA	NA	NA	NA	NA	NA	NA	NA	NA	NA	NA	NA	NA	NA	NA	NA	NA	NA	NA	NA
hsa-miR-6821-3p|MIMAT0027543	NA	NA	NA	NA	NA	NA	NA	NA	NA	NA	NA	NA	NA	NA	NA	NA	NA	NA	NA	NA	NA	NA	NA	NA	NA	NA	NA	NA	NA	NA	NA	NA	NA	NA	NA	NA	NA	NA	NA	NA	NA	NA	NA	NA	NA
hsa-miR-6822-5p|MIMAT0027544	NA	NA	NA	NA	NA	NA	NA	NA	NA	NA	NA	NA	NA	NA	NA	NA	NA	NA	NA	NA	NA	NA	NA	NA	NA	NA	NA	NA	NA	NA	NA	NA	NA	NA	NA	NA	NA	NA	NA	NA	NA	NA	NA	NA	NA
hsa-miR-548ar-5p|MIMAT0022265	NA	NA	NA	NA	NA	NA	NA	NA	NA	NA	NA	NA	NA	NA	NA	NA	NA	NA	NA	NA	NA	NA	NA	NA	NA	NA	NA	NA	NA	NA	NA	NA	NA	NA	NA	NA	NA	NA	NA	NA	NA	NA	NA	NA	NA
hsa-miR-6823-5p|MIMAT0027546	NA	NA	NA	NA	NA	NA	NA	NA	NA	NA	NA	NA	NA	NA	NA	NA	NA	NA	NA	NA	NA	NA	NA	NA	NA	NA	NA	NA	NA	NA	NA	NA	NA	NA	NA	NA	NA	NA	NA	NA	NA	NA	NA	NA	NA
hsa-miR-6823-3p|MIMAT0027547	NA	NA	NA	NA	NA	NA	NA	NA	NA	NA	NA	NA	NA	NA	NA	NA	NA	NA	NA	NA	NA	NA	NA	NA	NA	NA	NA	NA	NA	NA	NA	NA	NA	NA	NA	NA	NA	NA	NA	NA	NA	NA	NA	NA	NA
hsa-miR-548as-3p|MIMAT0022268	NA	NA	NA	NA	NA	NA	NA	NA	NA	NA	NA	NA	NA	NA	NA	NA	NA	NA	NA	NA	NA	NA	NA	NA	NA	NA	NA	NA	NA	NA	NA	NA	NA	NA	NA	NA	NA	NA	NA	NA	NA	NA	NA	NA	NA
hsa-miR-5579-5p|MIMAT0022269	NA	NA	NA	NA	NA	NA	NA	NA	NA	NA	NA	NA	NA	NA	NA	NA	NA	NA	NA	NA	NA	NA	NA	NA	NA	NA	NA	NA	NA	NA	NA	NA	NA	NA	NA	NA	NA	NA	NA	NA	NA	NA	NA	NA	NA
hsa-miR-6825-5p|MIMAT0027550	NA	NA	NA	NA	NA	NA	NA	NA	NA	NA	NA	NA	NA	NA	NA	NA	NA	NA	NA	NA	NA	NA	NA	NA	NA	NA	NA	NA	NA	NA	NA	NA	NA	NA	NA	NA	NA	NA	NA	NA	NA	NA	NA	NA	NA
hsa-miR-6825-3p|MIMAT0027551	NA	NA	NA	NA	NA	NA	NA	NA	NA	NA	NA	NA	NA	NA	NA	NA	NA	NA	NA	NA	NA	NA	NA	NA	NA	NA	NA	NA	NA	NA	NA	NA	NA	NA	NA	NA	NA	NA	NA	NA	NA	NA	NA	NA	NA
hsa-miR-6826-5p|MIMAT0027552	NA	NA	NA	NA	NA	NA	NA	NA	NA	NA	NA	NA	NA	NA	NA	NA	NA	NA	NA	NA	NA	NA	NA	NA	NA	NA	NA	NA	NA	NA	NA	NA	NA	NA	NA	NA	NA	NA	NA	NA	NA	NA	NA	NA	NA
hsa-miR-6826-3p|MIMAT0027553	NA	NA	NA	NA	NA	NA	NA	NA	NA	NA	NA	NA	NA	NA	NA	NA	NA	NA	NA	NA	NA	NA	NA	NA	NA	NA	NA	NA	NA	NA	NA	NA	NA	NA	NA	NA	NA	NA	NA	NA	NA	NA	NA	NA	NA
hsa-miR-5580-3p|MIMAT0022274	NA	NA	NA	NA	NA	NA	NA	NA	NA	NA	NA	NA	NA	NA	NA	NA	NA	NA	NA	NA	NA	NA	NA	NA	NA	NA	NA	NA	NA	NA	NA	NA	NA	NA	NA	NA	NA	NA	NA	NA	NA	NA	NA	NA	NA
hsa-miR-5581-5p|MIMAT0022275	NA	NA	NA	NA	NA	NA	NA	NA	NA	NA	NA	NA	NA	NA	NA	NA	NA	NA	NA	NA	NA	NA	NA	NA	NA	NA	NA	NA	NA	NA	NA	NA	NA	NA	NA	NA	NA	NA	NA	NA	NA	NA	NA	NA	NA
hsa-miR-6828-5p|MIMAT0027556	NA	NA	NA	NA	NA	NA	NA	NA	NA	NA	NA	NA	NA	NA	NA	NA	NA	NA	NA	NA	NA	NA	NA	NA	NA	NA	NA	NA	NA	NA	NA	NA	NA	NA	NA	NA	NA	NA	NA	NA	NA	NA	NA	NA	NA
hsa-miR-4646-5p|MIMAT0019707	NA	NA	NA	NA	NA	NA	NA	NA	NA	NA	NA	NA	NA	NA	NA	NA	NA	NA	NA	NA	NA	NA	NA	NA	NA	NA	NA	NA	NA	NA	NA	NA	NA	NA	NA	NA	NA	NA	NA	NA	NA	NA	NA	NA	NA
hsa-miR-548at-3p|MIMAT0022278	NA	NA	NA	NA	NA	NA	NA	NA	NA	NA	NA	NA	NA	NA	NA	NA	NA	NA	NA	NA	NA	NA	NA	NA	NA	NA	NA	NA	NA	NA	NA	NA	NA	NA	NA	NA	NA	NA	NA	NA	NA	NA	NA	NA	NA
hsa-miR-6829-3p|MIMAT0027559	NA	NA	NA	NA	NA	NA	NA	NA	NA	NA	NA	NA	NA	NA	NA	NA	NA	NA	NA	NA	NA	NA	NA	NA	NA	NA	NA	NA	NA	NA	NA	NA	NA	NA	NA	NA	NA	NA	NA	NA	NA	NA	NA	NA	NA
hsa-miR-5582-3p|MIMAT0022280	NA	NA	NA	NA	NA	NA	NA	NA	NA	NA	NA	NA	NA	NA	NA	NA	NA	NA	NA	NA	NA	NA	NA	NA	NA	NA	NA	NA	NA	NA	NA	NA	NA	NA	NA	NA	NA	NA	NA	NA	NA	NA	NA	NA	NA
hsa-miR-6830-3p|MIMAT0027561	NA	NA	NA	NA	NA	NA	NA	NA	NA	NA	NA	NA	NA	NA	NA	NA	NA	NA	NA	NA	NA	NA	NA	NA	NA	NA	NA	NA	NA	NA	NA	NA	NA	NA	NA	NA	NA	NA	NA	NA	NA	NA	NA	NA	NA
hsa-miR-4649-3p|MIMAT0019712	NA	NA	NA	NA	NA	NA	NA	NA	NA	NA	NA	NA	NA	NA	NA	NA	NA	NA	NA	NA	NA	NA	NA	NA	NA	NA	NA	NA	NA	NA	NA	NA	NA	NA	NA	NA	NA	NA	NA	NA	NA	NA	NA	NA	NA
hsa-miR-6831-3p|MIMAT0027563	NA	NA	NA	NA	NA	NA	NA	NA	NA	NA	NA	NA	NA	NA	NA	NA	NA	NA	NA	NA	NA	NA	NA	NA	NA	NA	NA	NA	NA	NA	NA	NA	NA	NA	NA	NA	NA	NA	NA	NA	NA	NA	NA	NA	NA
hsa-miR-5584-3p|MIMAT0022284	NA	NA	NA	NA	NA	NA	NA	NA	NA	NA	NA	NA	NA	NA	NA	NA	NA	NA	NA	NA	NA	NA	NA	NA	NA	NA	NA	NA	NA	NA	NA	NA	NA	NA	NA	NA	NA	NA	NA	NA	NA	NA	NA	NA	NA
hsa-miR-6832-3p|MIMAT0027565	NA	NA	NA	NA	NA	NA	NA	NA	NA	NA	NA	NA	NA	NA	NA	NA	NA	NA	NA	NA	NA	NA	NA	NA	NA	NA	NA	NA	NA	NA	NA	NA	NA	NA	NA	NA	NA	NA	NA	NA	NA	NA	NA	NA	NA
hsa-miR-6833-5p|MIMAT0027566	NA	NA	NA	NA	NA	NA	NA	NA	NA	NA	NA	NA	NA	NA	NA	NA	NA	NA	NA	NA	NA	NA	NA	NA	NA	NA	NA	NA	NA	NA	NA	NA	NA	NA	NA	NA	NA	NA	NA	NA	NA	NA	NA	NA	NA
hsa-miR-6833-3p|MIMAT0027567	NA	NA	NA	NA	NA	NA	NA	NA	NA	NA	NA	NA	NA	NA	NA	NA	NA	NA	NA	NA	NA	NA	NA	NA	NA	NA	NA	NA	NA	NA	NA	NA	NA	NA	NA	NA	NA	NA	NA	NA	NA	NA	NA	NA	NA
hsa-miR-6834-5p|MIMAT0027568	NA	NA	NA	NA	NA	NA	NA	NA	NA	NA	NA	NA	NA	NA	NA	NA	NA	NA	NA	NA	NA	NA	NA	NA	NA	NA	NA	NA	NA	NA	NA	NA	NA	NA	NA	NA	NA	NA	NA	NA	NA	NA	NA	NA	NA
hsa-miR-4653-3p|MIMAT0019719	NA	NA	NA	NA	NA	NA	NA	NA	NA	NA	NA	NA	NA	NA	NA	NA	NA	NA	NA	NA	NA	NA	NA	NA	NA	NA	NA	NA	NA	NA	NA	NA	NA	NA	NA	NA	NA	NA	NA	NA	NA	NA	NA	NA	NA
hsa-miR-6835-5p|MIMAT0027570	NA	NA	NA	NA	NA	NA	NA	NA	NA	NA	NA	NA	NA	NA	NA	NA	NA	NA	NA	NA	NA	NA	NA	NA	NA	NA	NA	NA	NA	NA	NA	NA	NA	NA	NA	NA	NA	NA	NA	NA	NA	NA	NA	NA	NA
hsa-miR-6835-3p|MIMAT0027571	NA	NA	NA	NA	NA	NA	NA	NA	NA	NA	NA	NA	NA	NA	NA	NA	NA	NA	NA	NA	NA	NA	NA	NA	NA	NA	NA	NA	NA	NA	NA	NA	NA	NA	NA	NA	NA	NA	NA	NA	NA	NA	NA	NA	NA
hsa-miR-6780b-5p|MIMAT0027572	NA	NA	NA	NA	NA	NA	NA	NA	NA	NA	NA	NA	NA	NA	NA	NA	NA	NA	NA	NA	NA	NA	NA	NA	NA	NA	NA	NA	NA	NA	NA	NA	NA	NA	NA	NA	NA	NA	NA	NA	NA	NA	NA	NA	NA
hsa-miR-6780b-3p|MIMAT0027573	NA	NA	NA	NA	NA	NA	NA	NA	NA	NA	NA	NA	NA	NA	NA	NA	NA	NA	NA	NA	NA	NA	NA	NA	NA	NA	NA	NA	NA	NA	NA	NA	NA	NA	NA	NA	NA	NA	NA	NA	NA	NA	NA	NA	NA
hsa-miR-1295b-3p|MIMAT0022294	NA	NA	NA	NA	NA	NA	NA	NA	NA	NA	NA	NA	NA	NA	NA	NA	NA	NA	NA	NA	NA	NA	NA	NA	NA	NA	NA	NA	NA	NA	NA	NA	NA	NA	NA	NA	NA	NA	NA	NA	NA	NA	NA	NA	NA
hsa-miR-6836-3p|MIMAT0027575	NA	NA	NA	NA	NA	NA	NA	NA	NA	NA	NA	NA	NA	NA	NA	NA	NA	NA	NA	NA	NA	NA	NA	NA	NA	NA	NA	NA	NA	NA	NA	NA	NA	NA	NA	NA	NA	NA	NA	NA	NA	NA	NA	NA	NA
hsa-miR-5588-3p|MIMAT0022296	NA	NA	NA	NA	NA	NA	NA	NA	NA	NA	NA	NA	NA	NA	NA	NA	NA	NA	NA	NA	NA	NA	NA	NA	NA	NA	NA	NA	NA	NA	NA	NA	NA	NA	NA	NA	NA	NA	NA	NA	NA	NA	NA	NA	NA
hsa-miR-5589-5p|MIMAT0022297	NA	NA	NA	NA	NA	NA	NA	NA	NA	NA	NA	NA	NA	NA	NA	NA	NA	NA	NA	NA	NA	NA	NA	NA	NA	NA	NA	NA	NA	NA	NA	NA	NA	NA	NA	NA	NA	NA	NA	NA	NA	NA	NA	NA	NA
hsa-miR-5589-3p|MIMAT0022298	NA	NA	NA	NA	NA	NA	NA	NA	NA	NA	NA	NA	NA	NA	NA	NA	NA	NA	NA	NA	NA	NA	NA	NA	NA	NA	NA	NA	NA	NA	NA	NA	NA	NA	NA	NA	NA	NA	NA	NA	NA	NA	NA	NA	NA
hsa-miR-5590-5p|MIMAT0022299	NA	NA	NA	NA	NA	NA	NA	NA	NA	NA	NA	NA	NA	NA	NA	NA	NA	NA	NA	NA	NA	NA	NA	NA	NA	NA	NA	NA	NA	NA	NA	NA	NA	NA	NA	NA	NA	NA	NA	NA	NA	NA	NA	NA	NA
hsa-miR-6839-5p|MIMAT0027580	NA	NA	NA	NA	NA	NA	NA	NA	NA	NA	NA	NA	NA	NA	NA	NA	NA	NA	NA	NA	NA	NA	NA	NA	NA	NA	NA	NA	NA	NA	NA	NA	NA	NA	NA	NA	NA	NA	NA	NA	NA	NA	NA	NA	NA
hsa-miR-6839-3p|MIMAT0027581	NA	NA	NA	NA	NA	NA	NA	NA	NA	NA	NA	NA	NA	NA	NA	NA	NA	NA	NA	NA	NA	NA	NA	NA	NA	NA	NA	NA	NA	NA	NA	NA	NA	NA	NA	NA	NA	NA	NA	NA	NA	NA	NA	NA	NA
hsa-miR-6840-5p|MIMAT0027582	NA	NA	NA	NA	NA	NA	NA	NA	NA	NA	NA	NA	NA	NA	NA	NA	NA	NA	NA	NA	NA	NA	NA	NA	NA	NA	NA	NA	NA	NA	NA	NA	NA	NA	NA	NA	NA	NA	NA	NA	NA	NA	NA	NA	NA
hsa-miR-6840-3p|MIMAT0027583	NA	NA	NA	NA	NA	NA	NA	NA	NA	NA	NA	NA	NA	NA	NA	NA	NA	NA	NA	NA	NA	NA	NA	NA	NA	NA	NA	NA	NA	NA	NA	NA	NA	NA	NA	NA	NA	NA	NA	NA	NA	NA	NA	NA	NA
hsa-miR-6841-5p|MIMAT0027584	NA	NA	NA	NA	NA	NA	NA	NA	NA	NA	NA	NA	NA	NA	NA	NA	NA	NA	NA	NA	NA	NA	NA	NA	NA	NA	NA	NA	NA	NA	NA	NA	NA	NA	NA	NA	NA	NA	NA	NA	NA	NA	NA	NA	NA
hsa-miR-4663|MIMAT0019735	NA	NA	NA	NA	NA	NA	NA	NA	NA	NA	NA	NA	NA	NA	NA	NA	NA	NA	NA	NA	NA	NA	NA	NA	NA	NA	NA	NA	NA	NA	NA	NA	NA	NA	NA	NA	NA	NA	NA	NA	NA	NA	NA	NA	NA
hsa-miR-6842-5p|MIMAT0027586	NA	NA	NA	NA	NA	NA	NA	NA	NA	NA	NA	NA	NA	NA	NA	NA	NA	NA	NA	NA	NA	NA	NA	NA	NA	NA	NA	NA	NA	NA	NA	NA	NA	NA	NA	NA	NA	NA	NA	NA	NA	NA	NA	NA	NA
hsa-miR-5682|MIMAT0022470	NA	NA	NA	NA	NA	NA	NA	NA	NA	NA	NA	NA	NA	NA	NA	NA	NA	NA	NA	NA	NA	NA	NA	NA	NA	NA	NA	NA	NA	NA	NA	NA	NA	NA	NA	NA	NA	NA	NA	NA	NA	NA	NA	NA	NA
hsa-miR-6843-3p|MIMAT0027588	NA	NA	NA	NA	NA	NA	NA	NA	NA	NA	NA	NA	NA	NA	NA	NA	NA	NA	NA	NA	NA	NA	NA	NA	NA	NA	NA	NA	NA	NA	NA	NA	NA	NA	NA	NA	NA	NA	NA	NA	NA	NA	NA	NA	NA
hsa-miR-4665-5p|MIMAT0019739	NA	NA	NA	NA	NA	NA	NA	NA	NA	NA	NA	NA	NA	NA	NA	NA	NA	NA	NA	NA	NA	NA	NA	NA	NA	NA	NA	NA	NA	NA	NA	NA	NA	NA	NA	NA	NA	NA	NA	NA	NA	NA	NA	NA	NA
hsa-miR-4665-3p|MIMAT0019740	NA	NA	NA	NA	NA	NA	NA	NA	NA	NA	NA	NA	NA	NA	NA	NA	NA	NA	NA	NA	NA	NA	NA	NA	NA	NA	NA	NA	NA	NA	NA	NA	NA	NA	NA	NA	NA	NA	NA	NA	NA	NA	NA	NA	NA
hsa-miR-6845-3p|MIMAT0027591	NA	NA	NA	NA	NA	NA	NA	NA	NA	NA	NA	NA	NA	NA	NA	NA	NA	NA	NA	NA	NA	NA	NA	NA	NA	NA	NA	NA	NA	NA	NA	NA	NA	NA	NA	NA	NA	NA	NA	NA	NA	NA	NA	NA	NA
hsa-miR-4666a-3p|MIMAT0019742	NA	NA	NA	NA	NA	NA	NA	NA	NA	NA	NA	NA	NA	NA	NA	NA	NA	NA	NA	NA	NA	NA	NA	NA	NA	NA	NA	NA	NA	NA	NA	NA	NA	NA	NA	NA	NA	NA	NA	NA	NA	NA	NA	NA	NA
hsa-miR-4667-5p|MIMAT0019743	NA	NA	NA	NA	NA	NA	NA	NA	NA	NA	NA	NA	NA	NA	NA	NA	NA	NA	NA	NA	NA	NA	NA	NA	NA	NA	NA	NA	NA	NA	NA	NA	NA	NA	NA	NA	NA	NA	NA	NA	NA	NA	NA	NA	NA
hsa-miR-5687|MIMAT0022478	NA	NA	NA	NA	NA	NA	NA	NA	NA	NA	NA	NA	NA	NA	NA	NA	NA	NA	NA	NA	NA	NA	NA	NA	NA	NA	NA	NA	NA	NA	NA	NA	NA	NA	NA	NA	NA	NA	NA	NA	NA	NA	NA	NA	NA
hsa-miR-6847-3p|MIMAT0027595	NA	NA	NA	NA	NA	NA	NA	NA	NA	NA	NA	NA	NA	NA	NA	NA	NA	NA	NA	NA	NA	NA	NA	NA	NA	NA	NA	NA	NA	NA	NA	NA	NA	NA	NA	NA	NA	NA	NA	NA	NA	NA	NA	NA	NA
hsa-miR-6848-5p|MIMAT0027596	NA	NA	NA	NA	NA	NA	NA	NA	NA	NA	NA	NA	NA	NA	NA	NA	NA	NA	NA	NA	NA	NA	NA	NA	NA	NA	NA	NA	NA	NA	NA	NA	NA	NA	NA	NA	NA	NA	NA	NA	NA	NA	NA	NA	NA
hsa-miR-6848-3p|MIMAT0027597	NA	NA	NA	NA	NA	NA	NA	NA	NA	NA	NA	NA	NA	NA	NA	NA	NA	NA	NA	NA	NA	NA	NA	NA	NA	NA	NA	NA	NA	NA	NA	NA	NA	NA	NA	NA	NA	NA	NA	NA	NA	NA	NA	NA	NA
hsa-miR-6849-5p|MIMAT0027598	NA	NA	NA	NA	NA	NA	NA	NA	NA	NA	NA	NA	NA	NA	NA	NA	NA	NA	NA	NA	NA	NA	NA	NA	NA	NA	NA	NA	NA	NA	NA	NA	NA	NA	NA	NA	NA	NA	NA	NA	NA	NA	NA	NA	NA
hsa-miR-5691|MIMAT0022483	NA	NA	NA	NA	NA	NA	NA	NA	NA	NA	NA	NA	NA	NA	NA	NA	NA	NA	NA	NA	NA	NA	NA	NA	NA	NA	NA	NA	NA	NA	NA	NA	NA	NA	NA	NA	NA	NA	NA	NA	NA	NA	NA	NA	NA
hsa-miR-5692a|MIMAT0022484	NA	NA	NA	NA	NA	NA	NA	NA	NA	NA	NA	NA	NA	NA	NA	NA	NA	NA	NA	NA	NA	NA	NA	NA	NA	NA	NA	NA	NA	NA	NA	NA	NA	NA	NA	NA	NA	NA	NA	NA	NA	NA	NA	NA	NA
hsa-miR-6850-3p|MIMAT0027601	NA	NA	NA	NA	NA	NA	NA	NA	NA	NA	NA	NA	NA	NA	NA	NA	NA	NA	NA	NA	NA	NA	NA	NA	NA	NA	NA	NA	NA	NA	NA	NA	NA	NA	NA	NA	NA	NA	NA	NA	NA	NA	NA	NA	NA
hsa-miR-6851-5p|MIMAT0027602	NA	NA	NA	NA	NA	NA	NA	NA	NA	NA	NA	NA	NA	NA	NA	NA	NA	NA	NA	NA	NA	NA	NA	NA	NA	NA	NA	NA	NA	NA	NA	NA	NA	NA	NA	NA	NA	NA	NA	NA	NA	NA	NA	NA	NA
hsa-miR-6851-3p|MIMAT0027603	NA	NA	NA	NA	NA	NA	NA	NA	NA	NA	NA	NA	NA	NA	NA	NA	NA	NA	NA	NA	NA	NA	NA	NA	NA	NA	NA	NA	NA	NA	NA	NA	NA	NA	NA	NA	NA	NA	NA	NA	NA	NA	NA	NA	NA
hsa-miR-6852-5p|MIMAT0027604	NA	NA	NA	NA	NA	NA	NA	NA	NA	NA	NA	NA	NA	NA	NA	NA	NA	NA	NA	NA	NA	NA	NA	NA	NA	NA	NA	NA	NA	NA	NA	NA	NA	NA	NA	NA	NA	NA	NA	NA	NA	NA	NA	NA	NA
hsa-miR-5696|MIMAT0022489	NA	NA	NA	NA	NA	NA	NA	NA	NA	NA	NA	NA	NA	NA	NA	NA	NA	NA	NA	NA	NA	NA	NA	NA	NA	NA	NA	NA	NA	NA	NA	NA	NA	NA	NA	NA	NA	NA	NA	NA	NA	NA	NA	NA	NA
hsa-miR-6853-5p|MIMAT0027606	NA	NA	NA	NA	NA	NA	NA	NA	NA	NA	NA	NA	NA	NA	NA	NA	NA	NA	NA	NA	NA	NA	NA	NA	NA	NA	NA	NA	NA	NA	NA	NA	NA	NA	NA	NA	NA	NA	NA	NA	NA	NA	NA	NA	NA
hsa-miR-5698|MIMAT0022491	NA	NA	NA	NA	NA	NA	NA	NA	NA	NA	NA	NA	NA	NA	NA	NA	NA	NA	NA	NA	NA	NA	NA	NA	NA	NA	NA	NA	NA	NA	NA	NA	NA	NA	NA	NA	NA	NA	NA	NA	NA	NA	NA	NA	NA
hsa-miR-6854-5p|MIMAT0027608	NA	NA	NA	NA	NA	NA	NA	NA	NA	NA	NA	NA	NA	NA	NA	NA	NA	NA	NA	NA	NA	NA	NA	NA	NA	NA	NA	NA	NA	NA	NA	NA	NA	NA	NA	NA	NA	NA	NA	NA	NA	NA	NA	NA	NA
hsa-miR-6854-3p|MIMAT0027609	NA	NA	NA	NA	NA	NA	NA	NA	NA	NA	NA	NA	NA	NA	NA	NA	NA	NA	NA	NA	NA	NA	NA	NA	NA	NA	NA	NA	NA	NA	NA	NA	NA	NA	NA	NA	NA	NA	NA	NA	NA	NA	NA	NA	NA
hsa-miR-5700|MIMAT0022493	NA	NA	NA	NA	NA	NA	NA	NA	NA	NA	NA	NA	NA	NA	NA	NA	NA	NA	NA	NA	NA	NA	NA	NA	NA	NA	NA	NA	NA	NA	NA	NA	NA	NA	NA	NA	NA	NA	NA	NA	NA	NA	NA	NA	NA
hsa-miR-6855-3p|MIMAT0027611	NA	NA	NA	NA	NA	NA	NA	NA	NA	NA	NA	NA	NA	NA	NA	NA	NA	NA	NA	NA	NA	NA	NA	NA	NA	NA	NA	NA	NA	NA	NA	NA	NA	NA	NA	NA	NA	NA	NA	NA	NA	NA	NA	NA	NA
hsa-miR-6856-5p|MIMAT0027612	NA	NA	NA	NA	NA	NA	NA	NA	NA	NA	NA	NA	NA	NA	NA	NA	NA	NA	NA	NA	NA	NA	NA	NA	NA	NA	NA	NA	NA	NA	NA	NA	NA	NA	NA	NA	NA	NA	NA	NA	NA	NA	NA	NA	NA
hsa-miR-6856-3p|MIMAT0027613	NA	NA	NA	NA	NA	NA	NA	NA	NA	NA	NA	NA	NA	NA	NA	NA	NA	NA	NA	NA	NA	NA	NA	NA	NA	NA	NA	NA	NA	NA	NA	NA	NA	NA	NA	NA	NA	NA	NA	NA	NA	NA	NA	NA	NA
hsa-miR-6857-5p|MIMAT0027614	NA	NA	NA	NA	NA	NA	NA	NA	NA	NA	NA	NA	NA	NA	NA	NA	NA	NA	NA	NA	NA	NA	NA	NA	NA	NA	NA	NA	NA	NA	NA	NA	NA	NA	NA	NA	NA	NA	NA	NA	NA	NA	NA	NA	NA
hsa-miR-6857-3p|MIMAT0027615	NA	NA	NA	NA	NA	NA	NA	NA	NA	NA	NA	NA	NA	NA	NA	NA	NA	NA	NA	NA	NA	NA	NA	NA	NA	NA	NA	NA	NA	NA	NA	NA	NA	NA	NA	NA	NA	NA	NA	NA	NA	NA	NA	NA	NA
hsa-miR-5705|MIMAT0022499	NA	NA	NA	NA	NA	NA	NA	NA	NA	NA	NA	NA	NA	NA	NA	NA	NA	NA	NA	NA	NA	NA	NA	NA	NA	NA	NA	NA	NA	NA	NA	NA	NA	NA	NA	NA	NA	NA	NA	NA	NA	NA	NA	NA	NA
hsa-miR-6858-3p|MIMAT0027617	NA	NA	NA	NA	NA	NA	NA	NA	NA	NA	NA	NA	NA	NA	NA	NA	NA	NA	NA	NA	NA	NA	NA	NA	NA	NA	NA	NA	NA	NA	NA	NA	NA	NA	NA	NA	NA	NA	NA	NA	NA	NA	NA	NA	NA
hsa-miR-4683|MIMAT0019768	NA	NA	NA	NA	NA	NA	NA	NA	NA	NA	NA	NA	NA	NA	NA	NA	NA	NA	NA	NA	NA	NA	NA	NA	NA	NA	NA	NA	NA	NA	NA	NA	NA	NA	NA	NA	NA	NA	NA	NA	NA	NA	NA	NA	NA
hsa-miR-6859-3p|MIMAT0027619	NA	NA	NA	NA	NA	NA	NA	NA	NA	NA	NA	NA	NA	NA	NA	NA	NA	NA	NA	NA	NA	NA	NA	NA	NA	NA	NA	NA	NA	NA	NA	NA	NA	NA	NA	NA	NA	NA	NA	NA	NA	NA	NA	NA	NA
hsa-miR-6769b-5p|MIMAT0027620	NA	NA	NA	NA	NA	NA	NA	NA	NA	NA	NA	NA	NA	NA	NA	NA	NA	NA	NA	NA	NA	NA	NA	NA	NA	NA	NA	NA	NA	NA	NA	NA	NA	NA	NA	NA	NA	NA	NA	NA	NA	NA	NA	NA	NA
hsa-miR-5787|MIMAT0023252	NA	NA	NA	NA	NA	NA	NA	NA	NA	NA	NA	NA	NA	NA	NA	NA	NA	NA	NA	NA	NA	NA	NA	NA	NA	NA	NA	NA	NA	NA	NA	NA	NA	NA	NA	NA	NA	NA	NA	NA	NA	NA	NA	NA	NA
hsa-miR-1199-5p|MIMAT0031119	NA	NA	NA	NA	NA	NA	NA	NA	NA	NA	NA	NA	NA	NA	NA	NA	NA	NA	NA	NA	NA	NA	NA	NA	NA	NA	NA	NA	NA	NA	NA	NA	NA	NA	NA	NA	NA	NA	NA	NA	NA	NA	NA	NA	NA
hsa-miR-1199-3p|MIMAT0031120	NA	NA	NA	NA	NA	NA	NA	NA	NA	NA	NA	NA	NA	NA	NA	NA	NA	NA	NA	NA	NA	NA	NA	NA	NA	NA	NA	NA	NA	NA	NA	NA	NA	NA	NA	NA	NA	NA	NA	NA	NA	NA	NA	NA	NA
hsa-miR-6861-3p|MIMAT0027624	NA	NA	NA	NA	NA	NA	NA	NA	NA	NA	NA	NA	NA	NA	NA	NA	NA	NA	NA	NA	NA	NA	NA	NA	NA	NA	NA	NA	NA	NA	NA	NA	NA	NA	NA	NA	NA	NA	NA	NA	NA	NA	NA	NA	NA
hsa-miR-6862-5p|MIMAT0027625	NA	NA	NA	NA	NA	NA	NA	NA	NA	NA	NA	NA	NA	NA	NA	NA	NA	NA	NA	NA	NA	NA	NA	NA	NA	NA	NA	NA	NA	NA	NA	NA	NA	NA	NA	NA	NA	NA	NA	NA	NA	NA	NA	NA	NA
hsa-miR-6862-3p|MIMAT0027626	NA	NA	NA	NA	NA	NA	NA	NA	NA	NA	NA	NA	NA	NA	NA	NA	NA	NA	NA	NA	NA	NA	NA	NA	NA	NA	NA	NA	NA	NA	NA	NA	NA	NA	NA	NA	NA	NA	NA	NA	NA	NA	NA	NA	NA
hsa-miR-6863|MIMAT0027627	NA	NA	NA	NA	NA	NA	NA	NA	NA	NA	NA	NA	NA	NA	NA	NA	NA	NA	NA	NA	NA	NA	NA	NA	NA	NA	NA	NA	NA	NA	NA	NA	NA	NA	NA	NA	NA	NA	NA	NA	NA	NA	NA	NA	NA
hsa-miR-6072|MIMAT0023697	NA	NA	NA	NA	NA	NA	NA	NA	NA	NA	NA	NA	NA	NA	NA	NA	NA	NA	NA	NA	NA	NA	NA	NA	NA	NA	NA	NA	NA	NA	NA	NA	NA	NA	NA	NA	NA	NA	NA	NA	NA	NA	NA	NA	NA
hsa-miR-6864-3p|MIMAT0027629	NA	NA	NA	NA	NA	NA	NA	NA	NA	NA	NA	NA	NA	NA	NA	NA	NA	NA	NA	NA	NA	NA	NA	NA	NA	NA	NA	NA	NA	NA	NA	NA	NA	NA	NA	NA	NA	NA	NA	NA	NA	NA	NA	NA	NA
hsa-miR-6074|MIMAT0023699	NA	NA	NA	NA	NA	NA	NA	NA	NA	NA	NA	NA	NA	NA	NA	NA	NA	NA	NA	NA	NA	NA	NA	NA	NA	NA	NA	NA	NA	NA	NA	NA	NA	NA	NA	NA	NA	NA	NA	NA	NA	NA	NA	NA	NA
hsa-miR-6865-3p|MIMAT0027631	NA	NA	NA	NA	NA	NA	NA	NA	NA	NA	NA	NA	NA	NA	NA	NA	NA	NA	NA	NA	NA	NA	NA	NA	NA	NA	NA	NA	NA	NA	NA	NA	NA	NA	NA	NA	NA	NA	NA	NA	NA	NA	NA	NA	NA
hsa-miR-6076|MIMAT0023701	NA	NA	NA	NA	NA	NA	NA	NA	NA	NA	NA	NA	NA	NA	NA	NA	NA	NA	NA	NA	NA	NA	NA	NA	NA	NA	NA	NA	NA	NA	NA	NA	NA	NA	NA	NA	NA	NA	NA	NA	NA	NA	NA	NA	NA
hsa-miR-6866-3p|MIMAT0027633	NA	NA	NA	NA	NA	NA	NA	NA	NA	NA	NA	NA	NA	NA	NA	NA	NA	NA	NA	NA	NA	NA	NA	NA	NA	NA	NA	NA	NA	NA	NA	NA	NA	NA	NA	NA	NA	NA	NA	NA	NA	NA	NA	NA	NA
hsa-miR-6078|MIMAT0023703	NA	NA	NA	NA	NA	NA	NA	NA	NA	NA	NA	NA	NA	NA	NA	NA	NA	NA	NA	NA	NA	NA	NA	NA	NA	NA	NA	NA	NA	NA	NA	NA	NA	NA	NA	NA	NA	NA	NA	NA	NA	NA	NA	NA	NA
hsa-miR-4693-5p|MIMAT0019784	NA	NA	NA	NA	NA	NA	NA	NA	NA	NA	NA	NA	NA	NA	NA	NA	NA	NA	NA	NA	NA	NA	NA	NA	NA	NA	NA	NA	NA	NA	NA	NA	NA	NA	NA	NA	NA	NA	NA	NA	NA	NA	NA	NA	NA
hsa-miR-6868-5p|MIMAT0027636	NA	NA	NA	NA	NA	NA	NA	NA	NA	NA	NA	NA	NA	NA	NA	NA	NA	NA	NA	NA	NA	NA	NA	NA	NA	NA	NA	NA	NA	NA	NA	NA	NA	NA	NA	NA	NA	NA	NA	NA	NA	NA	NA	NA	NA
hsa-miR-4694-5p|MIMAT0019786	NA	NA	NA	NA	NA	NA	NA	NA	NA	NA	NA	NA	NA	NA	NA	NA	NA	NA	NA	NA	NA	NA	NA	NA	NA	NA	NA	NA	NA	NA	NA	NA	NA	NA	NA	NA	NA	NA	NA	NA	NA	NA	NA	NA	NA
hsa-miR-6082|MIMAT0023707	NA	NA	NA	NA	NA	NA	NA	NA	NA	NA	NA	NA	NA	NA	NA	NA	NA	NA	NA	NA	NA	NA	NA	NA	NA	NA	NA	NA	NA	NA	NA	NA	NA	NA	NA	NA	NA	NA	NA	NA	NA	NA	NA	NA	NA
hsa-miR-6083|MIMAT0023708	NA	NA	NA	NA	NA	NA	NA	NA	NA	NA	NA	NA	NA	NA	NA	NA	NA	NA	NA	NA	NA	NA	NA	NA	NA	NA	NA	NA	NA	NA	NA	NA	NA	NA	NA	NA	NA	NA	NA	NA	NA	NA	NA	NA	NA
hsa-miR-6870-5p|MIMAT0027640	NA	NA	NA	NA	NA	NA	NA	NA	NA	NA	NA	NA	NA	NA	NA	NA	NA	NA	NA	NA	NA	NA	NA	NA	NA	NA	NA	NA	NA	NA	NA	NA	NA	NA	NA	NA	NA	NA	NA	NA	NA	NA	NA	NA	NA
hsa-miR-6870-3p|MIMAT0027641	NA	NA	NA	NA	NA	NA	NA	NA	NA	NA	NA	NA	NA	NA	NA	NA	NA	NA	NA	NA	NA	NA	NA	NA	NA	NA	NA	NA	NA	NA	NA	NA	NA	NA	NA	NA	NA	NA	NA	NA	NA	NA	NA	NA	NA
hsa-miR-6086|MIMAT0023711	NA	NA	NA	NA	NA	NA	NA	NA	NA	NA	NA	NA	NA	NA	NA	NA	NA	NA	NA	NA	NA	NA	NA	NA	NA	NA	NA	NA	NA	NA	NA	NA	NA	NA	NA	NA	NA	NA	NA	NA	NA	NA	NA	NA	NA
hsa-miR-6871-3p|MIMAT0027643	NA	NA	NA	NA	NA	NA	NA	NA	NA	NA	NA	NA	NA	NA	NA	NA	NA	NA	NA	NA	NA	NA	NA	NA	NA	NA	NA	NA	NA	NA	NA	NA	NA	NA	NA	NA	NA	NA	NA	NA	NA	NA	NA	NA	NA
hsa-miR-4698|MIMAT0019793	NA	NA	NA	NA	NA	NA	NA	NA	NA	NA	NA	NA	NA	NA	NA	NA	NA	NA	NA	NA	NA	NA	NA	NA	NA	NA	NA	NA	NA	NA	NA	NA	NA	NA	NA	NA	NA	NA	NA	NA	NA	NA	NA	NA	NA
hsa-miR-6872-3p|MIMAT0027645	NA	NA	NA	NA	NA	NA	NA	NA	NA	NA	NA	NA	NA	NA	NA	NA	NA	NA	NA	NA	NA	NA	NA	NA	NA	NA	NA	NA	NA	NA	NA	NA	NA	NA	NA	NA	NA	NA	NA	NA	NA	NA	NA	NA	NA
hsa-miR-6873-5p|MIMAT0027646	NA	NA	NA	NA	NA	NA	NA	NA	NA	NA	NA	NA	NA	NA	NA	NA	NA	NA	NA	NA	NA	NA	NA	NA	NA	NA	NA	NA	NA	NA	NA	NA	NA	NA	NA	NA	NA	NA	NA	NA	NA	NA	NA	NA	NA
hsa-miR-6124|MIMAT0024597	NA	NA	NA	NA	NA	NA	NA	NA	NA	NA	NA	NA	NA	NA	NA	NA	NA	NA	NA	NA	NA	NA	NA	NA	NA	NA	NA	NA	NA	NA	NA	NA	NA	NA	NA	NA	NA	NA	NA	NA	NA	NA	NA	NA	NA
hsa-miR-6874-5p|MIMAT0027648	NA	NA	NA	NA	NA	NA	NA	NA	NA	NA	NA	NA	NA	NA	NA	NA	NA	NA	NA	NA	NA	NA	NA	NA	NA	NA	NA	NA	NA	NA	NA	NA	NA	NA	NA	NA	NA	NA	NA	NA	NA	NA	NA	NA	NA
hsa-miR-6126|MIMAT0024599	NA	NA	NA	NA	NA	NA	NA	NA	NA	NA	NA	NA	NA	NA	NA	NA	NA	NA	NA	NA	NA	NA	NA	NA	NA	NA	NA	NA	NA	NA	NA	NA	NA	NA	NA	NA	NA	NA	NA	NA	NA	NA	NA	NA	NA
hsa-miR-6875-5p|MIMAT0027650	NA	NA	NA	NA	NA	NA	NA	NA	NA	NA	NA	NA	NA	NA	NA	NA	NA	NA	NA	NA	NA	NA	NA	NA	NA	NA	NA	NA	NA	NA	NA	NA	NA	NA	NA	NA	NA	NA	NA	NA	NA	NA	NA	NA	NA
hsa-miR-6128|MIMAT0024611	NA	NA	NA	NA	NA	NA	NA	NA	NA	NA	NA	NA	NA	NA	NA	NA	NA	NA	NA	NA	NA	NA	NA	NA	NA	NA	NA	NA	NA	NA	NA	NA	NA	NA	NA	NA	NA	NA	NA	NA	NA	NA	NA	NA	NA
hsa-miR-6876-5p|MIMAT0027652	NA	NA	NA	NA	NA	NA	NA	NA	NA	NA	NA	NA	NA	NA	NA	NA	NA	NA	NA	NA	NA	NA	NA	NA	NA	NA	NA	NA	NA	NA	NA	NA	NA	NA	NA	NA	NA	NA	NA	NA	NA	NA	NA	NA	NA
hsa-miR-6876-3p|MIMAT0027653	NA	NA	NA	NA	NA	NA	NA	NA	NA	NA	NA	NA	NA	NA	NA	NA	NA	NA	NA	NA	NA	NA	NA	NA	NA	NA	NA	NA	NA	NA	NA	NA	NA	NA	NA	NA	NA	NA	NA	NA	NA	NA	NA	NA	NA
hsa-miR-6877-5p|MIMAT0027654	NA	NA	NA	NA	NA	NA	NA	NA	NA	NA	NA	NA	NA	NA	NA	NA	NA	NA	NA	NA	NA	NA	NA	NA	NA	NA	NA	NA	NA	NA	NA	NA	NA	NA	NA	NA	NA	NA	NA	NA	NA	NA	NA	NA	NA
hsa-miR-6131|MIMAT0024615	NA	NA	NA	NA	NA	NA	NA	NA	NA	NA	NA	NA	NA	NA	NA	NA	NA	NA	NA	NA	NA	NA	NA	NA	NA	NA	NA	NA	NA	NA	NA	NA	NA	NA	NA	NA	NA	NA	NA	NA	NA	NA	NA	NA	NA
hsa-miR-6878-5p|MIMAT0027656	NA	NA	NA	NA	NA	NA	NA	NA	NA	NA	NA	NA	NA	NA	NA	NA	NA	NA	NA	NA	NA	NA	NA	NA	NA	NA	NA	NA	NA	NA	NA	NA	NA	NA	NA	NA	NA	NA	NA	NA	NA	NA	NA	NA	NA
hsa-miR-4707-5p|MIMAT0019807	NA	NA	NA	NA	NA	NA	NA	NA	NA	NA	NA	NA	NA	NA	NA	NA	NA	NA	NA	NA	NA	NA	NA	NA	NA	NA	NA	NA	NA	NA	NA	NA	NA	NA	NA	NA	NA	NA	NA	NA	NA	NA	NA	NA	NA
hsa-miR-6879-5p|MIMAT0027658	NA	NA	NA	NA	NA	NA	NA	NA	NA	NA	NA	NA	NA	NA	NA	NA	NA	NA	NA	NA	NA	NA	NA	NA	NA	NA	NA	NA	NA	NA	NA	NA	NA	NA	NA	NA	NA	NA	NA	NA	NA	NA	NA	NA	NA
hsa-miR-6165|MIMAT0024782	NA	NA	NA	NA	NA	NA	NA	NA	NA	NA	NA	NA	NA	NA	NA	NA	NA	NA	NA	NA	NA	NA	NA	NA	NA	NA	NA	NA	NA	NA	NA	NA	NA	NA	NA	NA	NA	NA	NA	NA	NA	NA	NA	NA	NA
hsa-miR-6499-5p|MIMAT0025450	NA	NA	NA	NA	NA	NA	NA	NA	NA	NA	NA	NA	NA	NA	NA	NA	NA	NA	NA	NA	NA	NA	NA	NA	NA	NA	NA	NA	NA	NA	NA	NA	NA	NA	NA	NA	NA	NA	NA	NA	NA	NA	NA	NA	NA
hsa-miR-6880-3p|MIMAT0027661	NA	NA	NA	NA	NA	NA	NA	NA	NA	NA	NA	NA	NA	NA	NA	NA	NA	NA	NA	NA	NA	NA	NA	NA	NA	NA	NA	NA	NA	NA	NA	NA	NA	NA	NA	NA	NA	NA	NA	NA	NA	NA	NA	NA	NA
hsa-miR-6881-5p|MIMAT0027662	NA	NA	NA	NA	NA	NA	NA	NA	NA	NA	NA	NA	NA	NA	NA	NA	NA	NA	NA	NA	NA	NA	NA	NA	NA	NA	NA	NA	NA	NA	NA	NA	NA	NA	NA	NA	NA	NA	NA	NA	NA	NA	NA	NA	NA
hsa-miR-6881-3p|MIMAT0027663	NA	NA	NA	NA	NA	NA	NA	NA	NA	NA	NA	NA	NA	NA	NA	NA	NA	NA	NA	NA	NA	NA	NA	NA	NA	NA	NA	NA	NA	NA	NA	NA	NA	NA	NA	NA	NA	NA	NA	NA	NA	NA	NA	NA	NA
hsa-miR-6882-5p|MIMAT0027664	NA	NA	NA	NA	NA	NA	NA	NA	NA	NA	NA	NA	NA	NA	NA	NA	NA	NA	NA	NA	NA	NA	NA	NA	NA	NA	NA	NA	NA	NA	NA	NA	NA	NA	NA	NA	NA	NA	NA	NA	NA	NA	NA	NA	NA
hsa-miR-6500-3p|MIMAT0025455	NA	NA	NA	NA	NA	NA	NA	NA	NA	NA	NA	NA	NA	NA	NA	NA	NA	NA	NA	NA	NA	NA	NA	NA	NA	NA	NA	NA	NA	NA	NA	NA	NA	NA	NA	NA	NA	NA	NA	NA	NA	NA	NA	NA	NA
hsa-miR-548az-5p|MIMAT0025456	NA	NA	NA	NA	NA	NA	NA	NA	NA	NA	NA	NA	NA	NA	NA	NA	NA	NA	NA	NA	NA	NA	NA	NA	NA	NA	NA	NA	NA	NA	NA	NA	NA	NA	NA	NA	NA	NA	NA	NA	NA	NA	NA	NA	NA
hsa-miR-6883-3p|MIMAT0027667	NA	NA	NA	NA	NA	NA	NA	NA	NA	NA	NA	NA	NA	NA	NA	NA	NA	NA	NA	NA	NA	NA	NA	NA	NA	NA	NA	NA	NA	NA	NA	NA	NA	NA	NA	NA	NA	NA	NA	NA	NA	NA	NA	NA	NA
hsa-miR-6501-5p|MIMAT0025458	NA	NA	NA	NA	NA	NA	NA	NA	NA	NA	NA	NA	NA	NA	NA	NA	NA	NA	NA	NA	NA	NA	NA	NA	NA	NA	NA	NA	NA	NA	NA	NA	NA	NA	NA	NA	NA	NA	NA	NA	NA	NA	NA	NA	NA
hsa-miR-6501-3p|MIMAT0025459	NA	NA	NA	NA	NA	NA	NA	NA	NA	NA	NA	NA	NA	NA	NA	NA	NA	NA	NA	NA	NA	NA	NA	NA	NA	NA	NA	NA	NA	NA	NA	NA	NA	NA	NA	NA	NA	NA	NA	NA	NA	NA	NA	NA	NA
hsa-miR-3912-5p|MIMAT0027036	NA	NA	NA	NA	NA	NA	NA	NA	NA	NA	NA	NA	NA	NA	NA	NA	NA	NA	NA	NA	NA	NA	NA	NA	NA	NA	NA	NA	NA	NA	NA	NA	NA	NA	NA	NA	NA	NA	NA	NA	NA	NA	NA	NA	NA
hsa-miR-6885-3p|MIMAT0027671	NA	NA	NA	NA	NA	NA	NA	NA	NA	NA	NA	NA	NA	NA	NA	NA	NA	NA	NA	NA	NA	NA	NA	NA	NA	NA	NA	NA	NA	NA	NA	NA	NA	NA	NA	NA	NA	NA	NA	NA	NA	NA	NA	NA	NA
hsa-miR-6886-5p|MIMAT0027672	NA	NA	NA	NA	NA	NA	NA	NA	NA	NA	NA	NA	NA	NA	NA	NA	NA	NA	NA	NA	NA	NA	NA	NA	NA	NA	NA	NA	NA	NA	NA	NA	NA	NA	NA	NA	NA	NA	NA	NA	NA	NA	NA	NA	NA
hsa-miR-6503-3p|MIMAT0025463	NA	NA	NA	NA	NA	NA	NA	NA	NA	NA	NA	NA	NA	NA	NA	NA	NA	NA	NA	NA	NA	NA	NA	NA	NA	NA	NA	NA	NA	NA	NA	NA	NA	NA	NA	NA	NA	NA	NA	NA	NA	NA	NA	NA	NA
hsa-miR-6887-5p|MIMAT0027674	NA	NA	NA	NA	NA	NA	NA	NA	NA	NA	NA	NA	NA	NA	NA	NA	NA	NA	NA	NA	NA	NA	NA	NA	NA	NA	NA	NA	NA	NA	NA	NA	NA	NA	NA	NA	NA	NA	NA	NA	NA	NA	NA	NA	NA
hsa-miR-6887-3p|MIMAT0027675	NA	NA	NA	NA	NA	NA	NA	NA	NA	NA	NA	NA	NA	NA	NA	NA	NA	NA	NA	NA	NA	NA	NA	NA	NA	NA	NA	NA	NA	NA	NA	NA	NA	NA	NA	NA	NA	NA	NA	NA	NA	NA	NA	NA	NA
hsa-miR-6888-5p|MIMAT0027676	NA	NA	NA	NA	NA	NA	NA	NA	NA	NA	NA	NA	NA	NA	NA	NA	NA	NA	NA	NA	NA	NA	NA	NA	NA	NA	NA	NA	NA	NA	NA	NA	NA	NA	NA	NA	NA	NA	NA	NA	NA	NA	NA	NA	NA
hsa-miR-6888-3p|MIMAT0027677	NA	NA	NA	NA	NA	NA	NA	NA	NA	NA	NA	NA	NA	NA	NA	NA	NA	NA	NA	NA	NA	NA	NA	NA	NA	NA	NA	NA	NA	NA	NA	NA	NA	NA	NA	NA	NA	NA	NA	NA	NA	NA	NA	NA	NA
hsa-miR-6889-5p|MIMAT0027678	NA	NA	NA	NA	NA	NA	NA	NA	NA	NA	NA	NA	NA	NA	NA	NA	NA	NA	NA	NA	NA	NA	NA	NA	NA	NA	NA	NA	NA	NA	NA	NA	NA	NA	NA	NA	NA	NA	NA	NA	NA	NA	NA	NA	NA
hsa-miR-6889-3p|MIMAT0027679	NA	NA	NA	NA	NA	NA	NA	NA	NA	NA	NA	NA	NA	NA	NA	NA	NA	NA	NA	NA	NA	NA	NA	NA	NA	NA	NA	NA	NA	NA	NA	NA	NA	NA	NA	NA	NA	NA	NA	NA	NA	NA	NA	NA	NA
hsa-miR-6507-5p|MIMAT0025470	NA	NA	NA	NA	NA	NA	NA	NA	NA	NA	NA	NA	NA	NA	NA	NA	NA	NA	NA	NA	NA	NA	NA	NA	NA	NA	NA	NA	NA	NA	NA	NA	NA	NA	NA	NA	NA	NA	NA	NA	NA	NA	NA	NA	NA
hsa-miR-6890-3p|MIMAT0027681	NA	NA	NA	NA	NA	NA	NA	NA	NA	NA	NA	NA	NA	NA	NA	NA	NA	NA	NA	NA	NA	NA	NA	NA	NA	NA	NA	NA	NA	NA	NA	NA	NA	NA	NA	NA	NA	NA	NA	NA	NA	NA	NA	NA	NA
hsa-miR-6891-5p|MIMAT0027682	NA	NA	NA	NA	NA	NA	NA	NA	NA	NA	NA	NA	NA	NA	NA	NA	NA	NA	NA	NA	NA	NA	NA	NA	NA	NA	NA	NA	NA	NA	NA	NA	NA	NA	NA	NA	NA	NA	NA	NA	NA	NA	NA	NA	NA
hsa-miR-6891-3p|MIMAT0027683	NA	NA	NA	NA	NA	NA	NA	NA	NA	NA	NA	NA	NA	NA	NA	NA	NA	NA	NA	NA	NA	NA	NA	NA	NA	NA	NA	NA	NA	NA	NA	NA	NA	NA	NA	NA	NA	NA	NA	NA	NA	NA	NA	NA	NA
hsa-miR-6509-5p|MIMAT0025474	NA	NA	NA	NA	NA	NA	NA	NA	NA	NA	NA	NA	NA	NA	NA	NA	NA	NA	NA	NA	NA	NA	NA	NA	NA	NA	NA	NA	NA	NA	NA	NA	NA	NA	NA	NA	NA	NA	NA	NA	NA	NA	NA	NA	NA
hsa-miR-6892-3p|MIMAT0027685	NA	NA	NA	NA	NA	NA	NA	NA	NA	NA	NA	NA	NA	NA	NA	NA	NA	NA	NA	NA	NA	NA	NA	NA	NA	NA	NA	NA	NA	NA	NA	NA	NA	NA	NA	NA	NA	NA	NA	NA	NA	NA	NA	NA	NA
hsa-miR-6893-5p|MIMAT0027686	NA	NA	NA	NA	NA	NA	NA	NA	NA	NA	NA	NA	NA	NA	NA	NA	NA	NA	NA	NA	NA	NA	NA	NA	NA	NA	NA	NA	NA	NA	NA	NA	NA	NA	NA	NA	NA	NA	NA	NA	NA	NA	NA	NA	NA
hsa-miR-6510-3p|MIMAT0025477	NA	NA	NA	NA	NA	NA	NA	NA	NA	NA	NA	NA	NA	NA	NA	NA	NA	NA	NA	NA	NA	NA	NA	NA	NA	NA	NA	NA	NA	NA	NA	NA	NA	NA	NA	NA	NA	NA	NA	NA	NA	NA	NA	NA	NA
hsa-miR-6511a-5p|MIMAT0025478	NA	NA	NA	NA	NA	NA	NA	NA	NA	NA	NA	NA	NA	NA	NA	NA	NA	NA	NA	NA	NA	NA	NA	NA	NA	NA	NA	NA	NA	NA	NA	NA	NA	NA	NA	NA	NA	NA	NA	NA	NA	NA	NA	NA	NA
hsa-miR-6511a-3p|MIMAT0025479	NA	NA	NA	NA	NA	NA	NA	NA	NA	NA	NA	NA	NA	NA	NA	NA	NA	NA	NA	NA	NA	NA	NA	NA	NA	NA	NA	NA	NA	NA	NA	NA	NA	NA	NA	NA	NA	NA	NA	NA	NA	NA	NA	NA	NA
hsa-miR-6895-5p|MIMAT0027690	NA	NA	NA	NA	NA	NA	NA	NA	NA	NA	NA	NA	NA	NA	NA	NA	NA	NA	NA	NA	NA	NA	NA	NA	NA	NA	NA	NA	NA	NA	NA	NA	NA	NA	NA	NA	NA	NA	NA	NA	NA	NA	NA	NA	NA
hsa-miR-6512-3p|MIMAT0025481	NA	NA	NA	NA	NA	NA	NA	NA	NA	NA	NA	NA	NA	NA	NA	NA	NA	NA	NA	NA	NA	NA	NA	NA	NA	NA	NA	NA	NA	NA	NA	NA	NA	NA	NA	NA	NA	NA	NA	NA	NA	NA	NA	NA	NA
hsa-miR-7106-5p|MIMAT0028109	NA	NA	NA	NA	NA	NA	NA	NA	NA	NA	NA	NA	NA	NA	NA	NA	NA	NA	NA	NA	NA	NA	NA	NA	NA	NA	NA	NA	NA	NA	NA	NA	NA	NA	NA	NA	NA	NA	NA	NA	NA	NA	NA	NA	NA
hsa-miR-7106-3p|MIMAT0028110	NA	NA	NA	NA	NA	NA	NA	NA	NA	NA	NA	NA	NA	NA	NA	NA	NA	NA	NA	NA	NA	NA	NA	NA	NA	NA	NA	NA	NA	NA	NA	NA	NA	NA	NA	NA	NA	NA	NA	NA	NA	NA	NA	NA	NA
hsa-miR-6514-5p|MIMAT0025484	NA	NA	NA	NA	NA	NA	NA	NA	NA	NA	NA	NA	NA	NA	NA	NA	NA	NA	NA	NA	NA	NA	NA	NA	NA	NA	NA	NA	NA	NA	NA	NA	NA	NA	NA	NA	NA	NA	NA	NA	NA	NA	NA	NA	NA
hsa-miR-6514-3p|MIMAT0025485	NA	NA	NA	NA	NA	NA	NA	NA	NA	NA	NA	NA	NA	NA	NA	NA	NA	NA	NA	NA	NA	NA	NA	NA	NA	NA	NA	NA	NA	NA	NA	NA	NA	NA	NA	NA	NA	NA	NA	NA	NA	NA	NA	NA	NA
hsa-miR-7108-5p|MIMAT0028113	NA	NA	NA	NA	NA	NA	NA	NA	NA	NA	NA	NA	NA	NA	NA	NA	NA	NA	NA	NA	NA	NA	NA	NA	NA	NA	NA	NA	NA	NA	NA	NA	NA	NA	NA	NA	NA	NA	NA	NA	NA	NA	NA	NA	NA
hsa-miR-7108-3p|MIMAT0028114	NA	NA	NA	NA	NA	NA	NA	NA	NA	NA	NA	NA	NA	NA	NA	NA	NA	NA	NA	NA	NA	NA	NA	NA	NA	NA	NA	NA	NA	NA	NA	NA	NA	NA	NA	NA	NA	NA	NA	NA	NA	NA	NA	NA	NA
hsa-miR-7109-5p|MIMAT0028115	NA	NA	NA	NA	NA	NA	NA	NA	NA	NA	NA	NA	NA	NA	NA	NA	NA	NA	NA	NA	NA	NA	NA	NA	NA	NA	NA	NA	NA	NA	NA	NA	NA	NA	NA	NA	NA	NA	NA	NA	NA	NA	NA	NA	NA
hsa-miR-4727-5p|MIMAT0019847	NA	NA	NA	NA	NA	NA	NA	NA	NA	NA	NA	NA	NA	NA	NA	NA	NA	NA	NA	NA	NA	NA	NA	NA	NA	NA	NA	NA	NA	NA	NA	NA	NA	NA	NA	NA	NA	NA	NA	NA	NA	NA	NA	NA	NA
hsa-miR-4727-3p|MIMAT0019848	NA	NA	NA	NA	NA	NA	NA	NA	NA	NA	NA	NA	NA	NA	NA	NA	NA	NA	NA	NA	NA	NA	NA	NA	NA	NA	NA	NA	NA	NA	NA	NA	NA	NA	NA	NA	NA	NA	NA	NA	NA	NA	NA	NA	NA
hsa-miR-6716-5p|MIMAT0025844	NA	NA	NA	NA	NA	NA	NA	NA	NA	NA	NA	NA	NA	NA	NA	NA	NA	NA	NA	NA	NA	NA	NA	NA	NA	NA	NA	NA	NA	NA	NA	NA	NA	NA	NA	NA	NA	NA	NA	NA	NA	NA	NA	NA	NA
hsa-miR-6716-3p|MIMAT0025845	NA	NA	NA	NA	NA	NA	NA	NA	NA	NA	NA	NA	NA	NA	NA	NA	NA	NA	NA	NA	NA	NA	NA	NA	NA	NA	NA	NA	NA	NA	NA	NA	NA	NA	NA	NA	NA	NA	NA	NA	NA	NA	NA	NA	NA
hsa-miR-7111-3p|MIMAT0028120	NA	NA	NA	NA	NA	NA	NA	NA	NA	NA	NA	NA	NA	NA	NA	NA	NA	NA	NA	NA	NA	NA	NA	NA	NA	NA	NA	NA	NA	NA	NA	NA	NA	NA	NA	NA	NA	NA	NA	NA	NA	NA	NA	NA	NA
hsa-miR-7112-5p|MIMAT0028121	NA	NA	NA	NA	NA	NA	NA	NA	NA	NA	NA	NA	NA	NA	NA	NA	NA	NA	NA	NA	NA	NA	NA	NA	NA	NA	NA	NA	NA	NA	NA	NA	NA	NA	NA	NA	NA	NA	NA	NA	NA	NA	NA	NA	NA
hsa-miR-7112-3p|MIMAT0028122	NA	NA	NA	NA	NA	NA	NA	NA	NA	NA	NA	NA	NA	NA	NA	NA	NA	NA	NA	NA	NA	NA	NA	NA	NA	NA	NA	NA	NA	NA	NA	NA	NA	NA	NA	NA	NA	NA	NA	NA	NA	NA	NA	NA	NA
hsa-miR-4731-3p|MIMAT0019854	NA	NA	NA	NA	NA	NA	NA	NA	NA	NA	NA	NA	NA	NA	NA	NA	NA	NA	NA	NA	NA	NA	NA	NA	NA	NA	NA	NA	NA	NA	NA	NA	NA	NA	NA	NA	NA	NA	NA	NA	NA	NA	NA	NA	NA
hsa-miR-6719-3p|MIMAT0025850	NA	NA	NA	NA	NA	NA	NA	NA	NA	NA	NA	NA	NA	NA	NA	NA	NA	NA	NA	NA	NA	NA	NA	NA	NA	NA	NA	NA	NA	NA	NA	NA	NA	NA	NA	NA	NA	NA	NA	NA	NA	NA	NA	NA	NA
hsa-miR-7114-5p|MIMAT0028125	NA	NA	NA	NA	NA	NA	NA	NA	NA	NA	NA	NA	NA	NA	NA	NA	NA	NA	NA	NA	NA	NA	NA	NA	NA	NA	NA	NA	NA	NA	NA	NA	NA	NA	NA	NA	NA	NA	NA	NA	NA	NA	NA	NA	NA
hsa-miR-6720-3p|MIMAT0025851	NA	NA	NA	NA	NA	NA	NA	NA	NA	NA	NA	NA	NA	NA	NA	NA	NA	NA	NA	NA	NA	NA	NA	NA	NA	NA	NA	NA	NA	NA	NA	NA	NA	NA	NA	NA	NA	NA	NA	NA	NA	NA	NA	NA	NA
hsa-miR-6721-5p|MIMAT0025852	NA	NA	NA	NA	NA	NA	NA	NA	NA	NA	NA	NA	NA	NA	NA	NA	NA	NA	NA	NA	NA	NA	NA	NA	NA	NA	NA	NA	NA	NA	NA	NA	NA	NA	NA	NA	NA	NA	NA	NA	NA	NA	NA	NA	NA
hsa-miR-7151-5p|MIMAT0028212	NA	NA	NA	NA	NA	NA	NA	NA	NA	NA	NA	NA	NA	NA	NA	NA	NA	NA	NA	NA	NA	NA	NA	NA	NA	NA	NA	NA	NA	NA	NA	NA	NA	NA	NA	NA	NA	NA	NA	NA	NA	NA	NA	NA	NA
hsa-miR-6722-3p|MIMAT0025854	NA	NA	NA	NA	NA	NA	NA	NA	NA	NA	NA	NA	NA	NA	NA	NA	NA	NA	NA	NA	NA	NA	NA	NA	NA	NA	NA	NA	NA	NA	NA	NA	NA	NA	NA	NA	NA	NA	NA	NA	NA	NA	NA	NA	NA
hsa-miR-6723-5p|MIMAT0025855	NA	NA	NA	NA	NA	NA	NA	NA	NA	NA	NA	NA	NA	NA	NA	NA	NA	NA	NA	NA	NA	NA	NA	NA	NA	NA	NA	NA	NA	NA	NA	NA	NA	NA	NA	NA	NA	NA	NA	NA	NA	NA	NA	NA	NA
hsa-miR-7152-3p|MIMAT0028215	NA	NA	NA	NA	NA	NA	NA	NA	NA	NA	NA	NA	NA	NA	NA	NA	NA	NA	NA	NA	NA	NA	NA	NA	NA	NA	NA	NA	NA	NA	NA	NA	NA	NA	NA	NA	NA	NA	NA	NA	NA	NA	NA	NA	NA
hsa-miR-892c-5p|MIMAT0025857	NA	NA	NA	NA	NA	NA	NA	NA	NA	NA	NA	NA	NA	NA	NA	NA	NA	NA	NA	NA	NA	NA	NA	NA	NA	NA	NA	NA	NA	NA	NA	NA	NA	NA	NA	NA	NA	NA	NA	NA	NA	NA	NA	NA	NA
hsa-miR-3064-5p|MIMAT0019864	NA	NA	NA	NA	NA	NA	NA	NA	NA	NA	NA	NA	NA	NA	NA	NA	NA	NA	NA	NA	NA	NA	NA	NA	NA	NA	NA	NA	NA	NA	NA	NA	NA	NA	NA	NA	NA	NA	NA	NA	NA	NA	NA	NA	NA
hsa-miR-6726-5p|MIMAT0027353	NA	NA	NA	NA	NA	NA	NA	NA	NA	NA	NA	NA	NA	NA	NA	NA	NA	NA	NA	NA	NA	NA	NA	NA	NA	NA	NA	NA	NA	NA	NA	NA	NA	NA	NA	NA	NA	NA	NA	NA	NA	NA	NA	NA	NA
hsa-miR-7154-3p|MIMAT0028219	NA	NA	NA	NA	NA	NA	NA	NA	NA	NA	NA	NA	NA	NA	NA	NA	NA	NA	NA	NA	NA	NA	NA	NA	NA	NA	NA	NA	NA	NA	NA	NA	NA	NA	NA	NA	NA	NA	NA	NA	NA	NA	NA	NA	NA
hsa-miR-6727-5p|MIMAT0027355	NA	NA	NA	NA	NA	NA	NA	NA	NA	NA	NA	NA	NA	NA	NA	NA	NA	NA	NA	NA	NA	NA	NA	NA	NA	NA	NA	NA	NA	NA	NA	NA	NA	NA	NA	NA	NA	NA	NA	NA	NA	NA	NA	NA	NA
hsa-miR-3124-3p|MIMAT0019200	NA	NA	NA	NA	NA	NA	NA	NA	NA	NA	NA	NA	NA	NA	NA	NA	NA	NA	NA	NA	NA	NA	NA	NA	NA	NA	NA	NA	NA	NA	NA	NA	NA	NA	NA	NA	NA	NA	NA	NA	NA	NA	NA	NA	NA
hsa-miR-7156-5p|MIMAT0028222	NA	NA	NA	NA	NA	NA	NA	NA	NA	NA	NA	NA	NA	NA	NA	NA	NA	NA	NA	NA	NA	NA	NA	NA	NA	NA	NA	NA	NA	NA	NA	NA	NA	NA	NA	NA	NA	NA	NA	NA	NA	NA	NA	NA	NA
hsa-miR-7156-3p|MIMAT0028223	NA	NA	NA	NA	NA	NA	NA	NA	NA	NA	NA	NA	NA	NA	NA	NA	NA	NA	NA	NA	NA	NA	NA	NA	NA	NA	NA	NA	NA	NA	NA	NA	NA	NA	NA	NA	NA	NA	NA	NA	NA	NA	NA	NA	NA
hsa-miR-6729-5p|MIMAT0027359	NA	NA	NA	NA	NA	NA	NA	NA	NA	NA	NA	NA	NA	NA	NA	NA	NA	NA	NA	NA	NA	NA	NA	NA	NA	NA	NA	NA	NA	NA	NA	NA	NA	NA	NA	NA	NA	NA	NA	NA	NA	NA	NA	NA	NA
hsa-miR-4742-5p|MIMAT0019872	NA	NA	NA	NA	NA	NA	NA	NA	NA	NA	NA	NA	NA	NA	NA	NA	NA	NA	NA	NA	NA	NA	NA	NA	NA	NA	NA	NA	NA	NA	NA	NA	NA	NA	NA	NA	NA	NA	NA	NA	NA	NA	NA	NA	NA
hsa-miR-6730-5p|MIMAT0027361	NA	NA	NA	NA	NA	NA	NA	NA	NA	NA	NA	NA	NA	NA	NA	NA	NA	NA	NA	NA	NA	NA	NA	NA	NA	NA	NA	NA	NA	NA	NA	NA	NA	NA	NA	NA	NA	NA	NA	NA	NA	NA	NA	NA	NA
hsa-miR-4743-5p|MIMAT0019874	NA	NA	NA	NA	NA	NA	NA	NA	NA	NA	NA	NA	NA	NA	NA	NA	NA	NA	NA	NA	NA	NA	NA	NA	NA	NA	NA	NA	NA	NA	NA	NA	NA	NA	NA	NA	NA	NA	NA	NA	NA	NA	NA	NA	NA
hsa-miR-6731-5p|MIMAT0027363	NA	NA	NA	NA	NA	NA	NA	NA	NA	NA	NA	NA	NA	NA	NA	NA	NA	NA	NA	NA	NA	NA	NA	NA	NA	NA	NA	NA	NA	NA	NA	NA	NA	NA	NA	NA	NA	NA	NA	NA	NA	NA	NA	NA	NA
hsa-miR-6731-3p|MIMAT0027364	NA	NA	NA	NA	NA	NA	NA	NA	NA	NA	NA	NA	NA	NA	NA	NA	NA	NA	NA	NA	NA	NA	NA	NA	NA	NA	NA	NA	NA	NA	NA	NA	NA	NA	NA	NA	NA	NA	NA	NA	NA	NA	NA	NA	NA
hsa-miR-3591-5p|MIMAT0019876	NA	NA	NA	NA	NA	NA	NA	NA	NA	NA	NA	NA	NA	NA	NA	NA	NA	NA	NA	NA	NA	NA	NA	NA	NA	NA	NA	NA	NA	NA	NA	NA	NA	NA	NA	NA	NA	NA	NA	NA	NA	NA	NA	NA	NA
hsa-miR-3591-3p|MIMAT0019877	NA	NA	NA	NA	NA	NA	NA	NA	NA	NA	NA	NA	NA	NA	NA	NA	NA	NA	NA	NA	NA	NA	NA	NA	NA	NA	NA	NA	NA	NA	NA	NA	NA	NA	NA	NA	NA	NA	NA	NA	NA	NA	NA	NA	NA
hsa-miR-4745-5p|MIMAT0019878	NA	NA	NA	NA	NA	NA	NA	NA	NA	NA	NA	NA	NA	NA	NA	NA	NA	NA	NA	NA	NA	NA	NA	NA	NA	NA	NA	NA	NA	NA	NA	NA	NA	NA	NA	NA	NA	NA	NA	NA	NA	NA	NA	NA	NA
hsa-miR-6733-3p|MIMAT0027368	NA	NA	NA	NA	NA	NA	NA	NA	NA	NA	NA	NA	NA	NA	NA	NA	NA	NA	NA	NA	NA	NA	NA	NA	NA	NA	NA	NA	NA	NA	NA	NA	NA	NA	NA	NA	NA	NA	NA	NA	NA	NA	NA	NA	NA
hsa-miR-6734-5p|MIMAT0027369	NA	NA	NA	NA	NA	NA	NA	NA	NA	NA	NA	NA	NA	NA	NA	NA	NA	NA	NA	NA	NA	NA	NA	NA	NA	NA	NA	NA	NA	NA	NA	NA	NA	NA	NA	NA	NA	NA	NA	NA	NA	NA	NA	NA	NA
hsa-miR-6734-3p|MIMAT0027370	NA	NA	NA	NA	NA	NA	NA	NA	NA	NA	NA	NA	NA	NA	NA	NA	NA	NA	NA	NA	NA	NA	NA	NA	NA	NA	NA	NA	NA	NA	NA	NA	NA	NA	NA	NA	NA	NA	NA	NA	NA	NA	NA	NA	NA
hsa-miR-6735-5p|MIMAT0027371	NA	NA	NA	NA	NA	NA	NA	NA	NA	NA	NA	NA	NA	NA	NA	NA	NA	NA	NA	NA	NA	NA	NA	NA	NA	NA	NA	NA	NA	NA	NA	NA	NA	NA	NA	NA	NA	NA	NA	NA	NA	NA	NA	NA	NA
hsa-miR-6735-3p|MIMAT0027372	NA	NA	NA	NA	NA	NA	NA	NA	NA	NA	NA	NA	NA	NA	NA	NA	NA	NA	NA	NA	NA	NA	NA	NA	NA	NA	NA	NA	NA	NA	NA	NA	NA	NA	NA	NA	NA	NA	NA	NA	NA	NA	NA	NA	NA
hsa-miR-6736-5p|MIMAT0027373	NA	NA	NA	NA	NA	NA	NA	NA	NA	NA	NA	NA	NA	NA	NA	NA	NA	NA	NA	NA	NA	NA	NA	NA	NA	NA	NA	NA	NA	NA	NA	NA	NA	NA	NA	NA	NA	NA	NA	NA	NA	NA	NA	NA	NA
hsa-miR-6736-3p|MIMAT0027374	NA	NA	NA	NA	NA	NA	NA	NA	NA	NA	NA	NA	NA	NA	NA	NA	NA	NA	NA	NA	NA	NA	NA	NA	NA	NA	NA	NA	NA	NA	NA	NA	NA	NA	NA	NA	NA	NA	NA	NA	NA	NA	NA	NA	NA
hsa-miR-6737-5p|MIMAT0027375	NA	NA	NA	NA	NA	NA	NA	NA	NA	NA	NA	NA	NA	NA	NA	NA	NA	NA	NA	NA	NA	NA	NA	NA	NA	NA	NA	NA	NA	NA	NA	NA	NA	NA	NA	NA	NA	NA	NA	NA	NA	NA	NA	NA	NA
hsa-miR-4750-5p|MIMAT0019887	NA	NA	NA	NA	NA	NA	NA	NA	NA	NA	NA	NA	NA	NA	NA	NA	NA	NA	NA	NA	NA	NA	NA	NA	NA	NA	NA	NA	NA	NA	NA	NA	NA	NA	NA	NA	NA	NA	NA	NA	NA	NA	NA	NA	NA
hsa-miR-4427|MIMAT0018942	NA	NA	NA	NA	NA	NA	NA	NA	NA	NA	NA	NA	NA	NA	NA	NA	NA	NA	NA	NA	NA	NA	NA	NA	NA	NA	NA	NA	NA	NA	NA	NA	NA	NA	NA	NA	NA	NA	NA	NA	NA	NA	NA	NA	NA
hsa-miR-6738-3p|MIMAT0027378	NA	NA	NA	NA	NA	NA	NA	NA	NA	NA	NA	NA	NA	NA	NA	NA	NA	NA	NA	NA	NA	NA	NA	NA	NA	NA	NA	NA	NA	NA	NA	NA	NA	NA	NA	NA	NA	NA	NA	NA	NA	NA	NA	NA	NA
hsa-miR-6739-5p|MIMAT0027379	NA	NA	NA	NA	NA	NA	NA	NA	NA	NA	NA	NA	NA	NA	NA	NA	NA	NA	NA	NA	NA	NA	NA	NA	NA	NA	NA	NA	NA	NA	NA	NA	NA	NA	NA	NA	NA	NA	NA	NA	NA	NA	NA	NA	NA
hsa-miR-4753-5p|MIMAT0019890	NA	NA	NA	NA	NA	NA	NA	NA	NA	NA	NA	NA	NA	NA	NA	NA	NA	NA	NA	NA	NA	NA	NA	NA	NA	NA	NA	NA	NA	NA	NA	NA	NA	NA	NA	NA	NA	NA	NA	NA	NA	NA	NA	NA	NA
hsa-miR-4753-3p|MIMAT0019891	NA	NA	NA	NA	NA	NA	NA	NA	NA	NA	NA	NA	NA	NA	NA	NA	NA	NA	NA	NA	NA	NA	NA	NA	NA	NA	NA	NA	NA	NA	NA	NA	NA	NA	NA	NA	NA	NA	NA	NA	NA	NA	NA	NA	NA
hsa-miR-548ad-3p|MIMAT0018946	NA	NA	NA	NA	NA	NA	NA	NA	NA	NA	NA	NA	NA	NA	NA	NA	NA	NA	NA	NA	NA	NA	NA	NA	NA	NA	NA	NA	NA	NA	NA	NA	NA	NA	NA	NA	NA	NA	NA	NA	NA	NA	NA	NA	NA
hsa-miR-6741-5p|MIMAT0027383	NA	NA	NA	NA	NA	NA	NA	NA	NA	NA	NA	NA	NA	NA	NA	NA	NA	NA	NA	NA	NA	NA	NA	NA	NA	NA	NA	NA	NA	NA	NA	NA	NA	NA	NA	NA	NA	NA	NA	NA	NA	NA	NA	NA	NA
hsa-miR-4432|MIMAT0018948	NA	NA	NA	NA	NA	NA	NA	NA	NA	NA	NA	NA	NA	NA	NA	NA	NA	NA	NA	NA	NA	NA	NA	NA	NA	NA	NA	NA	NA	NA	NA	NA	NA	NA	NA	NA	NA	NA	NA	NA	NA	NA	NA	NA	NA
hsa-miR-6742-5p|MIMAT0027385	NA	NA	NA	NA	NA	NA	NA	NA	NA	NA	NA	NA	NA	NA	NA	NA	NA	NA	NA	NA	NA	NA	NA	NA	NA	NA	NA	NA	NA	NA	NA	NA	NA	NA	NA	NA	NA	NA	NA	NA	NA	NA	NA	NA	NA
hsa-miR-6742-3p|MIMAT0027386	NA	NA	NA	NA	NA	NA	NA	NA	NA	NA	NA	NA	NA	NA	NA	NA	NA	NA	NA	NA	NA	NA	NA	NA	NA	NA	NA	NA	NA	NA	NA	NA	NA	NA	NA	NA	NA	NA	NA	NA	NA	NA	NA	NA	NA
hsa-miR-499b-5p|MIMAT0019897	NA	NA	NA	NA	NA	NA	NA	NA	NA	NA	NA	NA	NA	NA	NA	NA	NA	NA	NA	NA	NA	NA	NA	NA	NA	NA	NA	NA	NA	NA	NA	NA	NA	NA	NA	NA	NA	NA	NA	NA	NA	NA	NA	NA	NA
hsa-miR-6743-3p|MIMAT0027388	NA	NA	NA	NA	NA	NA	NA	NA	NA	NA	NA	NA	NA	NA	NA	NA	NA	NA	NA	NA	NA	NA	NA	NA	NA	NA	NA	NA	NA	NA	NA	NA	NA	NA	NA	NA	NA	NA	NA	NA	NA	NA	NA	NA	NA
hsa-miR-4756-5p|MIMAT0019899	NA	NA	NA	NA	NA	NA	NA	NA	NA	NA	NA	NA	NA	NA	NA	NA	NA	NA	NA	NA	NA	NA	NA	NA	NA	NA	NA	NA	NA	NA	NA	NA	NA	NA	NA	NA	NA	NA	NA	NA	NA	NA	NA	NA	NA
hsa-miR-6744-3p|MIMAT0027390	NA	NA	NA	NA	NA	NA	NA	NA	NA	NA	NA	NA	NA	NA	NA	NA	NA	NA	NA	NA	NA	NA	NA	NA	NA	NA	NA	NA	NA	NA	NA	NA	NA	NA	NA	NA	NA	NA	NA	NA	NA	NA	NA	NA	NA
hsa-miR-4757-5p|MIMAT0019901	NA	NA	NA	NA	NA	NA	NA	NA	NA	NA	NA	NA	NA	NA	NA	NA	NA	NA	NA	NA	NA	NA	NA	NA	NA	NA	NA	NA	NA	NA	NA	NA	NA	NA	NA	NA	NA	NA	NA	NA	NA	NA	NA	NA	NA
hsa-miR-4757-3p|MIMAT0019902	NA	NA	NA	NA	NA	NA	NA	NA	NA	NA	NA	NA	NA	NA	NA	NA	NA	NA	NA	NA	NA	NA	NA	NA	NA	NA	NA	NA	NA	NA	NA	NA	NA	NA	NA	NA	NA	NA	NA	NA	NA	NA	NA	NA	NA
hsa-miR-6746-3p|MIMAT0027393	NA	NA	NA	NA	NA	NA	NA	NA	NA	NA	NA	NA	NA	NA	NA	NA	NA	NA	NA	NA	NA	NA	NA	NA	NA	NA	NA	NA	NA	NA	NA	NA	NA	NA	NA	NA	NA	NA	NA	NA	NA	NA	NA	NA	NA
hsa-miR-6747-5p|MIMAT0027394	NA	NA	NA	NA	NA	NA	NA	NA	NA	NA	NA	NA	NA	NA	NA	NA	NA	NA	NA	NA	NA	NA	NA	NA	NA	NA	NA	NA	NA	NA	NA	NA	NA	NA	NA	NA	NA	NA	NA	NA	NA	NA	NA	NA	NA
hsa-miR-6747-3p|MIMAT0027395	NA	NA	NA	NA	NA	NA	NA	NA	NA	NA	NA	NA	NA	NA	NA	NA	NA	NA	NA	NA	NA	NA	NA	NA	NA	NA	NA	NA	NA	NA	NA	NA	NA	NA	NA	NA	NA	NA	NA	NA	NA	NA	NA	NA	NA
hsa-miR-4760-5p|MIMAT0019906	NA	NA	NA	NA	NA	NA	NA	NA	NA	NA	NA	NA	NA	NA	NA	NA	NA	NA	NA	NA	NA	NA	NA	NA	NA	NA	NA	NA	NA	NA	NA	NA	NA	NA	NA	NA	NA	NA	NA	NA	NA	NA	NA	NA	NA
hsa-miR-6748-3p|MIMAT0027397	NA	NA	NA	NA	NA	NA	NA	NA	NA	NA	NA	NA	NA	NA	NA	NA	NA	NA	NA	NA	NA	NA	NA	NA	NA	NA	NA	NA	NA	NA	NA	NA	NA	NA	NA	NA	NA	NA	NA	NA	NA	NA	NA	NA	NA
hsa-miR-6749-5p|MIMAT0027398	NA	NA	NA	NA	NA	NA	NA	NA	NA	NA	NA	NA	NA	NA	NA	NA	NA	NA	NA	NA	NA	NA	NA	NA	NA	NA	NA	NA	NA	NA	NA	NA	NA	NA	NA	NA	NA	NA	NA	NA	NA	NA	NA	NA	NA
hsa-miR-4761-3p|MIMAT0019909	NA	NA	NA	NA	NA	NA	NA	NA	NA	NA	NA	NA	NA	NA	NA	NA	NA	NA	NA	NA	NA	NA	NA	NA	NA	NA	NA	NA	NA	NA	NA	NA	NA	NA	NA	NA	NA	NA	NA	NA	NA	NA	NA	NA	NA
hsa-miR-6750-5p|MIMAT0027400	NA	NA	NA	NA	NA	NA	NA	NA	NA	NA	NA	NA	NA	NA	NA	NA	NA	NA	NA	NA	NA	NA	NA	NA	NA	NA	NA	NA	NA	NA	NA	NA	NA	NA	NA	NA	NA	NA	NA	NA	NA	NA	NA	NA	NA
hsa-miR-4762-3p|MIMAT0019911	NA	NA	NA	NA	NA	NA	NA	NA	NA	NA	NA	NA	NA	NA	NA	NA	NA	NA	NA	NA	NA	NA	NA	NA	NA	NA	NA	NA	NA	NA	NA	NA	NA	NA	NA	NA	NA	NA	NA	NA	NA	NA	NA	NA	NA
hsa-miR-4763-5p|MIMAT0019912	NA	NA	NA	NA	NA	NA	NA	NA	NA	NA	NA	NA	NA	NA	NA	NA	NA	NA	NA	NA	NA	NA	NA	NA	NA	NA	NA	NA	NA	NA	NA	NA	NA	NA	NA	NA	NA	NA	NA	NA	NA	NA	NA	NA	NA
hsa-miR-4446-3p|MIMAT0018965	NA	NA	NA	NA	NA	NA	NA	NA	NA	NA	NA	NA	NA	NA	NA	NA	NA	NA	NA	NA	NA	NA	NA	NA	NA	NA	NA	NA	NA	NA	NA	NA	NA	NA	NA	NA	NA	NA	NA	NA	NA	NA	NA	NA	NA
hsa-miR-6752-5p|MIMAT0027404	NA	NA	NA	NA	NA	NA	NA	NA	NA	NA	NA	NA	NA	NA	NA	NA	NA	NA	NA	NA	NA	NA	NA	NA	NA	NA	NA	NA	NA	NA	NA	NA	NA	NA	NA	NA	NA	NA	NA	NA	NA	NA	NA	NA	NA
hsa-miR-6752-3p|MIMAT0027405	NA	NA	NA	NA	NA	NA	NA	NA	NA	NA	NA	NA	NA	NA	NA	NA	NA	NA	NA	NA	NA	NA	NA	NA	NA	NA	NA	NA	NA	NA	NA	NA	NA	NA	NA	NA	NA	NA	NA	NA	NA	NA	NA	NA	NA
hsa-miR-4765|MIMAT0019916	NA	NA	NA	NA	NA	NA	NA	NA	NA	NA	NA	NA	NA	NA	NA	NA	NA	NA	NA	NA	NA	NA	NA	NA	NA	NA	NA	NA	NA	NA	NA	NA	NA	NA	NA	NA	NA	NA	NA	NA	NA	NA	NA	NA	NA
hsa-miR-6753-3p|MIMAT0027407	NA	NA	NA	NA	NA	NA	NA	NA	NA	NA	NA	NA	NA	NA	NA	NA	NA	NA	NA	NA	NA	NA	NA	NA	NA	NA	NA	NA	NA	NA	NA	NA	NA	NA	NA	NA	NA	NA	NA	NA	NA	NA	NA	NA	NA
hsa-miR-6754-5p|MIMAT0027408	NA	NA	NA	NA	NA	NA	NA	NA	NA	NA	NA	NA	NA	NA	NA	NA	NA	NA	NA	NA	NA	NA	NA	NA	NA	NA	NA	NA	NA	NA	NA	NA	NA	NA	NA	NA	NA	NA	NA	NA	NA	NA	NA	NA	NA
hsa-miR-8055|MIMAT0030982	NA	NA	NA	NA	NA	NA	NA	NA	NA	NA	NA	NA	NA	NA	NA	NA	NA	NA	NA	NA	NA	NA	NA	NA	NA	NA	NA	NA	NA	NA	NA	NA	NA	NA	NA	NA	NA	NA	NA	NA	NA	NA	NA	NA	NA
hsa-miR-8056|MIMAT0030983	NA	NA	NA	NA	NA	NA	NA	NA	NA	NA	NA	NA	NA	NA	NA	NA	NA	NA	NA	NA	NA	NA	NA	NA	NA	NA	NA	NA	NA	NA	NA	NA	NA	NA	NA	NA	NA	NA	NA	NA	NA	NA	NA	NA	NA
hsa-miR-6755-3p|MIMAT0027411	NA	NA	NA	NA	NA	NA	NA	NA	NA	NA	NA	NA	NA	NA	NA	NA	NA	NA	NA	NA	NA	NA	NA	NA	NA	NA	NA	NA	NA	NA	NA	NA	NA	NA	NA	NA	NA	NA	NA	NA	NA	NA	NA	NA	NA
hsa-miR-6756-5p|MIMAT0027412	NA	NA	NA	NA	NA	NA	NA	NA	NA	NA	NA	NA	NA	NA	NA	NA	NA	NA	NA	NA	NA	NA	NA	NA	NA	NA	NA	NA	NA	NA	NA	NA	NA	NA	NA	NA	NA	NA	NA	NA	NA	NA	NA	NA	NA
hsa-miR-6756-3p|MIMAT0027413	NA	NA	NA	NA	NA	NA	NA	NA	NA	NA	NA	NA	NA	NA	NA	NA	NA	NA	NA	NA	NA	NA	NA	NA	NA	NA	NA	NA	NA	NA	NA	NA	NA	NA	NA	NA	NA	NA	NA	NA	NA	NA	NA	NA	NA
hsa-miR-4454|MIMAT0018976	NA	NA	NA	NA	NA	NA	NA	NA	NA	NA	NA	NA	NA	NA	NA	NA	NA	NA	NA	NA	NA	NA	NA	NA	NA	NA	NA	NA	NA	NA	NA	NA	NA	NA	NA	NA	NA	NA	NA	NA	NA	NA	NA	NA	NA
hsa-miR-6757-3p|MIMAT0027415	NA	NA	NA	NA	NA	NA	NA	NA	NA	NA	NA	NA	NA	NA	NA	NA	NA	NA	NA	NA	NA	NA	NA	NA	NA	NA	NA	NA	NA	NA	NA	NA	NA	NA	NA	NA	NA	NA	NA	NA	NA	NA	NA	NA	NA
hsa-miR-8062|MIMAT0030989	NA	NA	NA	NA	NA	NA	NA	NA	NA	NA	NA	NA	NA	NA	NA	NA	NA	NA	NA	NA	NA	NA	NA	NA	NA	NA	NA	NA	NA	NA	NA	NA	NA	NA	NA	NA	NA	NA	NA	NA	NA	NA	NA	NA	NA
hsa-miR-4772-3p|MIMAT0019927	NA	NA	NA	NA	NA	NA	NA	NA	NA	NA	NA	NA	NA	NA	NA	NA	NA	NA	NA	NA	NA	NA	NA	NA	NA	NA	NA	NA	NA	NA	NA	NA	NA	NA	NA	NA	NA	NA	NA	NA	NA	NA	NA	NA	NA
hsa-miR-6759-5p|MIMAT0027418	NA	NA	NA	NA	NA	NA	NA	NA	NA	NA	NA	NA	NA	NA	NA	NA	NA	NA	NA	NA	NA	NA	NA	NA	NA	NA	NA	NA	NA	NA	NA	NA	NA	NA	NA	NA	NA	NA	NA	NA	NA	NA	NA	NA	NA
hsa-miR-8065|MIMAT0030992	NA	NA	NA	NA	NA	NA	NA	NA	NA	NA	NA	NA	NA	NA	NA	NA	NA	NA	NA	NA	NA	NA	NA	NA	NA	NA	NA	NA	NA	NA	NA	NA	NA	NA	NA	NA	NA	NA	NA	NA	NA	NA	NA	NA	NA
hsa-miR-8066|MIMAT0030993	NA	NA	NA	NA	NA	NA	NA	NA	NA	NA	NA	NA	NA	NA	NA	NA	NA	NA	NA	NA	NA	NA	NA	NA	NA	NA	NA	NA	NA	NA	NA	NA	NA	NA	NA	NA	NA	NA	NA	NA	NA	NA	NA	NA	NA
hsa-miR-6760-3p|MIMAT0027421	NA	NA	NA	NA	NA	NA	NA	NA	NA	NA	NA	NA	NA	NA	NA	NA	NA	NA	NA	NA	NA	NA	NA	NA	NA	NA	NA	NA	NA	NA	NA	NA	NA	NA	NA	NA	NA	NA	NA	NA	NA	NA	NA	NA	NA
hsa-miR-8068|MIMAT0030995	NA	NA	NA	NA	NA	NA	NA	NA	NA	NA	NA	NA	NA	NA	NA	NA	NA	NA	NA	NA	NA	NA	NA	NA	NA	NA	NA	NA	NA	NA	NA	NA	NA	NA	NA	NA	NA	NA	NA	NA	NA	NA	NA	NA	NA
hsa-miR-6761-3p|MIMAT0027423	NA	NA	NA	NA	NA	NA	NA	NA	NA	NA	NA	NA	NA	NA	NA	NA	NA	NA	NA	NA	NA	NA	NA	NA	NA	NA	NA	NA	NA	NA	NA	NA	NA	NA	NA	NA	NA	NA	NA	NA	NA	NA	NA	NA	NA
hsa-miR-8070|MIMAT0030997	NA	NA	NA	NA	NA	NA	NA	NA	NA	NA	NA	NA	NA	NA	NA	NA	NA	NA	NA	NA	NA	NA	NA	NA	NA	NA	NA	NA	NA	NA	NA	NA	NA	NA	NA	NA	NA	NA	NA	NA	NA	NA	NA	NA	NA
hsa-miR-8071|MIMAT0030998	NA	NA	NA	NA	NA	NA	NA	NA	NA	NA	NA	NA	NA	NA	NA	NA	NA	NA	NA	NA	NA	NA	NA	NA	NA	NA	NA	NA	NA	NA	NA	NA	NA	NA	NA	NA	NA	NA	NA	NA	NA	NA	NA	NA	NA
hsa-miR-8072|MIMAT0030999	NA	NA	NA	NA	NA	NA	NA	NA	NA	NA	NA	NA	NA	NA	NA	NA	NA	NA	NA	NA	NA	NA	NA	NA	NA	NA	NA	NA	NA	NA	NA	NA	NA	NA	NA	NA	NA	NA	NA	NA	NA	NA	NA	NA	NA
hsa-miR-8073|MIMAT0031000	NA	NA	NA	NA	NA	NA	NA	NA	NA	NA	NA	NA	NA	NA	NA	NA	NA	NA	NA	NA	NA	NA	NA	NA	NA	NA	NA	NA	NA	NA	NA	NA	NA	NA	NA	NA	NA	NA	NA	NA	NA	NA	NA	NA	NA
hsa-miR-8074|MIMAT0031001	NA	NA	NA	NA	NA	NA	NA	NA	NA	NA	NA	NA	NA	NA	NA	NA	NA	NA	NA	NA	NA	NA	NA	NA	NA	NA	NA	NA	NA	NA	NA	NA	NA	NA	NA	NA	NA	NA	NA	NA	NA	NA	NA	NA	NA
hsa-miR-6764-3p|MIMAT0027429	NA	NA	NA	NA	NA	NA	NA	NA	NA	NA	NA	NA	NA	NA	NA	NA	NA	NA	NA	NA	NA	NA	NA	NA	NA	NA	NA	NA	NA	NA	NA	NA	NA	NA	NA	NA	NA	NA	NA	NA	NA	NA	NA	NA	NA
hsa-miR-8076|MIMAT0031003	NA	NA	NA	NA	NA	NA	NA	NA	NA	NA	NA	NA	NA	NA	NA	NA	NA	NA	NA	NA	NA	NA	NA	NA	NA	NA	NA	NA	NA	NA	NA	NA	NA	NA	NA	NA	NA	NA	NA	NA	NA	NA	NA	NA	NA
hsa-miR-6765-3p|MIMAT0027431	NA	NA	NA	NA	NA	NA	NA	NA	NA	NA	NA	NA	NA	NA	NA	NA	NA	NA	NA	NA	NA	NA	NA	NA	NA	NA	NA	NA	NA	NA	NA	NA	NA	NA	NA	NA	NA	NA	NA	NA	NA	NA	NA	NA	NA
hsa-miR-4781-5p|MIMAT0019942	NA	NA	NA	NA	NA	NA	NA	NA	NA	NA	NA	NA	NA	NA	NA	NA	NA	NA	NA	NA	NA	NA	NA	NA	NA	NA	NA	NA	NA	NA	NA	NA	NA	NA	NA	NA	NA	NA	NA	NA	NA	NA	NA	NA	NA
hsa-miR-8079|MIMAT0031006	NA	NA	NA	NA	NA	NA	NA	NA	NA	NA	NA	NA	NA	NA	NA	NA	NA	NA	NA	NA	NA	NA	NA	NA	NA	NA	NA	NA	NA	NA	NA	NA	NA	NA	NA	NA	NA	NA	NA	NA	NA	NA	NA	NA	NA
hsa-miR-8080|MIMAT0031007	NA	NA	NA	NA	NA	NA	NA	NA	NA	NA	NA	NA	NA	NA	NA	NA	NA	NA	NA	NA	NA	NA	NA	NA	NA	NA	NA	NA	NA	NA	NA	NA	NA	NA	NA	NA	NA	NA	NA	NA	NA	NA	NA	NA	NA
hsa-miR-6767-3p|MIMAT0027435	NA	NA	NA	NA	NA	NA	NA	NA	NA	NA	NA	NA	NA	NA	NA	NA	NA	NA	NA	NA	NA	NA	NA	NA	NA	NA	NA	NA	NA	NA	NA	NA	NA	NA	NA	NA	NA	NA	NA	NA	NA	NA	NA	NA	NA
hsa-miR-6768-5p|MIMAT0027436	NA	NA	NA	NA	NA	NA	NA	NA	NA	NA	NA	NA	NA	NA	NA	NA	NA	NA	NA	NA	NA	NA	NA	NA	NA	NA	NA	NA	NA	NA	NA	NA	NA	NA	NA	NA	NA	NA	NA	NA	NA	NA	NA	NA	NA
hsa-miR-8083|MIMAT0031010	NA	NA	NA	NA	NA	NA	NA	NA	NA	NA	NA	NA	NA	NA	NA	NA	NA	NA	NA	NA	NA	NA	NA	NA	NA	NA	NA	NA	NA	NA	NA	NA	NA	NA	NA	NA	NA	NA	NA	NA	NA	NA	NA	NA	NA
hsa-miR-4784|MIMAT0019948	NA	NA	NA	NA	NA	NA	NA	NA	NA	NA	NA	NA	NA	NA	NA	NA	NA	NA	NA	NA	NA	NA	NA	NA	NA	NA	NA	NA	NA	NA	NA	NA	NA	NA	NA	NA	NA	NA	NA	NA	NA	NA	NA	NA	NA
hsa-miR-8085|MIMAT0031012	NA	NA	NA	NA	NA	NA	NA	NA	NA	NA	NA	NA	NA	NA	NA	NA	NA	NA	NA	NA	NA	NA	NA	NA	NA	NA	NA	NA	NA	NA	NA	NA	NA	NA	NA	NA	NA	NA	NA	NA	NA	NA	NA	NA	NA
hsa-miR-1245b-5p|MIMAT0019950	NA	NA	NA	NA	NA	NA	NA	NA	NA	NA	NA	NA	NA	NA	NA	NA	NA	NA	NA	NA	NA	NA	NA	NA	NA	NA	NA	NA	NA	NA	NA	NA	NA	NA	NA	NA	NA	NA	NA	NA	NA	NA	NA	NA	NA
hsa-miR-8087|MIMAT0031014	NA	NA	NA	NA	NA	NA	NA	NA	NA	NA	NA	NA	NA	NA	NA	NA	NA	NA	NA	NA	NA	NA	NA	NA	NA	NA	NA	NA	NA	NA	NA	NA	NA	NA	NA	NA	NA	NA	NA	NA	NA	NA	NA	NA	NA
hsa-miR-8088|MIMAT0031015	NA	NA	NA	NA	NA	NA	NA	NA	NA	NA	NA	NA	NA	NA	NA	NA	NA	NA	NA	NA	NA	NA	NA	NA	NA	NA	NA	NA	NA	NA	NA	NA	NA	NA	NA	NA	NA	NA	NA	NA	NA	NA	NA	NA	NA
hsa-miR-8089|MIMAT0031016	NA	NA	NA	NA	NA	NA	NA	NA	NA	NA	NA	NA	NA	NA	NA	NA	NA	NA	NA	NA	NA	NA	NA	NA	NA	NA	NA	NA	NA	NA	NA	NA	NA	NA	NA	NA	NA	NA	NA	NA	NA	NA	NA	NA	NA
hsa-miR-8485|MIMAT0033692	NA	NA	NA	NA	NA	NA	NA	NA	NA	NA	NA	NA	NA	NA	NA	NA	NA	NA	NA	NA	NA	NA	NA	NA	NA	NA	NA	NA	NA	NA	NA	NA	NA	NA	NA	NA	NA	NA	NA	NA	NA	NA	NA	NA	NA
hsa-miR-9500|MIMAT0035542	NA	NA	NA	NA	NA	NA	NA	NA	NA	NA	NA	NA	NA	NA	NA	NA	NA	NA	NA	NA	NA	NA	NA	NA	NA	NA	NA	NA	NA	NA	NA	NA	NA	NA	NA	NA	NA	NA	NA	NA	NA	NA	NA	NA	NA
hsa-miR-548bb-5p|MIMAT0035703	NA	NA	NA	NA	NA	NA	NA	NA	NA	NA	NA	NA	NA	NA	NA	NA	NA	NA	NA	NA	NA	NA	NA	NA	NA	NA	NA	NA	NA	NA	NA	NA	NA	NA	NA	NA	NA	NA	NA	NA	NA	NA	NA	NA	NA
hsa-miR-6773-3p|MIMAT0027447	NA	NA	NA	NA	NA	NA	NA	NA	NA	NA	NA	NA	NA	NA	NA	NA	NA	NA	NA	NA	NA	NA	NA	NA	NA	NA	NA	NA	NA	NA	NA	NA	NA	NA	NA	NA	NA	NA	NA	NA	NA	NA	NA	NA	NA
hsa-miR-5587-5p|MIMAT0022289	NA	NA	NA	NA	NA	NA	NA	NA	NA	NA	NA	NA	NA	NA	NA	NA	NA	NA	NA	NA	NA	NA	NA	NA	NA	NA	NA	NA	NA	NA	NA	NA	NA	NA	NA	NA	NA	NA	NA	NA	NA	NA	NA	NA	NA
hsa-miR-4789-5p|MIMAT0019959	NA	NA	NA	NA	NA	NA	NA	NA	NA	NA	NA	NA	NA	NA	NA	NA	NA	NA	NA	NA	NA	NA	NA	NA	NA	NA	NA	NA	NA	NA	NA	NA	NA	NA	NA	NA	NA	NA	NA	NA	NA	NA	NA	NA	NA
hsa-miR-6774-3p|MIMAT0027449	NA	NA	NA	NA	NA	NA	NA	NA	NA	NA	NA	NA	NA	NA	NA	NA	NA	NA	NA	NA	NA	NA	NA	NA	NA	NA	NA	NA	NA	NA	NA	NA	NA	NA	NA	NA	NA	NA	NA	NA	NA	NA	NA	NA	NA
hsa-miR-4790-5p|MIMAT0019961	NA	NA	NA	NA	NA	NA	NA	NA	NA	NA	NA	NA	NA	NA	NA	NA	NA	NA	NA	NA	NA	NA	NA	NA	NA	NA	NA	NA	NA	NA	NA	NA	NA	NA	NA	NA	NA	NA	NA	NA	NA	NA	NA	NA	NA
hsa-miR-7107-5p|MIMAT0028111	NA	NA	NA	NA	NA	NA	NA	NA	NA	NA	NA	NA	NA	NA	NA	NA	NA	NA	NA	NA	NA	NA	NA	NA	NA	NA	NA	NA	NA	NA	NA	NA	NA	NA	NA	NA	NA	NA	NA	NA	NA	NA	NA	NA	NA
hsa-miR-6836-5p|MIMAT0027574	NA	NA	NA	NA	NA	NA	NA	NA	NA	NA	NA	NA	NA	NA	NA	NA	NA	NA	NA	NA	NA	NA	NA	NA	NA	NA	NA	NA	NA	NA	NA	NA	NA	NA	NA	NA	NA	NA	NA	NA	NA	NA	NA	NA	NA
hsa-miR-6777-5p|MIMAT0027454	NA	NA	NA	NA	NA	NA	NA	NA	NA	NA	NA	NA	NA	NA	NA	NA	NA	NA	NA	NA	NA	NA	NA	NA	NA	NA	NA	NA	NA	NA	NA	NA	NA	NA	NA	NA	NA	NA	NA	NA	NA	NA	NA	NA	NA
hsa-miR-6837-5p|MIMAT0027576	NA	NA	NA	NA	NA	NA	NA	NA	NA	NA	NA	NA	NA	NA	NA	NA	NA	NA	NA	NA	NA	NA	NA	NA	NA	NA	NA	NA	NA	NA	NA	NA	NA	NA	NA	NA	NA	NA	NA	NA	NA	NA	NA	NA	NA
hsa-miR-6837-3p|MIMAT0027577	NA	NA	NA	NA	NA	NA	NA	NA	NA	NA	NA	NA	NA	NA	NA	NA	NA	NA	NA	NA	NA	NA	NA	NA	NA	NA	NA	NA	NA	NA	NA	NA	NA	NA	NA	NA	NA	NA	NA	NA	NA	NA	NA	NA	NA
hsa-miR-6778-3p|MIMAT0027457	NA	NA	NA	NA	NA	NA	NA	NA	NA	NA	NA	NA	NA	NA	NA	NA	NA	NA	NA	NA	NA	NA	NA	NA	NA	NA	NA	NA	NA	NA	NA	NA	NA	NA	NA	NA	NA	NA	NA	NA	NA	NA	NA	NA	NA
hsa-miR-6838-3p|MIMAT0027579	NA	NA	NA	NA	NA	NA	NA	NA	NA	NA	NA	NA	NA	NA	NA	NA	NA	NA	NA	NA	NA	NA	NA	NA	NA	NA	NA	NA	NA	NA	NA	NA	NA	NA	NA	NA	NA	NA	NA	NA	NA	NA	NA	NA	NA
hsa-miR-7110-3p|MIMAT0028118	NA	NA	NA	NA	NA	NA	NA	NA	NA	NA	NA	NA	NA	NA	NA	NA	NA	NA	NA	NA	NA	NA	NA	NA	NA	NA	NA	NA	NA	NA	NA	NA	NA	NA	NA	NA	NA	NA	NA	NA	NA	NA	NA	NA	NA
hsa-miR-4796-5p|MIMAT0019970	NA	NA	NA	NA	NA	NA	NA	NA	NA	NA	NA	NA	NA	NA	NA	NA	NA	NA	NA	NA	NA	NA	NA	NA	NA	NA	NA	NA	NA	NA	NA	NA	NA	NA	NA	NA	NA	NA	NA	NA	NA	NA	NA	NA	NA
hsa-miR-6780a-5p|MIMAT0027460	NA	NA	NA	NA	NA	NA	NA	NA	NA	NA	NA	NA	NA	NA	NA	NA	NA	NA	NA	NA	NA	NA	NA	NA	NA	NA	NA	NA	NA	NA	NA	NA	NA	NA	NA	NA	NA	NA	NA	NA	NA	NA	NA	NA	NA
hsa-miR-6801-5p|MIMAT0027502	NA	NA	NA	NA	NA	NA	NA	NA	NA	NA	NA	NA	NA	NA	NA	NA	NA	NA	NA	NA	NA	NA	NA	NA	NA	NA	NA	NA	NA	NA	NA	NA	NA	NA	NA	NA	NA	NA	NA	NA	NA	NA	NA	NA	NA
hsa-miR-6781-3p|MIMAT0027463	NA	NA	NA	NA	NA	NA	NA	NA	NA	NA	NA	NA	NA	NA	NA	NA	NA	NA	NA	NA	NA	NA	NA	NA	NA	NA	NA	NA	NA	NA	NA	NA	NA	NA	NA	NA	NA	NA	NA	NA	NA	NA	NA	NA	NA
hsa-miR-4798-5p|MIMAT0019974	NA	NA	NA	NA	NA	NA	NA	NA	NA	NA	NA	NA	NA	NA	NA	NA	NA	NA	NA	NA	NA	NA	NA	NA	NA	NA	NA	NA	NA	NA	NA	NA	NA	NA	NA	NA	NA	NA	NA	NA	NA	NA	NA	NA	NA
hsa-miR-6782-3p|MIMAT0027465	NA	NA	NA	NA	NA	NA	NA	NA	NA	NA	NA	NA	NA	NA	NA	NA	NA	NA	NA	NA	NA	NA	NA	NA	NA	NA	NA	NA	NA	NA	NA	NA	NA	NA	NA	NA	NA	NA	NA	NA	NA	NA	NA	NA	NA
hsa-miR-6842-3p|MIMAT0027587	NA	NA	NA	NA	NA	NA	NA	NA	NA	NA	NA	NA	NA	NA	NA	NA	NA	NA	NA	NA	NA	NA	NA	NA	NA	NA	NA	NA	NA	NA	NA	NA	NA	NA	NA	NA	NA	NA	NA	NA	NA	NA	NA	NA	NA
hsa-miR-7114-3p|MIMAT0028126	NA	NA	NA	NA	NA	NA	NA	NA	NA	NA	NA	NA	NA	NA	NA	NA	NA	NA	NA	NA	NA	NA	NA	NA	NA	NA	NA	NA	NA	NA	NA	NA	NA	NA	NA	NA	NA	NA	NA	NA	NA	NA	NA	NA	NA
hsa-miR-6784-5p|MIMAT0027468	NA	NA	NA	NA	NA	NA	NA	NA	NA	NA	NA	NA	NA	NA	NA	NA	NA	NA	NA	NA	NA	NA	NA	NA	NA	NA	NA	NA	NA	NA	NA	NA	NA	NA	NA	NA	NA	NA	NA	NA	NA	NA	NA	NA	NA
hsa-miR-5684|MIMAT0022473	NA	NA	NA	NA	NA	NA	NA	NA	NA	NA	NA	NA	NA	NA	NA	NA	NA	NA	NA	NA	NA	NA	NA	NA	NA	NA	NA	NA	NA	NA	NA	NA	NA	NA	NA	NA	NA	NA	NA	NA	NA	NA	NA	NA	NA
hsa-miR-7151-3p|MIMAT0028213	NA	NA	NA	NA	NA	NA	NA	NA	NA	NA	NA	NA	NA	NA	NA	NA	NA	NA	NA	NA	NA	NA	NA	NA	NA	NA	NA	NA	NA	NA	NA	NA	NA	NA	NA	NA	NA	NA	NA	NA	NA	NA	NA	NA	NA
hsa-miR-4495|MIMAT0019030	NA	NA	NA	NA	NA	NA	NA	NA	NA	NA	NA	NA	NA	NA	NA	NA	NA	NA	NA	NA	NA	NA	NA	NA	NA	NA	NA	NA	NA	NA	NA	NA	NA	NA	NA	NA	NA	NA	NA	NA	NA	NA	NA	NA	NA
hsa-miR-5692c|MIMAT0022476	NA	NA	NA	NA	NA	NA	NA	NA	NA	NA	NA	NA	NA	NA	NA	NA	NA	NA	NA	NA	NA	NA	NA	NA	NA	NA	NA	NA	NA	NA	NA	NA	NA	NA	NA	NA	NA	NA	NA	NA	NA	NA	NA	NA	NA
hsa-miR-6847-5p|MIMAT0027594	NA	NA	NA	NA	NA	NA	NA	NA	NA	NA	NA	NA	NA	NA	NA	NA	NA	NA	NA	NA	NA	NA	NA	NA	NA	NA	NA	NA	NA	NA	NA	NA	NA	NA	NA	NA	NA	NA	NA	NA	NA	NA	NA	NA	NA
hsa-miR-6787-5p|MIMAT0027474	NA	NA	NA	NA	NA	NA	NA	NA	NA	NA	NA	NA	NA	NA	NA	NA	NA	NA	NA	NA	NA	NA	NA	NA	NA	NA	NA	NA	NA	NA	NA	NA	NA	NA	NA	NA	NA	NA	NA	NA	NA	NA	NA	NA	NA
hsa-miR-7154-5p|MIMAT0028218	NA	NA	NA	NA	NA	NA	NA	NA	NA	NA	NA	NA	NA	NA	NA	NA	NA	NA	NA	NA	NA	NA	NA	NA	NA	NA	NA	NA	NA	NA	NA	NA	NA	NA	NA	NA	NA	NA	NA	NA	NA	NA	NA	NA	NA
hsa-miR-6788-5p|MIMAT0027476	NA	NA	NA	NA	NA	NA	NA	NA	NA	NA	NA	NA	NA	NA	NA	NA	NA	NA	NA	NA	NA	NA	NA	NA	NA	NA	NA	NA	NA	NA	NA	NA	NA	NA	NA	NA	NA	NA	NA	NA	NA	NA	NA	NA	NA
hsa-miR-7155-5p|MIMAT0028220	NA	NA	NA	NA	NA	NA	NA	NA	NA	NA	NA	NA	NA	NA	NA	NA	NA	NA	NA	NA	NA	NA	NA	NA	NA	NA	NA	NA	NA	NA	NA	NA	NA	NA	NA	NA	NA	NA	NA	NA	NA	NA	NA	NA	NA
hsa-miR-6849-3p|MIMAT0027599	NA	NA	NA	NA	NA	NA	NA	NA	NA	NA	NA	NA	NA	NA	NA	NA	NA	NA	NA	NA	NA	NA	NA	NA	NA	NA	NA	NA	NA	NA	NA	NA	NA	NA	NA	NA	NA	NA	NA	NA	NA	NA	NA	NA	NA
hsa-miR-6789-3p|MIMAT0027479	NA	NA	NA	NA	NA	NA	NA	NA	NA	NA	NA	NA	NA	NA	NA	NA	NA	NA	NA	NA	NA	NA	NA	NA	NA	NA	NA	NA	NA	NA	NA	NA	NA	NA	NA	NA	NA	NA	NA	NA	NA	NA	NA	NA	NA
hsa-miR-7155-3p|MIMAT0028221	NA	NA	NA	NA	NA	NA	NA	NA	NA	NA	NA	NA	NA	NA	NA	NA	NA	NA	NA	NA	NA	NA	NA	NA	NA	NA	NA	NA	NA	NA	NA	NA	NA	NA	NA	NA	NA	NA	NA	NA	NA	NA	NA	NA	NA
hsa-miR-6790-3p|MIMAT0027481	NA	NA	NA	NA	NA	NA	NA	NA	NA	NA	NA	NA	NA	NA	NA	NA	NA	NA	NA	NA	NA	NA	NA	NA	NA	NA	NA	NA	NA	NA	NA	NA	NA	NA	NA	NA	NA	NA	NA	NA	NA	NA	NA	NA	NA
hsa-miR-6729-3p|MIMAT0027360	NA	NA	NA	NA	NA	NA	NA	NA	NA	NA	NA	NA	NA	NA	NA	NA	NA	NA	NA	NA	NA	NA	NA	NA	NA	NA	NA	NA	NA	NA	NA	NA	NA	NA	NA	NA	NA	NA	NA	NA	NA	NA	NA	NA	NA
hsa-miR-5002-3p|MIMAT0021024	NA	NA	NA	NA	NA	NA	NA	NA	NA	NA	NA	NA	NA	NA	NA	NA	NA	NA	NA	NA	NA	NA	NA	NA	NA	NA	NA	NA	NA	NA	NA	NA	NA	NA	NA	NA	NA	NA	NA	NA	NA	NA	NA	NA	NA
hsa-miR-6852-3p|MIMAT0027605	NA	NA	NA	NA	NA	NA	NA	NA	NA	NA	NA	NA	NA	NA	NA	NA	NA	NA	NA	NA	NA	NA	NA	NA	NA	NA	NA	NA	NA	NA	NA	NA	NA	NA	NA	NA	NA	NA	NA	NA	NA	NA	NA	NA	NA
hsa-miR-7161-5p|MIMAT0028232	NA	NA	NA	NA	NA	NA	NA	NA	NA	NA	NA	NA	NA	NA	NA	NA	NA	NA	NA	NA	NA	NA	NA	NA	NA	NA	NA	NA	NA	NA	NA	NA	NA	NA	NA	NA	NA	NA	NA	NA	NA	NA	NA	NA	NA
hsa-miR-6853-3p|MIMAT0027607	NA	NA	NA	NA	NA	NA	NA	NA	NA	NA	NA	NA	NA	NA	NA	NA	NA	NA	NA	NA	NA	NA	NA	NA	NA	NA	NA	NA	NA	NA	NA	NA	NA	NA	NA	NA	NA	NA	NA	NA	NA	NA	NA	NA	NA
hsa-miR-6732-5p|MIMAT0027365	NA	NA	NA	NA	NA	NA	NA	NA	NA	NA	NA	NA	NA	NA	NA	NA	NA	NA	NA	NA	NA	NA	NA	NA	NA	NA	NA	NA	NA	NA	NA	NA	NA	NA	NA	NA	NA	NA	NA	NA	NA	NA	NA	NA	NA
hsa-miR-6794-5p|MIMAT0027488	NA	NA	NA	NA	NA	NA	NA	NA	NA	NA	NA	NA	NA	NA	NA	NA	NA	NA	NA	NA	NA	NA	NA	NA	NA	NA	NA	NA	NA	NA	NA	NA	NA	NA	NA	NA	NA	NA	NA	NA	NA	NA	NA	NA	NA
hsa-miR-6855-5p|MIMAT0027610	NA	NA	NA	NA	NA	NA	NA	NA	NA	NA	NA	NA	NA	NA	NA	NA	NA	NA	NA	NA	NA	NA	NA	NA	NA	NA	NA	NA	NA	NA	NA	NA	NA	NA	NA	NA	NA	NA	NA	NA	NA	NA	NA	NA	NA
hsa-miR-7160-3p|MIMAT0028231	NA	NA	NA	NA	NA	NA	NA	NA	NA	NA	NA	NA	NA	NA	NA	NA	NA	NA	NA	NA	NA	NA	NA	NA	NA	NA	NA	NA	NA	NA	NA	NA	NA	NA	NA	NA	NA	NA	NA	NA	NA	NA	NA	NA	NA
hsa-miR-5006-3p|MIMAT0021034	NA	NA	NA	NA	NA	NA	NA	NA	NA	NA	NA	NA	NA	NA	NA	NA	NA	NA	NA	NA	NA	NA	NA	NA	NA	NA	NA	NA	NA	NA	NA	NA	NA	NA	NA	NA	NA	NA	NA	NA	NA	NA	NA	NA	NA
hsa-miR-6796-5p|MIMAT0027492	NA	NA	NA	NA	NA	NA	NA	NA	NA	NA	NA	NA	NA	NA	NA	NA	NA	NA	NA	NA	NA	NA	NA	NA	NA	NA	NA	NA	NA	NA	NA	NA	NA	NA	NA	NA	NA	NA	NA	NA	NA	NA	NA	NA	NA
hsa-miR-7515|MIMAT0029310	NA	NA	NA	NA	NA	NA	NA	NA	NA	NA	NA	NA	NA	NA	NA	NA	NA	NA	NA	NA	NA	NA	NA	NA	NA	NA	NA	NA	NA	NA	NA	NA	NA	NA	NA	NA	NA	NA	NA	NA	NA	NA	NA	NA	NA
hsa-miR-7641|MIMAT0029782	NA	NA	NA	NA	NA	NA	NA	NA	NA	NA	NA	NA	NA	NA	NA	NA	NA	NA	NA	NA	NA	NA	NA	NA	NA	NA	NA	NA	NA	NA	NA	NA	NA	NA	NA	NA	NA	NA	NA	NA	NA	NA	NA	NA	NA
hsa-miR-6858-5p|MIMAT0027616	NA	NA	NA	NA	NA	NA	NA	NA	NA	NA	NA	NA	NA	NA	NA	NA	NA	NA	NA	NA	NA	NA	NA	NA	NA	NA	NA	NA	NA	NA	NA	NA	NA	NA	NA	NA	NA	NA	NA	NA	NA	NA	NA	NA	NA
hsa-miR-7703|MIMAT0030018	NA	NA	NA	NA	NA	NA	NA	NA	NA	NA	NA	NA	NA	NA	NA	NA	NA	NA	NA	NA	NA	NA	NA	NA	NA	NA	NA	NA	NA	NA	NA	NA	NA	NA	NA	NA	NA	NA	NA	NA	NA	NA	NA	NA	NA
hsa-miR-6798-3p|MIMAT0027497	NA	NA	NA	NA	NA	NA	NA	NA	NA	NA	NA	NA	NA	NA	NA	NA	NA	NA	NA	NA	NA	NA	NA	NA	NA	NA	NA	NA	NA	NA	NA	NA	NA	NA	NA	NA	NA	NA	NA	NA	NA	NA	NA	NA	NA
hsa-miR-6737-3p|MIMAT0027376	NA	NA	NA	NA	NA	NA	NA	NA	NA	NA	NA	NA	NA	NA	NA	NA	NA	NA	NA	NA	NA	NA	NA	NA	NA	NA	NA	NA	NA	NA	NA	NA	NA	NA	NA	NA	NA	NA	NA	NA	NA	NA	NA	NA	NA
hsa-miR-4750-3p|MIMAT0022979	NA	NA	NA	NA	NA	NA	NA	NA	NA	NA	NA	NA	NA	NA	NA	NA	NA	NA	NA	NA	NA	NA	NA	NA	NA	NA	NA	NA	NA	NA	NA	NA	NA	NA	NA	NA	NA	NA	NA	NA	NA	NA	NA	NA	NA
hsa-miR-6800-5p|MIMAT0027500	NA	NA	NA	NA	NA	NA	NA	NA	NA	NA	NA	NA	NA	NA	NA	NA	NA	NA	NA	NA	NA	NA	NA	NA	NA	NA	NA	NA	NA	NA	NA	NA	NA	NA	NA	NA	NA	NA	NA	NA	NA	NA	NA	NA	NA
hsa-miR-6860|MIMAT0027622	NA	NA	NA	NA	NA	NA	NA	NA	NA	NA	NA	NA	NA	NA	NA	NA	NA	NA	NA	NA	NA	NA	NA	NA	NA	NA	NA	NA	NA	NA	NA	NA	NA	NA	NA	NA	NA	NA	NA	NA	NA	NA	NA	NA	NA
hsa-miR-5572|MIMAT0022260	NA	NA	NA	NA	NA	NA	NA	NA	NA	NA	NA	NA	NA	NA	NA	NA	NA	NA	NA	NA	NA	NA	NA	NA	NA	NA	NA	NA	NA	NA	NA	NA	NA	NA	NA	NA	NA	NA	NA	NA	NA	NA	NA	NA	NA
hsa-miR-6801-3p|MIMAT0027503	NA	NA	NA	NA	NA	NA	NA	NA	NA	NA	NA	NA	NA	NA	NA	NA	NA	NA	NA	NA	NA	NA	NA	NA	NA	NA	NA	NA	NA	NA	NA	NA	NA	NA	NA	NA	NA	NA	NA	NA	NA	NA	NA	NA	NA
hsa-miR-371b-5p|MIMAT0019892	NA	NA	NA	NA	NA	NA	NA	NA	NA	NA	NA	NA	NA	NA	NA	NA	NA	NA	NA	NA	NA	NA	NA	NA	NA	NA	NA	NA	NA	NA	NA	NA	NA	NA	NA	NA	NA	NA	NA	NA	NA	NA	NA	NA	NA
hsa-miR-1273h-3p|MIMAT0030416	NA	NA	NA	NA	NA	NA	NA	NA	NA	NA	NA	NA	NA	NA	NA	NA	NA	NA	NA	NA	NA	NA	NA	NA	NA	NA	NA	NA	NA	NA	NA	NA	NA	NA	NA	NA	NA	NA	NA	NA	NA	NA	NA	NA	NA
hsa-miR-4754|MIMAT0019894	NA	NA	NA	NA	NA	NA	NA	NA	NA	NA	NA	NA	NA	NA	NA	NA	NA	NA	NA	NA	NA	NA	NA	NA	NA	NA	NA	NA	NA	NA	NA	NA	NA	NA	NA	NA	NA	NA	NA	NA	NA	NA	NA	NA	NA
hsa-miR-6803-3p|MIMAT0027507	NA	NA	NA	NA	NA	NA	NA	NA	NA	NA	NA	NA	NA	NA	NA	NA	NA	NA	NA	NA	NA	NA	NA	NA	NA	NA	NA	NA	NA	NA	NA	NA	NA	NA	NA	NA	NA	NA	NA	NA	NA	NA	NA	NA	NA
hsa-miR-7844-5p|MIMAT0030419	NA	NA	NA	NA	NA	NA	NA	NA	NA	NA	NA	NA	NA	NA	NA	NA	NA	NA	NA	NA	NA	NA	NA	NA	NA	NA	NA	NA	NA	NA	NA	NA	NA	NA	NA	NA	NA	NA	NA	NA	NA	NA	NA	NA	NA
hsa-miR-6865-5p|MIMAT0027630	NA	NA	NA	NA	NA	NA	NA	NA	NA	NA	NA	NA	NA	NA	NA	NA	NA	NA	NA	NA	NA	NA	NA	NA	NA	NA	NA	NA	NA	NA	NA	NA	NA	NA	NA	NA	NA	NA	NA	NA	NA	NA	NA	NA	NA
hsa-miR-7846-3p|MIMAT0030421	NA	NA	NA	NA	NA	NA	NA	NA	NA	NA	NA	NA	NA	NA	NA	NA	NA	NA	NA	NA	NA	NA	NA	NA	NA	NA	NA	NA	NA	NA	NA	NA	NA	NA	NA	NA	NA	NA	NA	NA	NA	NA	NA	NA	NA
hsa-miR-6805-3p|MIMAT0027511	NA	NA	NA	NA	NA	NA	NA	NA	NA	NA	NA	NA	NA	NA	NA	NA	NA	NA	NA	NA	NA	NA	NA	NA	NA	NA	NA	NA	NA	NA	NA	NA	NA	NA	NA	NA	NA	NA	NA	NA	NA	NA	NA	NA	NA
hsa-miR-7848-3p|MIMAT0030423	NA	NA	NA	NA	NA	NA	NA	NA	NA	NA	NA	NA	NA	NA	NA	NA	NA	NA	NA	NA	NA	NA	NA	NA	NA	NA	NA	NA	NA	NA	NA	NA	NA	NA	NA	NA	NA	NA	NA	NA	NA	NA	NA	NA	NA
hsa-miR-6867-5p|MIMAT0027634	NA	NA	NA	NA	NA	NA	NA	NA	NA	NA	NA	NA	NA	NA	NA	NA	NA	NA	NA	NA	NA	NA	NA	NA	NA	NA	NA	NA	NA	NA	NA	NA	NA	NA	NA	NA	NA	NA	NA	NA	NA	NA	NA	NA	NA
hsa-miR-6079|MIMAT0023704	NA	NA	NA	NA	NA	NA	NA	NA	NA	NA	NA	NA	NA	NA	NA	NA	NA	NA	NA	NA	NA	NA	NA	NA	NA	NA	NA	NA	NA	NA	NA	NA	NA	NA	NA	NA	NA	NA	NA	NA	NA	NA	NA	NA	NA
hsa-miR-6807-3p|MIMAT0027515	NA	NA	NA	NA	NA	NA	NA	NA	NA	NA	NA	NA	NA	NA	NA	NA	NA	NA	NA	NA	NA	NA	NA	NA	NA	NA	NA	NA	NA	NA	NA	NA	NA	NA	NA	NA	NA	NA	NA	NA	NA	NA	NA	NA	NA
hsa-miR-6081|MIMAT0023706	NA	NA	NA	NA	NA	NA	NA	NA	NA	NA	NA	NA	NA	NA	NA	NA	NA	NA	NA	NA	NA	NA	NA	NA	NA	NA	NA	NA	NA	NA	NA	NA	NA	NA	NA	NA	NA	NA	NA	NA	NA	NA	NA	NA	NA
hsa-miR-6869-5p|MIMAT0027638	NA	NA	NA	NA	NA	NA	NA	NA	NA	NA	NA	NA	NA	NA	NA	NA	NA	NA	NA	NA	NA	NA	NA	NA	NA	NA	NA	NA	NA	NA	NA	NA	NA	NA	NA	NA	NA	NA	NA	NA	NA	NA	NA	NA	NA
hsa-miR-6809-5p|MIMAT0027518	NA	NA	NA	NA	NA	NA	NA	NA	NA	NA	NA	NA	NA	NA	NA	NA	NA	NA	NA	NA	NA	NA	NA	NA	NA	NA	NA	NA	NA	NA	NA	NA	NA	NA	NA	NA	NA	NA	NA	NA	NA	NA	NA	NA	NA
hsa-miR-7855-5p|MIMAT0030430	NA	NA	NA	NA	NA	NA	NA	NA	NA	NA	NA	NA	NA	NA	NA	NA	NA	NA	NA	NA	NA	NA	NA	NA	NA	NA	NA	NA	NA	NA	NA	NA	NA	NA	NA	NA	NA	NA	NA	NA	NA	NA	NA	NA	NA
hsa-miR-7856-5p|MIMAT0030431	NA	NA	NA	NA	NA	NA	NA	NA	NA	NA	NA	NA	NA	NA	NA	NA	NA	NA	NA	NA	NA	NA	NA	NA	NA	NA	NA	NA	NA	NA	NA	NA	NA	NA	NA	NA	NA	NA	NA	NA	NA	NA	NA	NA	NA
hsa-miR-6871-5p|MIMAT0027642	NA	NA	NA	NA	NA	NA	NA	NA	NA	NA	NA	NA	NA	NA	NA	NA	NA	NA	NA	NA	NA	NA	NA	NA	NA	NA	NA	NA	NA	NA	NA	NA	NA	NA	NA	NA	NA	NA	NA	NA	NA	NA	NA	NA	NA
hsa-miR-7973|MIMAT0031176	NA	NA	NA	NA	NA	NA	NA	NA	NA	NA	NA	NA	NA	NA	NA	NA	NA	NA	NA	NA	NA	NA	NA	NA	NA	NA	NA	NA	NA	NA	NA	NA	NA	NA	NA	NA	NA	NA	NA	NA	NA	NA	NA	NA	NA
hsa-miR-6088|MIMAT0023713	NA	NA	NA	NA	NA	NA	NA	NA	NA	NA	NA	NA	NA	NA	NA	NA	NA	NA	NA	NA	NA	NA	NA	NA	NA	NA	NA	NA	NA	NA	NA	NA	NA	NA	NA	NA	NA	NA	NA	NA	NA	NA	NA	NA	NA
hsa-miR-6751-5p|MIMAT0027402	NA	NA	NA	NA	NA	NA	NA	NA	NA	NA	NA	NA	NA	NA	NA	NA	NA	NA	NA	NA	NA	NA	NA	NA	NA	NA	NA	NA	NA	NA	NA	NA	NA	NA	NA	NA	NA	NA	NA	NA	NA	NA	NA	NA	NA
hsa-miR-4763-3p|MIMAT0019913	NA	NA	NA	NA	NA	NA	NA	NA	NA	NA	NA	NA	NA	NA	NA	NA	NA	NA	NA	NA	NA	NA	NA	NA	NA	NA	NA	NA	NA	NA	NA	NA	NA	NA	NA	NA	NA	NA	NA	NA	NA	NA	NA	NA	NA
hsa-miR-6873-3p|MIMAT0027647	NA	NA	NA	NA	NA	NA	NA	NA	NA	NA	NA	NA	NA	NA	NA	NA	NA	NA	NA	NA	NA	NA	NA	NA	NA	NA	NA	NA	NA	NA	NA	NA	NA	NA	NA	NA	NA	NA	NA	NA	NA	NA	NA	NA	NA
hsa-miR-5191|MIMAT0021122	NA	NA	NA	NA	NA	NA	NA	NA	NA	NA	NA	NA	NA	NA	NA	NA	NA	NA	NA	NA	NA	NA	NA	NA	NA	NA	NA	NA	NA	NA	NA	NA	NA	NA	NA	NA	NA	NA	NA	NA	NA	NA	NA	NA	NA
hsa-miR-6814-5p|MIMAT0027528	NA	NA	NA	NA	NA	NA	NA	NA	NA	NA	NA	NA	NA	NA	NA	NA	NA	NA	NA	NA	NA	NA	NA	NA	NA	NA	NA	NA	NA	NA	NA	NA	NA	NA	NA	NA	NA	NA	NA	NA	NA	NA	NA	NA	NA
hsa-miR-8053|MIMAT0030980	NA	NA	NA	NA	NA	NA	NA	NA	NA	NA	NA	NA	NA	NA	NA	NA	NA	NA	NA	NA	NA	NA	NA	NA	NA	NA	NA	NA	NA	NA	NA	NA	NA	NA	NA	NA	NA	NA	NA	NA	NA	NA	NA	NA	NA
hsa-miR-6875-3p|MIMAT0027651	NA	NA	NA	NA	NA	NA	NA	NA	NA	NA	NA	NA	NA	NA	NA	NA	NA	NA	NA	NA	NA	NA	NA	NA	NA	NA	NA	NA	NA	NA	NA	NA	NA	NA	NA	NA	NA	NA	NA	NA	NA	NA	NA	NA	NA
hsa-miR-7160-5p|MIMAT0028230	NA	NA	NA	NA	NA	NA	NA	NA	NA	NA	NA	NA	NA	NA	NA	NA	NA	NA	NA	NA	NA	NA	NA	NA	NA	NA	NA	NA	NA	NA	NA	NA	NA	NA	NA	NA	NA	NA	NA	NA	NA	NA	NA	NA	NA
hsa-miR-6816-5p|MIMAT0027532	NA	NA	NA	NA	NA	NA	NA	NA	NA	NA	NA	NA	NA	NA	NA	NA	NA	NA	NA	NA	NA	NA	NA	NA	NA	NA	NA	NA	NA	NA	NA	NA	NA	NA	NA	NA	NA	NA	NA	NA	NA	NA	NA	NA	NA
hsa-miR-6816-3p|MIMAT0027533	NA	NA	NA	NA	NA	NA	NA	NA	NA	NA	NA	NA	NA	NA	NA	NA	NA	NA	NA	NA	NA	NA	NA	NA	NA	NA	NA	NA	NA	NA	NA	NA	NA	NA	NA	NA	NA	NA	NA	NA	NA	NA	NA	NA	NA
hsa-miR-6877-3p|MIMAT0027655	NA	NA	NA	NA	NA	NA	NA	NA	NA	NA	NA	NA	NA	NA	NA	NA	NA	NA	NA	NA	NA	NA	NA	NA	NA	NA	NA	NA	NA	NA	NA	NA	NA	NA	NA	NA	NA	NA	NA	NA	NA	NA	NA	NA	NA
hsa-miR-6817-3p|MIMAT0027535	NA	NA	NA	NA	NA	NA	NA	NA	NA	NA	NA	NA	NA	NA	NA	NA	NA	NA	NA	NA	NA	NA	NA	NA	NA	NA	NA	NA	NA	NA	NA	NA	NA	NA	NA	NA	NA	NA	NA	NA	NA	NA	NA	NA	NA
hsa-miR-6133|MIMAT0024617	NA	NA	NA	NA	NA	NA	NA	NA	NA	NA	NA	NA	NA	NA	NA	NA	NA	NA	NA	NA	NA	NA	NA	NA	NA	NA	NA	NA	NA	NA	NA	NA	NA	NA	NA	NA	NA	NA	NA	NA	NA	NA	NA	NA	NA
hsa-miR-8061|MIMAT0030988	NA	NA	NA	NA	NA	NA	NA	NA	NA	NA	NA	NA	NA	NA	NA	NA	NA	NA	NA	NA	NA	NA	NA	NA	NA	NA	NA	NA	NA	NA	NA	NA	NA	NA	NA	NA	NA	NA	NA	NA	NA	NA	NA	NA	NA
hsa-miR-6819-5p|MIMAT0027538	NA	NA	NA	NA	NA	NA	NA	NA	NA	NA	NA	NA	NA	NA	NA	NA	NA	NA	NA	NA	NA	NA	NA	NA	NA	NA	NA	NA	NA	NA	NA	NA	NA	NA	NA	NA	NA	NA	NA	NA	NA	NA	NA	NA	NA
hsa-miR-6819-3p|MIMAT0027539	NA	NA	NA	NA	NA	NA	NA	NA	NA	NA	NA	NA	NA	NA	NA	NA	NA	NA	NA	NA	NA	NA	NA	NA	NA	NA	NA	NA	NA	NA	NA	NA	NA	NA	NA	NA	NA	NA	NA	NA	NA	NA	NA	NA	NA
hsa-miR-6820-5p|MIMAT0027540	NA	NA	NA	NA	NA	NA	NA	NA	NA	NA	NA	NA	NA	NA	NA	NA	NA	NA	NA	NA	NA	NA	NA	NA	NA	NA	NA	NA	NA	NA	NA	NA	NA	NA	NA	NA	NA	NA	NA	NA	NA	NA	NA	NA	NA
hsa-miR-7111-5p|MIMAT0028119	NA	NA	NA	NA	NA	NA	NA	NA	NA	NA	NA	NA	NA	NA	NA	NA	NA	NA	NA	NA	NA	NA	NA	NA	NA	NA	NA	NA	NA	NA	NA	NA	NA	NA	NA	NA	NA	NA	NA	NA	NA	NA	NA	NA	NA
hsa-miR-7843-3p|MIMAT0030412	NA	NA	NA	NA	NA	NA	NA	NA	NA	NA	NA	NA	NA	NA	NA	NA	NA	NA	NA	NA	NA	NA	NA	NA	NA	NA	NA	NA	NA	NA	NA	NA	NA	NA	NA	NA	NA	NA	NA	NA	NA	NA	NA	NA	NA
hsa-miR-8067|MIMAT0030994	NA	NA	NA	NA	NA	NA	NA	NA	NA	NA	NA	NA	NA	NA	NA	NA	NA	NA	NA	NA	NA	NA	NA	NA	NA	NA	NA	NA	NA	NA	NA	NA	NA	NA	NA	NA	NA	NA	NA	NA	NA	NA	NA	NA	NA
hsa-miR-6882-3p|MIMAT0027665	NA	NA	NA	NA	NA	NA	NA	NA	NA	NA	NA	NA	NA	NA	NA	NA	NA	NA	NA	NA	NA	NA	NA	NA	NA	NA	NA	NA	NA	NA	NA	NA	NA	NA	NA	NA	NA	NA	NA	NA	NA	NA	NA	NA	NA
hsa-miR-6822-3p|MIMAT0027545	NA	NA	NA	NA	NA	NA	NA	NA	NA	NA	NA	NA	NA	NA	NA	NA	NA	NA	NA	NA	NA	NA	NA	NA	NA	NA	NA	NA	NA	NA	NA	NA	NA	NA	NA	NA	NA	NA	NA	NA	NA	NA	NA	NA	NA
hsa-miR-7113-3p|MIMAT0028124	NA	NA	NA	NA	NA	NA	NA	NA	NA	NA	NA	NA	NA	NA	NA	NA	NA	NA	NA	NA	NA	NA	NA	NA	NA	NA	NA	NA	NA	NA	NA	NA	NA	NA	NA	NA	NA	NA	NA	NA	NA	NA	NA	NA	NA
hsa-miR-6884-5p|MIMAT0027668	NA	NA	NA	NA	NA	NA	NA	NA	NA	NA	NA	NA	NA	NA	NA	NA	NA	NA	NA	NA	NA	NA	NA	NA	NA	NA	NA	NA	NA	NA	NA	NA	NA	NA	NA	NA	NA	NA	NA	NA	NA	NA	NA	NA	NA
hsa-miR-6824-5p|MIMAT0027548	NA	NA	NA	NA	NA	NA	NA	NA	NA	NA	NA	NA	NA	NA	NA	NA	NA	NA	NA	NA	NA	NA	NA	NA	NA	NA	NA	NA	NA	NA	NA	NA	NA	NA	NA	NA	NA	NA	NA	NA	NA	NA	NA	NA	NA
hsa-miR-6824-3p|MIMAT0027549	NA	NA	NA	NA	NA	NA	NA	NA	NA	NA	NA	NA	NA	NA	NA	NA	NA	NA	NA	NA	NA	NA	NA	NA	NA	NA	NA	NA	NA	NA	NA	NA	NA	NA	NA	NA	NA	NA	NA	NA	NA	NA	NA	NA	NA
hsa-miR-6502-5p|MIMAT0025460	NA	NA	NA	NA	NA	NA	NA	NA	NA	NA	NA	NA	NA	NA	NA	NA	NA	NA	NA	NA	NA	NA	NA	NA	NA	NA	NA	NA	NA	NA	NA	NA	NA	NA	NA	NA	NA	NA	NA	NA	NA	NA	NA	NA	NA
hsa-miR-8075|MIMAT0031002	NA	NA	NA	NA	NA	NA	NA	NA	NA	NA	NA	NA	NA	NA	NA	NA	NA	NA	NA	NA	NA	NA	NA	NA	NA	NA	NA	NA	NA	NA	NA	NA	NA	NA	NA	NA	NA	NA	NA	NA	NA	NA	NA	NA	NA
hsa-miR-6886-3p|MIMAT0027673	NA	NA	NA	NA	NA	NA	NA	NA	NA	NA	NA	NA	NA	NA	NA	NA	NA	NA	NA	NA	NA	NA	NA	NA	NA	NA	NA	NA	NA	NA	NA	NA	NA	NA	NA	NA	NA	NA	NA	NA	NA	NA	NA	NA	NA
hsa-miR-8077|MIMAT0031004	NA	NA	NA	NA	NA	NA	NA	NA	NA	NA	NA	NA	NA	NA	NA	NA	NA	NA	NA	NA	NA	NA	NA	NA	NA	NA	NA	NA	NA	NA	NA	NA	NA	NA	NA	NA	NA	NA	NA	NA	NA	NA	NA	NA	NA
hsa-miR-6827-5p|MIMAT0027554	NA	NA	NA	NA	NA	NA	NA	NA	NA	NA	NA	NA	NA	NA	NA	NA	NA	NA	NA	NA	NA	NA	NA	NA	NA	NA	NA	NA	NA	NA	NA	NA	NA	NA	NA	NA	NA	NA	NA	NA	NA	NA	NA	NA	NA
hsa-miR-6827-3p|MIMAT0027555	NA	NA	NA	NA	NA	NA	NA	NA	NA	NA	NA	NA	NA	NA	NA	NA	NA	NA	NA	NA	NA	NA	NA	NA	NA	NA	NA	NA	NA	NA	NA	NA	NA	NA	NA	NA	NA	NA	NA	NA	NA	NA	NA	NA	NA
hsa-miR-7153-3p|MIMAT0028217	NA	NA	NA	NA	NA	NA	NA	NA	NA	NA	NA	NA	NA	NA	NA	NA	NA	NA	NA	NA	NA	NA	NA	NA	NA	NA	NA	NA	NA	NA	NA	NA	NA	NA	NA	NA	NA	NA	NA	NA	NA	NA	NA	NA	NA
hsa-miR-548at-5p|MIMAT0022277	NA	NA	NA	NA	NA	NA	NA	NA	NA	NA	NA	NA	NA	NA	NA	NA	NA	NA	NA	NA	NA	NA	NA	NA	NA	NA	NA	NA	NA	NA	NA	NA	NA	NA	NA	NA	NA	NA	NA	NA	NA	NA	NA	NA	NA
hsa-miR-6829-5p|MIMAT0027558	NA	NA	NA	NA	NA	NA	NA	NA	NA	NA	NA	NA	NA	NA	NA	NA	NA	NA	NA	NA	NA	NA	NA	NA	NA	NA	NA	NA	NA	NA	NA	NA	NA	NA	NA	NA	NA	NA	NA	NA	NA	NA	NA	NA	NA
hsa-miR-6890-5p|MIMAT0027680	NA	NA	NA	NA	NA	NA	NA	NA	NA	NA	NA	NA	NA	NA	NA	NA	NA	NA	NA	NA	NA	NA	NA	NA	NA	NA	NA	NA	NA	NA	NA	NA	NA	NA	NA	NA	NA	NA	NA	NA	NA	NA	NA	NA	NA
hsa-miR-6830-5p|MIMAT0027560	NA	NA	NA	NA	NA	NA	NA	NA	NA	NA	NA	NA	NA	NA	NA	NA	NA	NA	NA	NA	NA	NA	NA	NA	NA	NA	NA	NA	NA	NA	NA	NA	NA	NA	NA	NA	NA	NA	NA	NA	NA	NA	NA	NA	NA
hsa-miR-8084|MIMAT0031011	NA	NA	NA	NA	NA	NA	NA	NA	NA	NA	NA	NA	NA	NA	NA	NA	NA	NA	NA	NA	NA	NA	NA	NA	NA	NA	NA	NA	NA	NA	NA	NA	NA	NA	NA	NA	NA	NA	NA	NA	NA	NA	NA	NA	NA
hsa-miR-5583-3p|MIMAT0022282	NA	NA	NA	NA	NA	NA	NA	NA	NA	NA	NA	NA	NA	NA	NA	NA	NA	NA	NA	NA	NA	NA	NA	NA	NA	NA	NA	NA	NA	NA	NA	NA	NA	NA	NA	NA	NA	NA	NA	NA	NA	NA	NA	NA	NA
hsa-miR-6892-5p|MIMAT0027684	NA	NA	NA	NA	NA	NA	NA	NA	NA	NA	NA	NA	NA	NA	NA	NA	NA	NA	NA	NA	NA	NA	NA	NA	NA	NA	NA	NA	NA	NA	NA	NA	NA	NA	NA	NA	NA	NA	NA	NA	NA	NA	NA	NA	NA
hsa-miR-6832-5p|MIMAT0027564	NA	NA	NA	NA	NA	NA	NA	NA	NA	NA	NA	NA	NA	NA	NA	NA	NA	NA	NA	NA	NA	NA	NA	NA	NA	NA	NA	NA	NA	NA	NA	NA	NA	NA	NA	NA	NA	NA	NA	NA	NA	NA	NA	NA	NA
hsa-miR-6730-3p|MIMAT0027362	NA	NA	NA	NA	NA	NA	NA	NA	NA	NA	NA	NA	NA	NA	NA	NA	NA	NA	NA	NA	NA	NA	NA	NA	NA	NA	NA	NA	NA	NA	NA	NA	NA	NA	NA	NA	NA	NA	NA	NA	NA	NA	NA	NA	NA
hsa-miR-6893-3p|MIMAT0027687	NA	NA	NA	NA	NA	NA	NA	NA	NA	NA	NA	NA	NA	NA	NA	NA	NA	NA	NA	NA	NA	NA	NA	NA	NA	NA	NA	NA	NA	NA	NA	NA	NA	NA	NA	NA	NA	NA	NA	NA	NA	NA	NA	NA	NA
hsa-miR-6894-5p|MIMAT0027688	NA	NA	NA	NA	NA	NA	NA	NA	NA	NA	NA	NA	NA	NA	NA	NA	NA	NA	NA	NA	NA	NA	NA	NA	NA	NA	NA	NA	NA	NA	NA	NA	NA	NA	NA	NA	NA	NA	NA	NA	NA	NA	NA	NA	NA
hsa-miR-6894-3p|MIMAT0027689	NA	NA	NA	NA	NA	NA	NA	NA	NA	NA	NA	NA	NA	NA	NA	NA	NA	NA	NA	NA	NA	NA	NA	NA	NA	NA	NA	NA	NA	NA	NA	NA	NA	NA	NA	NA	NA	NA	NA	NA	NA	NA	NA	NA	NA
hsa-miR-548bb-3p|MIMAT0035704	NA	NA	NA	NA	NA	NA	NA	NA	NA	NA	NA	NA	NA	NA	NA	NA	NA	NA	NA	NA	NA	NA	NA	NA	NA	NA	NA	NA	NA	NA	NA	NA	NA	NA	NA	NA	NA	NA	NA	NA	NA	NA	NA	NA	NA
hsa-miR-6895-3p|MIMAT0027691	NA	NA	NA	NA	NA	NA	NA	NA	NA	NA	NA	NA	NA	NA	NA	NA	NA	NA	NA	NA	NA	NA	NA	NA	NA	NA	NA	NA	NA	NA	NA	NA	NA	NA	NA	NA	NA	NA	NA	NA	NA	NA	NA	NA	NA
hsa-miR-8054|MIMAT0030981	NA	NA	NA	NA	NA	NA	NA	NA	NA	NA	NA	NA	NA	NA	NA	NA	NA	NA	NA	NA	NA	NA	NA	NA	NA	NA	NA	NA	NA	NA	NA	NA	NA	NA	NA	NA	NA	NA	NA	NA	NA	NA	NA	NA	NA
hsa-miR-7162-5p|MIMAT0028234	NA	NA	NA	NA	NA	NA	NA	NA	NA	NA	NA	NA	NA	NA	NA	NA	NA	NA	NA	NA	NA	NA	NA	NA	NA	NA	NA	NA	NA	NA	NA	NA	NA	NA	NA	NA	NA	NA	NA	NA	NA	NA	NA	NA	NA
hsa-miR-6775-3p|MIMAT0027451	NA	NA	NA	NA	NA	NA	NA	NA	NA	NA	NA	NA	NA	NA	NA	NA	NA	NA	NA	NA	NA	NA	NA	NA	NA	NA	NA	NA	NA	NA	NA	NA	NA	NA	NA	NA	NA	NA	NA	NA	NA	NA	NA	NA	NA
hsa-miR-7107-3p|MIMAT0028112	NA	NA	NA	NA	NA	NA	NA	NA	NA	NA	NA	NA	NA	NA	NA	NA	NA	NA	NA	NA	NA	NA	NA	NA	NA	NA	NA	NA	NA	NA	NA	NA	NA	NA	NA	NA	NA	NA	NA	NA	NA	NA	NA	NA	NA
hsa-miR-8058|MIMAT0030985	NA	NA	NA	NA	NA	NA	NA	NA	NA	NA	NA	NA	NA	NA	NA	NA	NA	NA	NA	NA	NA	NA	NA	NA	NA	NA	NA	NA	NA	NA	NA	NA	NA	NA	NA	NA	NA	NA	NA	NA	NA	NA	NA	NA	NA
hsa-miR-7702|MIMAT0030017	NA	NA	NA	NA	NA	NA	NA	NA	NA	NA	NA	NA	NA	NA	NA	NA	NA	NA	NA	NA	NA	NA	NA	NA	NA	NA	NA	NA	NA	NA	NA	NA	NA	NA	NA	NA	NA	NA	NA	NA	NA	NA	NA	NA	NA
hsa-miR-4770|MIMAT0019924	NA	NA	NA	NA	NA	NA	NA	NA	NA	NA	NA	NA	NA	NA	NA	NA	NA	NA	NA	NA	NA	NA	NA	NA	NA	NA	NA	NA	NA	NA	NA	NA	NA	NA	NA	NA	NA	NA	NA	NA	NA	NA	NA	NA	NA
hsa-miR-6838-5p|MIMAT0027578	NA	NA	NA	NA	NA	NA	NA	NA	NA	NA	NA	NA	NA	NA	NA	NA	NA	NA	NA	NA	NA	NA	NA	NA	NA	NA	NA	NA	NA	NA	NA	NA	NA	NA	NA	NA	NA	NA	NA	NA	NA	NA	NA	NA	NA
hsa-miR-6715b-3p|MIMAT0025843	NA	NA	NA	NA	NA	NA	NA	NA	NA	NA	NA	NA	NA	NA	NA	NA	NA	NA	NA	NA	NA	NA	NA	NA	NA	NA	NA	NA	NA	NA	NA	NA	NA	NA	NA	NA	NA	NA	NA	NA	NA	NA	NA	NA	NA
hsa-miR-7110-5p|MIMAT0028117	NA	NA	NA	NA	NA	NA	NA	NA	NA	NA	NA	NA	NA	NA	NA	NA	NA	NA	NA	NA	NA	NA	NA	NA	NA	NA	NA	NA	NA	NA	NA	NA	NA	NA	NA	NA	NA	NA	NA	NA	NA	NA	NA	NA	NA
hsa-miR-6769b-3p|MIMAT0027621	NA	NA	NA	NA	NA	NA	NA	NA	NA	NA	NA	NA	NA	NA	NA	NA	NA	NA	NA	NA	NA	NA	NA	NA	NA	NA	NA	NA	NA	NA	NA	NA	NA	NA	NA	NA	NA	NA	NA	NA	NA	NA	NA	NA	NA
hsa-miR-7843-5p|MIMAT0030411	NA	NA	NA	NA	NA	NA	NA	NA	NA	NA	NA	NA	NA	NA	NA	NA	NA	NA	NA	NA	NA	NA	NA	NA	NA	NA	NA	NA	NA	NA	NA	NA	NA	NA	NA	NA	NA	NA	NA	NA	NA	NA	NA	NA	NA
hsa-miR-6861-5p|MIMAT0027623	NA	NA	NA	NA	NA	NA	NA	NA	NA	NA	NA	NA	NA	NA	NA	NA	NA	NA	NA	NA	NA	NA	NA	NA	NA	NA	NA	NA	NA	NA	NA	NA	NA	NA	NA	NA	NA	NA	NA	NA	NA	NA	NA	NA	NA
hsa-miR-6740-5p|MIMAT0027381	NA	NA	NA	NA	NA	NA	NA	NA	NA	NA	NA	NA	NA	NA	NA	NA	NA	NA	NA	NA	NA	NA	NA	NA	NA	NA	NA	NA	NA	NA	NA	NA	NA	NA	NA	NA	NA	NA	NA	NA	NA	NA	NA	NA	NA
hsa-miR-5680|MIMAT0022468	NA	NA	NA	NA	NA	NA	NA	NA	NA	NA	NA	NA	NA	NA	NA	NA	NA	NA	NA	NA	NA	NA	NA	NA	NA	NA	NA	NA	NA	NA	NA	NA	NA	NA	NA	NA	NA	NA	NA	NA	NA	NA	NA	NA	NA
hsa-miR-6740-3p|MIMAT0027382	NA	NA	NA	NA	NA	NA	NA	NA	NA	NA	NA	NA	NA	NA	NA	NA	NA	NA	NA	NA	NA	NA	NA	NA	NA	NA	NA	NA	NA	NA	NA	NA	NA	NA	NA	NA	NA	NA	NA	NA	NA	NA	NA	NA	NA
hsa-miR-1273h-5p|MIMAT0030415	NA	NA	NA	NA	NA	NA	NA	NA	NA	NA	NA	NA	NA	NA	NA	NA	NA	NA	NA	NA	NA	NA	NA	NA	NA	NA	NA	NA	NA	NA	NA	NA	NA	NA	NA	NA	NA	NA	NA	NA	NA	NA	NA	NA	NA
hsa-miR-6864-5p|MIMAT0027628	NA	NA	NA	NA	NA	NA	NA	NA	NA	NA	NA	NA	NA	NA	NA	NA	NA	NA	NA	NA	NA	NA	NA	NA	NA	NA	NA	NA	NA	NA	NA	NA	NA	NA	NA	NA	NA	NA	NA	NA	NA	NA	NA	NA	NA
hsa-miR-5683|MIMAT0022472	NA	NA	NA	NA	NA	NA	NA	NA	NA	NA	NA	NA	NA	NA	NA	NA	NA	NA	NA	NA	NA	NA	NA	NA	NA	NA	NA	NA	NA	NA	NA	NA	NA	NA	NA	NA	NA	NA	NA	NA	NA	NA	NA	NA	NA
hsa-miR-6844|MIMAT0027589	NA	NA	NA	NA	NA	NA	NA	NA	NA	NA	NA	NA	NA	NA	NA	NA	NA	NA	NA	NA	NA	NA	NA	NA	NA	NA	NA	NA	NA	NA	NA	NA	NA	NA	NA	NA	NA	NA	NA	NA	NA	NA	NA	NA	NA
hsa-miR-6845-5p|MIMAT0027590	NA	NA	NA	NA	NA	NA	NA	NA	NA	NA	NA	NA	NA	NA	NA	NA	NA	NA	NA	NA	NA	NA	NA	NA	NA	NA	NA	NA	NA	NA	NA	NA	NA	NA	NA	NA	NA	NA	NA	NA	NA	NA	NA	NA	NA
hsa-miR-5685|MIMAT0022475	NA	NA	NA	NA	NA	NA	NA	NA	NA	NA	NA	NA	NA	NA	NA	NA	NA	NA	NA	NA	NA	NA	NA	NA	NA	NA	NA	NA	NA	NA	NA	NA	NA	NA	NA	NA	NA	NA	NA	NA	NA	NA	NA	NA	NA
hsa-miR-4802-5p|MIMAT0019981	NA	NA	NA	NA	NA	NA	NA	NA	NA	NA	NA	NA	NA	NA	NA	NA	NA	NA	NA	NA	NA	NA	NA	NA	NA	NA	NA	NA	NA	NA	NA	NA	NA	NA	NA	NA	NA	NA	NA	NA	NA	NA	NA	NA	NA
hsa-miR-7153-5p|MIMAT0028216	NA	NA	NA	NA	NA	NA	NA	NA	NA	NA	NA	NA	NA	NA	NA	NA	NA	NA	NA	NA	NA	NA	NA	NA	NA	NA	NA	NA	NA	NA	NA	NA	NA	NA	NA	NA	NA	NA	NA	NA	NA	NA	NA	NA	NA
hsa-miR-892c-3p|MIMAT0025858	NA	NA	NA	NA	NA	NA	NA	NA	NA	NA	NA	NA	NA	NA	NA	NA	NA	NA	NA	NA	NA	NA	NA	NA	NA	NA	NA	NA	NA	NA	NA	NA	NA	NA	NA	NA	NA	NA	NA	NA	NA	NA	NA	NA	NA
hsa-miR-7851-3p|MIMAT0030426	NA	NA	NA	NA	NA	NA	NA	NA	NA	NA	NA	NA	NA	NA	NA	NA	NA	NA	NA	NA	NA	NA	NA	NA	NA	NA	NA	NA	NA	NA	NA	NA	NA	NA	NA	NA	NA	NA	NA	NA	NA	NA	NA	NA	NA
hsa-miR-7852-3p|MIMAT0030427	NA	NA	NA	NA	NA	NA	NA	NA	NA	NA	NA	NA	NA	NA	NA	NA	NA	NA	NA	NA	NA	NA	NA	NA	NA	NA	NA	NA	NA	NA	NA	NA	NA	NA	NA	NA	NA	NA	NA	NA	NA	NA	NA	NA	NA
hsa-miR-7853-5p|MIMAT0030428	NA	NA	NA	NA	NA	NA	NA	NA	NA	NA	NA	NA	NA	NA	NA	NA	NA	NA	NA	NA	NA	NA	NA	NA	NA	NA	NA	NA	NA	NA	NA	NA	NA	NA	NA	NA	NA	NA	NA	NA	NA	NA	NA	NA	NA
hsa-miR-4739|MIMAT0019868	NA	NA	NA	NA	NA	NA	NA	NA	NA	NA	NA	NA	NA	NA	NA	NA	NA	NA	NA	NA	NA	NA	NA	NA	NA	NA	NA	NA	NA	NA	NA	NA	NA	NA	NA	NA	NA	NA	NA	NA	NA	NA	NA	NA	NA
hsa-miR-6850-5p|MIMAT0027600	NA	NA	NA	NA	NA	NA	NA	NA	NA	NA	NA	NA	NA	NA	NA	NA	NA	NA	NA	NA	NA	NA	NA	NA	NA	NA	NA	NA	NA	NA	NA	NA	NA	NA	NA	NA	NA	NA	NA	NA	NA	NA	NA	NA	NA
hsa-miR-6769a-5p|MIMAT0027438	NA	NA	NA	NA	NA	NA	NA	NA	NA	NA	NA	NA	NA	NA	NA	NA	NA	NA	NA	NA	NA	NA	NA	NA	NA	NA	NA	NA	NA	NA	NA	NA	NA	NA	NA	NA	NA	NA	NA	NA	NA	NA	NA	NA	NA
hsa-miR-7157-5p|MIMAT0028224	NA	NA	NA	NA	NA	NA	NA	NA	NA	NA	NA	NA	NA	NA	NA	NA	NA	NA	NA	NA	NA	NA	NA	NA	NA	NA	NA	NA	NA	NA	NA	NA	NA	NA	NA	NA	NA	NA	NA	NA	NA	NA	NA	NA	NA
hsa-miR-548ba|MIMAT0031175	NA	NA	NA	NA	NA	NA	NA	NA	NA	NA	NA	NA	NA	NA	NA	NA	NA	NA	NA	NA	NA	NA	NA	NA	NA	NA	NA	NA	NA	NA	NA	NA	NA	NA	NA	NA	NA	NA	NA	NA	NA	NA	NA	NA	NA
hsa-miR-7158-5p|MIMAT0028226	NA	NA	NA	NA	NA	NA	NA	NA	NA	NA	NA	NA	NA	NA	NA	NA	NA	NA	NA	NA	NA	NA	NA	NA	NA	NA	NA	NA	NA	NA	NA	NA	NA	NA	NA	NA	NA	NA	NA	NA	NA	NA	NA	NA	NA
hsa-miR-6872-5p|MIMAT0027644	NA	NA	NA	NA	NA	NA	NA	NA	NA	NA	NA	NA	NA	NA	NA	NA	NA	NA	NA	NA	NA	NA	NA	NA	NA	NA	NA	NA	NA	NA	NA	NA	NA	NA	NA	NA	NA	NA	NA	NA	NA	NA	NA	NA	NA
hsa-miR-7158-3p|MIMAT0028227	NA	NA	NA	NA	NA	NA	NA	NA	NA	NA	NA	NA	NA	NA	NA	NA	NA	NA	NA	NA	NA	NA	NA	NA	NA	NA	NA	NA	NA	NA	NA	NA	NA	NA	NA	NA	NA	NA	NA	NA	NA	NA	NA	NA	NA
hsa-miR-7161-3p|MIMAT0028233	NA	NA	NA	NA	NA	NA	NA	NA	NA	NA	NA	NA	NA	NA	NA	NA	NA	NA	NA	NA	NA	NA	NA	NA	NA	NA	NA	NA	NA	NA	NA	NA	NA	NA	NA	NA	NA	NA	NA	NA	NA	NA	NA	NA	NA
hsa-miR-7978|MIMAT0031181	NA	NA	NA	NA	NA	NA	NA	NA	NA	NA	NA	NA	NA	NA	NA	NA	NA	NA	NA	NA	NA	NA	NA	NA	NA	NA	NA	NA	NA	NA	NA	NA	NA	NA	NA	NA	NA	NA	NA	NA	NA	NA	NA	NA	NA
hsa-miR-6732-3p|MIMAT0027366	NA	NA	NA	NA	NA	NA	NA	NA	NA	NA	NA	NA	NA	NA	NA	NA	NA	NA	NA	NA	NA	NA	NA	NA	NA	NA	NA	NA	NA	NA	NA	NA	NA	NA	NA	NA	NA	NA	NA	NA	NA	NA	NA	NA	NA
hsa-miR-6733-5p|MIMAT0027367	NA	NA	NA	NA	NA	NA	NA	NA	NA	NA	NA	NA	NA	NA	NA	NA	NA	NA	NA	NA	NA	NA	NA	NA	NA	NA	NA	NA	NA	NA	NA	NA	NA	NA	NA	NA	NA	NA	NA	NA	NA	NA	NA	NA	NA
hsa-miR-6834-3p|MIMAT0027569	NA	NA	NA	NA	NA	NA	NA	NA	NA	NA	NA	NA	NA	NA	NA	NA	NA	NA	NA	NA	NA	NA	NA	NA	NA	NA	NA	NA	NA	NA	NA	NA	NA	NA	NA	NA	NA	NA	NA	NA	NA	NA	NA	NA	NA
hsa-miR-4433b-3p|MIMAT0030414	NA	NA	NA	NA	NA	NA	NA	NA	NA	NA	NA	NA	NA	NA	NA	NA	NA	NA	NA	NA	NA	NA	NA	NA	NA	NA	NA	NA	NA	NA	NA	NA	NA	NA	NA	NA	NA	NA	NA	NA	NA	NA	NA	NA	NA
hsa-miR-7162-3p|MIMAT0028235	NA	NA	NA	NA	NA	NA	NA	NA	NA	NA	NA	NA	NA	NA	NA	NA	NA	NA	NA	NA	NA	NA	NA	NA	NA	NA	NA	NA	NA	NA	NA	NA	NA	NA	NA	NA	NA	NA	NA	NA	NA	NA	NA	NA	NA
hsa-miR-8057|MIMAT0030984	NA	NA	NA	NA	NA	NA	NA	NA	NA	NA	NA	NA	NA	NA	NA	NA	NA	NA	NA	NA	NA	NA	NA	NA	NA	NA	NA	NA	NA	NA	NA	NA	NA	NA	NA	NA	NA	NA	NA	NA	NA	NA	NA	NA	NA
hsa-miR-6841-3p|MIMAT0027585	NA	NA	NA	NA	NA	NA	NA	NA	NA	NA	NA	NA	NA	NA	NA	NA	NA	NA	NA	NA	NA	NA	NA	NA	NA	NA	NA	NA	NA	NA	NA	NA	NA	NA	NA	NA	NA	NA	NA	NA	NA	NA	NA	NA	NA
hsa-miR-8059|MIMAT0030986	NA	NA	NA	NA	NA	NA	NA	NA	NA	NA	NA	NA	NA	NA	NA	NA	NA	NA	NA	NA	NA	NA	NA	NA	NA	NA	NA	NA	NA	NA	NA	NA	NA	NA	NA	NA	NA	NA	NA	NA	NA	NA	NA	NA	NA
hsa-miR-6743-5p|MIMAT0027387	NA	NA	NA	NA	NA	NA	NA	NA	NA	NA	NA	NA	NA	NA	NA	NA	NA	NA	NA	NA	NA	NA	NA	NA	NA	NA	NA	NA	NA	NA	NA	NA	NA	NA	NA	NA	NA	NA	NA	NA	NA	NA	NA	NA	NA
hsa-miR-5707|MIMAT0022501	NA	NA	NA	NA	NA	NA	NA	NA	NA	NA	NA	NA	NA	NA	NA	NA	NA	NA	NA	NA	NA	NA	NA	NA	NA	NA	NA	NA	NA	NA	NA	NA	NA	NA	NA	NA	NA	NA	NA	NA	NA	NA	NA	NA	NA
hsa-miR-6859-5p|MIMAT0027618	NA	NA	NA	NA	NA	NA	NA	NA	NA	NA	NA	NA	NA	NA	NA	NA	NA	NA	NA	NA	NA	NA	NA	NA	NA	NA	NA	NA	NA	NA	NA	NA	NA	NA	NA	NA	NA	NA	NA	NA	NA	NA	NA	NA	NA
hsa-miR-7705|MIMAT0030020	NA	NA	NA	NA	NA	NA	NA	NA	NA	NA	NA	NA	NA	NA	NA	NA	NA	NA	NA	NA	NA	NA	NA	NA	NA	NA	NA	NA	NA	NA	NA	NA	NA	NA	NA	NA	NA	NA	NA	NA	NA	NA	NA	NA	NA
hsa-miR-8064|MIMAT0030991	NA	NA	NA	NA	NA	NA	NA	NA	NA	NA	NA	NA	NA	NA	NA	NA	NA	NA	NA	NA	NA	NA	NA	NA	NA	NA	NA	NA	NA	NA	NA	NA	NA	NA	NA	NA	NA	NA	NA	NA	NA	NA	NA	NA	NA
hsa-miR-8063|MIMAT0030990	NA	NA	NA	NA	NA	NA	NA	NA	NA	NA	NA	NA	NA	NA	NA	NA	NA	NA	NA	NA	NA	NA	NA	NA	NA	NA	NA	NA	NA	NA	NA	NA	NA	NA	NA	NA	NA	NA	NA	NA	NA	NA	NA	NA	NA
hsa-miR-7706|MIMAT0030021	NA	NA	NA	NA	NA	NA	NA	NA	NA	NA	NA	NA	NA	NA	NA	NA	NA	NA	NA	NA	NA	NA	NA	NA	NA	NA	NA	NA	NA	NA	NA	NA	NA	NA	NA	NA	NA	NA	NA	NA	NA	NA	NA	NA	NA
hsa-miR-6821-5p|MIMAT0027542	NA	NA	NA	NA	NA	NA	NA	NA	NA	NA	NA	NA	NA	NA	NA	NA	NA	NA	NA	NA	NA	NA	NA	NA	NA	NA	NA	NA	NA	NA	NA	NA	NA	NA	NA	NA	NA	NA	NA	NA	NA	NA	NA	NA	NA
hsa-miR-8081|MIMAT0031008	NA	NA	NA	NA	NA	NA	NA	NA	NA	NA	NA	NA	NA	NA	NA	NA	NA	NA	NA	NA	NA	NA	NA	NA	NA	NA	NA	NA	NA	NA	NA	NA	NA	NA	NA	NA	NA	NA	NA	NA	NA	NA	NA	NA	NA
hsa-miR-6883-5p|MIMAT0027666	NA	NA	NA	NA	NA	NA	NA	NA	NA	NA	NA	NA	NA	NA	NA	NA	NA	NA	NA	NA	NA	NA	NA	NA	NA	NA	NA	NA	NA	NA	NA	NA	NA	NA	NA	NA	NA	NA	NA	NA	NA	NA	NA	NA	NA
hsa-miR-6782-5p|MIMAT0027464	NA	NA	NA	NA	NA	NA	NA	NA	NA	NA	NA	NA	NA	NA	NA	NA	NA	NA	NA	NA	NA	NA	NA	NA	NA	NA	NA	NA	NA	NA	NA	NA	NA	NA	NA	NA	NA	NA	NA	NA	NA	NA	NA	NA	NA
hsa-miR-6727-3p|MIMAT0027356	NA	NA	NA	NA	NA	NA	NA	NA	NA	NA	NA	NA	NA	NA	NA	NA	NA	NA	NA	NA	NA	NA	NA	NA	NA	NA	NA	NA	NA	NA	NA	NA	NA	NA	NA	NA	NA	NA	NA	NA	NA	NA	NA	NA	NA
hsa-miR-6516-5p|MIMAT0030417	NA	NA	NA	NA	NA	NA	NA	NA	NA	NA	NA	NA	NA	NA	NA	NA	NA	NA	NA	NA	NA	NA	NA	NA	NA	NA	NA	NA	NA	NA	NA	NA	NA	NA	NA	NA	NA	NA	NA	NA	NA	NA	NA	NA	NA
hsa-miR-6770-5p|MIMAT0027440	NA	NA	NA	NA	NA	NA	NA	NA	NA	NA	NA	NA	NA	NA	NA	NA	NA	NA	NA	NA	NA	NA	NA	NA	NA	NA	NA	NA	NA	NA	NA	NA	NA	NA	NA	NA	NA	NA	NA	NA	NA	NA	NA	NA	NA
hsa-miR-7845-5p|MIMAT0030420	NA	NA	NA	NA	NA	NA	NA	NA	NA	NA	NA	NA	NA	NA	NA	NA	NA	NA	NA	NA	NA	NA	NA	NA	NA	NA	NA	NA	NA	NA	NA	NA	NA	NA	NA	NA	NA	NA	NA	NA	NA	NA	NA	NA	NA
hsa-miR-6866-5p|MIMAT0027632	NA	NA	NA	NA	NA	NA	NA	NA	NA	NA	NA	NA	NA	NA	NA	NA	NA	NA	NA	NA	NA	NA	NA	NA	NA	NA	NA	NA	NA	NA	NA	NA	NA	NA	NA	NA	NA	NA	NA	NA	NA	NA	NA	NA	NA
hsa-miR-7847-3p|MIMAT0030422	NA	NA	NA	NA	NA	NA	NA	NA	NA	NA	NA	NA	NA	NA	NA	NA	NA	NA	NA	NA	NA	NA	NA	NA	NA	NA	NA	NA	NA	NA	NA	NA	NA	NA	NA	NA	NA	NA	NA	NA	NA	NA	NA	NA	NA
hsa-miR-6745|MIMAT0027391	NA	NA	NA	NA	NA	NA	NA	NA	NA	NA	NA	NA	NA	NA	NA	NA	NA	NA	NA	NA	NA	NA	NA	NA	NA	NA	NA	NA	NA	NA	NA	NA	NA	NA	NA	NA	NA	NA	NA	NA	NA	NA	NA	NA	NA
hsa-miR-6746-5p|MIMAT0027392	NA	NA	NA	NA	NA	NA	NA	NA	NA	NA	NA	NA	NA	NA	NA	NA	NA	NA	NA	NA	NA	NA	NA	NA	NA	NA	NA	NA	NA	NA	NA	NA	NA	NA	NA	NA	NA	NA	NA	NA	NA	NA	NA	NA	NA
hsa-miR-8078|MIMAT0031005	NA	NA	NA	NA	NA	NA	NA	NA	NA	NA	NA	NA	NA	NA	NA	NA	NA	NA	NA	NA	NA	NA	NA	NA	NA	NA	NA	NA	NA	NA	NA	NA	NA	NA	NA	NA	NA	NA	NA	NA	NA	NA	NA	NA	NA
hsa-miR-6867-3p|MIMAT0027635	NA	NA	NA	NA	NA	NA	NA	NA	NA	NA	NA	NA	NA	NA	NA	NA	NA	NA	NA	NA	NA	NA	NA	NA	NA	NA	NA	NA	NA	NA	NA	NA	NA	NA	NA	NA	NA	NA	NA	NA	NA	NA	NA	NA	NA
hsa-miR-7159-3p|MIMAT0028229	NA	NA	NA	NA	NA	NA	NA	NA	NA	NA	NA	NA	NA	NA	NA	NA	NA	NA	NA	NA	NA	NA	NA	NA	NA	NA	NA	NA	NA	NA	NA	NA	NA	NA	NA	NA	NA	NA	NA	NA	NA	NA	NA	NA	NA
hsa-miR-6869-3p|MIMAT0027639	NA	NA	NA	NA	NA	NA	NA	NA	NA	NA	NA	NA	NA	NA	NA	NA	NA	NA	NA	NA	NA	NA	NA	NA	NA	NA	NA	NA	NA	NA	NA	NA	NA	NA	NA	NA	NA	NA	NA	NA	NA	NA	NA	NA	NA
hsa-miR-7854-3p|MIMAT0030429	NA	NA	NA	NA	NA	NA	NA	NA	NA	NA	NA	NA	NA	NA	NA	NA	NA	NA	NA	NA	NA	NA	NA	NA	NA	NA	NA	NA	NA	NA	NA	NA	NA	NA	NA	NA	NA	NA	NA	NA	NA	NA	NA	NA	NA
hsa-miR-6795-3p|MIMAT0027491	NA	NA	NA	NA	NA	NA	NA	NA	NA	NA	NA	NA	NA	NA	NA	NA	NA	NA	NA	NA	NA	NA	NA	NA	NA	NA	NA	NA	NA	NA	NA	NA	NA	NA	NA	NA	NA	NA	NA	NA	NA	NA	NA	NA	NA
hsa-miR-6749-3p|MIMAT0027399	NA	NA	NA	NA	NA	NA	NA	NA	NA	NA	NA	NA	NA	NA	NA	NA	NA	NA	NA	NA	NA	NA	NA	NA	NA	NA	NA	NA	NA	NA	NA	NA	NA	NA	NA	NA	NA	NA	NA	NA	NA	NA	NA	NA	NA
hsa-miR-6884-3p|MIMAT0027669	NA	NA	NA	NA	NA	NA	NA	NA	NA	NA	NA	NA	NA	NA	NA	NA	NA	NA	NA	NA	NA	NA	NA	NA	NA	NA	NA	NA	NA	NA	NA	NA	NA	NA	NA	NA	NA	NA	NA	NA	NA	NA	NA	NA	NA
hsa-miR-6750-3p|MIMAT0027401	NA	NA	NA	NA	NA	NA	NA	NA	NA	NA	NA	NA	NA	NA	NA	NA	NA	NA	NA	NA	NA	NA	NA	NA	NA	NA	NA	NA	NA	NA	NA	NA	NA	NA	NA	NA	NA	NA	NA	NA	NA	NA	NA	NA	NA
hsa-miR-7157-3p|MIMAT0028225	NA	NA	NA	NA	NA	NA	NA	NA	NA	NA	NA	NA	NA	NA	NA	NA	NA	NA	NA	NA	NA	NA	NA	NA	NA	NA	NA	NA	NA	NA	NA	NA	NA	NA	NA	NA	NA	NA	NA	NA	NA	NA	NA	NA	NA
hsa-miR-7975|MIMAT0031178	NA	NA	NA	NA	NA	NA	NA	NA	NA	NA	NA	NA	NA	NA	NA	NA	NA	NA	NA	NA	NA	NA	NA	NA	NA	NA	NA	NA	NA	NA	NA	NA	NA	NA	NA	NA	NA	NA	NA	NA	NA	NA	NA	NA	NA
hsa-miR-7977|MIMAT0031180	NA	NA	NA	NA	NA	NA	NA	NA	NA	NA	NA	NA	NA	NA	NA	NA	NA	NA	NA	NA	NA	NA	NA	NA	NA	NA	NA	NA	NA	NA	NA	NA	NA	NA	NA	NA	NA	NA	NA	NA	NA	NA	NA	NA	NA
hsa-miR-6751-3p|MIMAT0027403	NA	NA	NA	NA	NA	NA	NA	NA	NA	NA	NA	NA	NA	NA	NA	NA	NA	NA	NA	NA	NA	NA	NA	NA	NA	NA	NA	NA	NA	NA	NA	NA	NA	NA	NA	NA	NA	NA	NA	NA	NA	NA	NA	NA	NA
hsa-miR-6874-3p|MIMAT0027649	NA	NA	NA	NA	NA	NA	NA	NA	NA	NA	NA	NA	NA	NA	NA	NA	NA	NA	NA	NA	NA	NA	NA	NA	NA	NA	NA	NA	NA	NA	NA	NA	NA	NA	NA	NA	NA	NA	NA	NA	NA	NA	NA	NA	NA
hsa-miR-8052|MIMAT0030979	NA	NA	NA	NA	NA	NA	NA	NA	NA	NA	NA	NA	NA	NA	NA	NA	NA	NA	NA	NA	NA	NA	NA	NA	NA	NA	NA	NA	NA	NA	NA	NA	NA	NA	NA	NA	NA	NA	NA	NA	NA	NA	NA	NA	NA
hsa-miR-6739-3p|MIMAT0027380	NA	NA	NA	NA	NA	NA	NA	NA	NA	NA	NA	NA	NA	NA	NA	NA	NA	NA	NA	NA	NA	NA	NA	NA	NA	NA	NA	NA	NA	NA	NA	NA	NA	NA	NA	NA	NA	NA	NA	NA	NA	NA	NA	NA	NA
hsa-miR-4433b-5p|MIMAT0030413	NA	NA	NA	NA	NA	NA	NA	NA	NA	NA	NA	NA	NA	NA	NA	NA	NA	NA	NA	NA	NA	NA	NA	NA	NA	NA	NA	NA	NA	NA	NA	NA	NA	NA	NA	NA	NA	NA	NA	NA	NA	NA	NA	NA	NA
hsa-miR-6718-5p|MIMAT0025849	NA	NA	NA	NA	NA	NA	NA	NA	NA	NA	NA	NA	NA	NA	NA	NA	NA	NA	NA	NA	NA	NA	NA	NA	NA	NA	NA	NA	NA	NA	NA	NA	NA	NA	NA	NA	NA	NA	NA	NA	NA	NA	NA	NA	NA
hsa-miR-8069|MIMAT0030996	NA	NA	NA	NA	NA	NA	NA	NA	NA	NA	NA	NA	NA	NA	NA	NA	NA	NA	NA	NA	NA	NA	NA	NA	NA	NA	NA	NA	NA	NA	NA	NA	NA	NA	NA	NA	NA	NA	NA	NA	NA	NA	NA	NA	NA
hsa-miR-6828-3p|MIMAT0027557	NA	NA	NA	NA	NA	NA	NA	NA	NA	NA	NA	NA	NA	NA	NA	NA	NA	NA	NA	NA	NA	NA	NA	NA	NA	NA	NA	NA	NA	NA	NA	NA	NA	NA	NA	NA	NA	NA	NA	NA	NA	NA	NA	NA	NA
hsa-miR-6880-5p|MIMAT0027660	NA	NA	NA	NA	NA	NA	NA	NA	NA	NA	NA	NA	NA	NA	NA	NA	NA	NA	NA	NA	NA	NA	NA	NA	NA	NA	NA	NA	NA	NA	NA	NA	NA	NA	NA	NA	NA	NA	NA	NA	NA	NA	NA	NA	NA
hsa-miR-4713-5p|MIMAT0019820	NA	NA	NA	NA	NA	NA	NA	NA	NA	NA	NA	NA	NA	NA	NA	NA	NA	NA	NA	NA	NA	NA	NA	NA	NA	NA	NA	NA	NA	NA	NA	NA	NA	NA	NA	NA	NA	NA	NA	NA	NA	NA	NA	NA	NA
hsa-miR-6878-3p|MIMAT0027657	NA	NA	NA	NA	NA	NA	NA	NA	NA	NA	NA	NA	NA	NA	NA	NA	NA	NA	NA	NA	NA	NA	NA	NA	NA	NA	NA	NA	NA	NA	NA	NA	NA	NA	NA	NA	NA	NA	NA	NA	NA	NA	NA	NA	NA
hsa-miR-6879-3p|MIMAT0027659	NA	NA	NA	NA	NA	NA	NA	NA	NA	NA	NA	NA	NA	NA	NA	NA	NA	NA	NA	NA	NA	NA	NA	NA	NA	NA	NA	NA	NA	NA	NA	NA	NA	NA	NA	NA	NA	NA	NA	NA	NA	NA	NA	NA	NA
hsa-miR-7159-5p|MIMAT0028228	NA	NA	NA	NA	NA	NA	NA	NA	NA	NA	NA	NA	NA	NA	NA	NA	NA	NA	NA	NA	NA	NA	NA	NA	NA	NA	NA	NA	NA	NA	NA	NA	NA	NA	NA	NA	NA	NA	NA	NA	NA	NA	NA	NA	NA
hsa-miR-6758-3p|MIMAT0027417	NA	NA	NA	NA	NA	NA	NA	NA	NA	NA	NA	NA	NA	NA	NA	NA	NA	NA	NA	NA	NA	NA	NA	NA	NA	NA	NA	NA	NA	NA	NA	NA	NA	NA	NA	NA	NA	NA	NA	NA	NA	NA	NA	NA	NA
hsa-miR-6766-5p|MIMAT0027432	NA	NA	NA	NA	NA	NA	NA	NA	NA	NA	NA	NA	NA	NA	NA	NA	NA	NA	NA	NA	NA	NA	NA	NA	NA	NA	NA	NA	NA	NA	NA	NA	NA	NA	NA	NA	NA	NA	NA	NA	NA	NA	NA	NA	NA
hsa-miR-6738-5p|MIMAT0027377	NA	NA	NA	NA	NA	NA	NA	NA	NA	NA	NA	NA	NA	NA	NA	NA	NA	NA	NA	NA	NA	NA	NA	NA	NA	NA	NA	NA	NA	NA	NA	NA	NA	NA	NA	NA	NA	NA	NA	NA	NA	NA	NA	NA	NA
hsa-miR-6885-5p|MIMAT0027670	NA	NA	NA	NA	NA	NA	NA	NA	NA	NA	NA	NA	NA	NA	NA	NA	NA	NA	NA	NA	NA	NA	NA	NA	NA	NA	NA	NA	NA	NA	NA	NA	NA	NA	NA	NA	NA	NA	NA	NA	NA	NA	NA	NA	NA
hsa-miR-7850-5p|MIMAT0030425	NA	NA	NA	NA	NA	NA	NA	NA	NA	NA	NA	NA	NA	NA	NA	NA	NA	NA	NA	NA	NA	NA	NA	NA	NA	NA	NA	NA	NA	NA	NA	NA	NA	NA	NA	NA	NA	NA	NA	NA	NA	NA	NA	NA	NA
hsa-miR-8082|MIMAT0031009	NA	NA	NA	NA	NA	NA	NA	NA	NA	NA	NA	NA	NA	NA	NA	NA	NA	NA	NA	NA	NA	NA	NA	NA	NA	NA	NA	NA	NA	NA	NA	NA	NA	NA	NA	NA	NA	NA	NA	NA	NA	NA	NA	NA	NA
hsa-miR-6748-5p|MIMAT0027396	NA	NA	NA	NA	NA	NA	NA	NA	NA	NA	NA	NA	NA	NA	NA	NA	NA	NA	NA	NA	NA	NA	NA	NA	NA	NA	NA	NA	NA	NA	NA	NA	NA	NA	NA	NA	NA	NA	NA	NA	NA	NA	NA	NA	NA
hsa-miR-7849-3p|MIMAT0030424	NA	NA	NA	NA	NA	NA	NA	NA	NA	NA	NA	NA	NA	NA	NA	NA	NA	NA	NA	NA	NA	NA	NA	NA	NA	NA	NA	NA	NA	NA	NA	NA	NA	NA	NA	NA	NA	NA	NA	NA	NA	NA	NA	NA	NA
hsa-miR-7152-5p|MIMAT0028214	NA	NA	NA	NA	NA	NA	NA	NA	NA	NA	NA	NA	NA	NA	NA	NA	NA	NA	NA	NA	NA	NA	NA	NA	NA	NA	NA	NA	NA	NA	NA	NA	NA	NA	NA	NA	NA	NA	NA	NA	NA	NA	NA	NA	NA
hsa-miR-6516-3p|MIMAT0030418	NA	NA	NA	NA	NA	NA	NA	NA	NA	NA	NA	NA	NA	NA	NA	NA	NA	NA	NA	NA	NA	NA	NA	NA	NA	NA	NA	NA	NA	NA	NA	NA	NA	NA	NA	NA	NA	NA	NA	NA	NA	NA	NA	NA	NA
hsa-miR-6831-5p|MIMAT0027562	NA	NA	NA	NA	NA	NA	NA	NA	NA	NA	NA	NA	NA	NA	NA	NA	NA	NA	NA	NA	NA	NA	NA	NA	NA	NA	NA	NA	NA	NA	NA	NA	NA	NA	NA	NA	NA	NA	NA	NA	NA	NA	NA	NA	NA
hsa-miR-6868-3p|MIMAT0027637	NA	NA	NA	NA	NA	NA	NA	NA	NA	NA	NA	NA	NA	NA	NA	NA	NA	NA	NA	NA	NA	NA	NA	NA	NA	NA	NA	NA	NA	NA	NA	NA	NA	NA	NA	NA	NA	NA	NA	NA	NA	NA	NA	NA	NA
hsa-miR-6785-3p|MIMAT0027471	NA	NA	NA	NA	NA	NA	NA	NA	NA	NA	NA	NA	NA	NA	NA	NA	NA	NA	NA	NA	NA	NA	NA	NA	NA	NA	NA	NA	NA	NA	NA	NA	NA	NA	NA	NA	NA	NA	NA	NA	NA	NA	NA	NA	NA
hsa-miR-6846-5p|MIMAT0027592	NA	NA	NA	NA	NA	NA	NA	NA	NA	NA	NA	NA	NA	NA	NA	NA	NA	NA	NA	NA	NA	NA	NA	NA	NA	NA	NA	NA	NA	NA	NA	NA	NA	NA	NA	NA	NA	NA	NA	NA	NA	NA	NA	NA	NA
hsa-miR-8060|MIMAT0030987	NA	NA	NA	NA	NA	NA	NA	NA	NA	NA	NA	NA	NA	NA	NA	NA	NA	NA	NA	NA	NA	NA	NA	NA	NA	NA	NA	NA	NA	NA	NA	NA	NA	NA	NA	NA	NA	NA	NA	NA	NA	NA	NA	NA	NA
hsa-miR-7150|MIMAT0028211	NA	NA	NA	NA	NA	NA	NA	NA	NA	NA	NA	NA	NA	NA	NA	NA	NA	NA	NA	NA	NA	NA	NA	NA	NA	NA	NA	NA	NA	NA	NA	NA	NA	NA	NA	NA	NA	NA	NA	NA	NA	NA	NA	NA	NA
hsa-miR-8086|MIMAT0031013	NA	NA	NA	NA	NA	NA	NA	NA	NA	NA	NA	NA	NA	NA	NA	NA	NA	NA	NA	NA	NA	NA	NA	NA	NA	NA	NA	NA	NA	NA	NA	NA	NA	NA	NA	NA	NA	NA	NA	NA	NA	NA	NA	NA	NA
hsa-miR-6813-3p|MIMAT0027527	NA	NA	NA	NA	NA	NA	NA	NA	NA	NA	NA	NA	NA	NA	NA	NA	NA	NA	NA	NA	NA	NA	NA	NA	NA	NA	NA	NA	NA	NA	NA	NA	NA	NA	NA	NA	NA	NA	NA	NA	NA	NA	NA	NA	NA
hsa-miR-7109-3p|MIMAT0028116	NA	NA	NA	NA	NA	NA	NA	NA	NA	NA	NA	NA	NA	NA	NA	NA	NA	NA	NA	NA	NA	NA	NA	NA	NA	NA	NA	NA	NA	NA	NA	NA	NA	NA	NA	NA	NA	NA	NA	NA	NA	NA	NA	NA	NA
hsa-miR-6757-5p|MIMAT0027414	NA	NA	NA	NA	NA	NA	NA	NA	NA	NA	NA	NA	NA	NA	NA	NA	NA	NA	NA	NA	NA	NA	NA	NA	NA	NA	NA	NA	NA	NA	NA	NA	NA	NA	NA	NA	NA	NA	NA	NA	NA	NA	NA	NA	NA
hsa-miR-7976|MIMAT0031179	NA	NA	NA	NA	NA	NA	NA	NA	NA	NA	NA	NA	NA	NA	NA	NA	NA	NA	NA	NA	NA	NA	NA	NA	NA	NA	NA	NA	NA	NA	NA	NA	NA	NA	NA	NA	NA	NA	NA	NA	NA	NA	NA	NA	NA
hsa-miR-6791-3p|MIMAT0027483	NA	NA	NA	NA	NA	NA	NA	NA	NA	NA	NA	NA	NA	NA	NA	NA	NA	NA	NA	NA	NA	NA	NA	NA	NA	NA	NA	NA	NA	NA	NA	NA	NA	NA	NA	NA	NA	NA	NA	NA	NA	NA	NA	NA	NA
hsa-miR-6753-5p|MIMAT0027406	NA	NA	NA	NA	NA	NA	NA	NA	NA	NA	NA	NA	NA	NA	NA	NA	NA	NA	NA	NA	NA	NA	NA	NA	NA	NA	NA	NA	NA	NA	NA	NA	NA	NA	NA	NA	NA	NA	NA	NA	NA	NA	NA	NA	NA
hsa-miR-6744-5p|MIMAT0027389	NA	NA	NA	NA	NA	NA	NA	NA	NA	NA	NA	NA	NA	NA	NA	NA	NA	NA	NA	NA	NA	NA	NA	NA	NA	NA	NA	NA	NA	NA	NA	NA	NA	NA	NA	NA	NA	NA	NA	NA	NA	NA	NA	NA	NA
hsa-miR-7113-5p|MIMAT0028123	NA	NA	NA	NA	NA	NA	NA	NA	NA	NA	NA	NA	NA	NA	NA	NA	NA	NA	NA	NA	NA	NA	NA	NA	NA	NA	NA	NA	NA	NA	NA	NA	NA	NA	NA	NA	NA	NA	NA	NA	NA	NA	NA	NA	NA
hsa-miR-6741-3p|MIMAT0027384	NA	NA	NA	NA	NA	NA	NA	NA	NA	NA	NA	NA	NA	NA	NA	NA	NA	NA	NA	NA	NA	NA	NA	NA	NA	NA	NA	NA	NA	NA	NA	NA	NA	NA	NA	NA	NA	NA	NA	NA	NA	NA	NA	NA	NA
hsa-miR-6715b-5p|MIMAT0025842	NA	NA	NA	NA	NA	NA	NA	NA	NA	NA	NA	NA	NA	NA	NA	NA	NA	NA	NA	NA	NA	NA	NA	NA	NA	NA	NA	NA	NA	NA	NA	NA	NA	NA	NA	NA	NA	NA	NA	NA	NA	NA	NA	NA	NA
hsa-miR-7974|MIMAT0031177	NA	NA	NA	NA	NA	NA	NA	NA	NA	NA	NA	NA	NA	NA	NA	NA	NA	NA	NA	NA	NA	NA	NA	NA	NA	NA	NA	NA	NA	NA	NA	NA	NA	NA	NA	NA	NA	NA	NA	NA	NA	NA	NA	NA	NA
hsa-miR-6846-3p|MIMAT0027593	NA	NA	NA	NA	NA	NA	NA	NA	NA	NA	NA	NA	NA	NA	NA	NA	NA	NA	NA	NA	NA	NA	NA	NA	NA	NA	NA	NA	NA	NA	NA	NA	NA	NA	NA	NA	NA	NA	NA	NA	NA	NA	NA	NA	NA
hsa-miR-7704|MIMAT0030019	NA	NA	NA	NA	NA	NA	NA	NA	NA	NA	NA	NA	NA	NA	NA	NA	NA	NA	NA	NA	NA	NA	NA	NA	NA	NA	NA	NA	NA	NA	NA	NA	NA	NA	NA	NA	NA	NA	NA	NA	NA	NA	NA	NA	NA
